crop,farm_area,temperature,humidity,rainfall,soil_moisture,location,irrigation_amount,irrigation_decision
tomato,9.580022098375109,28.369304168724113,83.68450123265755,3.0533264473289403,47.55493351795203,"Malda, West Bengal",399.44211705326995,1
cotton,7.571907487136069,24.586906017759976,76.64164819840737,0.0,76.313162540945,"Kolkata, India",495.86906017759975,1
wheat,9.578523237744974,28.20981135783017,55.86719755342202,5.442229925539415,56.71117368334277,"Kolkata, India",100.3571832278405,1
wheat,48.70089818265223,25.744780159571118,73.3613288350523,0.0,42.94771947602976,"Kolkata, India",398.0247839097224,1
tomato,2.7992954296398875,19.245032112888488,63.75698018345672,31.73687793506931,77.93792198447356,"Punjab, India",0.0,0
wheat,15.578381574081849,27.45517000631091,48.6444025972536,0.0,27.32229409068673,"Haryana, India",468.81490386421564,1
cotton,45.51135990289971,32.11272456051594,52.791563500289776,9.341108959092287,52.80261676059678,"Maharashtra, India",116.62165202113817,1
cotton,38.86907475637517,29.692332899977053,56.7136828118997,4.181346946312674,22.713637334632285,"Haryana, India",514.4376311865052,1
cotton,13.931777072807847,23.696806145201062,80.57122226218915,9.82407083207746,28.45545349848576,"Malda, West Bengal",125.02798336778898,1
cotton,1.2740021336890996,15.621616138967415,46.332178611137024,2.1417988375711494,31.93054424532831,"Punjab, India",392.8380771312334,1
maize,38.67788216095431,26.964170549477128,58.7652260501504,21.885295716582227,57.39788760965347,"Maharashtra, India",36.47970336874471,0
wheat,3.64613833915817,19.46832512996986,48.037933759193294,0.0,58.253448281312785,"Punjab, India",311.27827590978904,1
maize,23.87463879551649,29.80818012523817,58.54880245394876,0.0,53.67663185416978,"Maharashtra, India",641.0129344144541,1
maize,35.67781303944648,24.247330708701085,50.344423281050254,24.61093840942367,48.52221339092671,"Punjab, India",53.89817661921461,0
cotton,45.42454045934161,24.327917731632475,60.049461291856645,0.0,33.72788992949735,"Kolkata, India",598.2100668699233,1
maize,8.480453719073218,32.57701058851037,68.28751109659684,0.0,31.194203533162153,"Maharashtra, India",815.7877977735899,1
maize,6.543353757683331,29.620416257629387,52.44235363041058,0.0,58.86140723248174,"Haryana, India",607.6655240339984,1
rice,17.952158388541367,22.64847522719463,69.93356780368477,0.0,49.08979828153899,"Kolkata, India",691.3424101556634,1
rice,13.835910523026813,24.669696898847857,59.86212508491754,10.16676197331698,44.23017026348245,"Maharashtra, India",241.29581997805462,1
rice,48.1411410996345,25.9072459774418,38.26495378009777,0.0,37.090429662648056,"Haryana, India",811.9272227903614,1
rice,30.673434532004894,24.70408848781761,65.03937304431403,25.888609510893403,34.37371344001835,"Maharashtra, India",208.94171381417243,1
wheat,24.72791163373937,31.714114072575104,77.51933032686775,15.027489284923162,42.06698796315519,"Malda, West Bengal",98.342700905198,0
tomato,31.85972068266429,21.596795907351154,55.76894948584572,0.0,39.24680389830415,"Haryana, India",516.8883621311505,1
cotton,29.74920068781797,20.246682844669337,65.68562974806028,0.0,30.461985740299486,"Maharashtra, India",563.4932033313577,1
rice,41.96665024241273,31.846038234763114,63.733169690894265,9.796815233359066,61.74706396070493,"Haryana, India",248.60930326586276,1
tomato,49.117332994807064,17.447352107374847,56.18978491895985,0.0,77.92516107732762,"Haryana, India",382.02616896637363,1
cotton,44.19049898787232,22.993013772141367,61.533856431352035,0.0,70.79966853429835,"Malda, West Bengal",479.9301377214137,1
tomato,32.28056648463725,26.131441347494373,68.47401432576639,3.0699690143594935,59.81010614648335,"Punjab, India",319.06295489166126,1
cotton,8.459998545166183,35.328872555723784,59.73832920911788,0.0,33.45615856763359,"Haryana, India",733.2602919706334,1
rice,12.243829831091604,32.79297789503702,66.7931768164829,0.0,70.95340462965068,"Kolkata, India",693.5157347404443,1
rice,27.355741412467516,36.36672579008741,61.469746504572164,10.91283162937848,78.73357149650055,"Punjab, India",190.75912801212485,1
maize,22.00252109276622,34.5017257399827,51.56476235932567,0.0,71.8500539043142,"Maharashtra, India",654.5189831398097,1
tomato,25.210072304295238,33.39924387599277,73.9677428127113,54.122333989821364,48.19667083945657,"Malda, West Bengal",150.77051959360062,1
cotton,37.51207930792199,27.361976028593126,68.41590805948717,0.0,54.3375481502503,"Maharashtra, India",527.0884890736003,1
tomato,4.229639672303346,20.25240477410571,54.03102668437248,8.641319712349922,42.361212025642956,"Punjab, India",57.22523000625006,0
wheat,46.535833323136174,20.261400135875,68.89602828146592,0.0,37.71743530513632,"Haryana, India",371.58611627311103,1
wheat,42.50915484877138,27.093197345863008,52.71820750636667,0.0,37.79060861886791,"Punjab, India",427.4068369204066,1
wheat,13.182243707925673,24.335244324781385,66.95346472546973,11.885776341980907,31.656437210722537,"Maharashtra, India",75.96293642686123,1
tomato,17.230760264151023,24.13587392731214,62.63181393259991,0.0,22.156536427804525,"Maharashtra, India",620.6308859345148,1
rice,27.36090941802504,29.43130095187257,38.87284128810349,2.380634992827894,69.3560336395795,"Haryana, India",538.3500929931076,1
maize,16.669236468904025,24.293572791800162,82.76823004425603,0.0,47.435909696823714,"Kolkata, India",610.3554797012625,1
cotton,20.86201830030559,23.17245317096331,79.22313761664064,36.912380843470466,62.87570625079712,"Kolkata, India",0.0,0
maize,20.24163462151733,32.96490897129732,55.66058400989948,4.037499222681896,24.85237799703186,"Punjab, India",659.8451956457335,1
rice,20.74317074850636,25.328764544248163,71.82153093489417,9.967906483133145,62.87575536200374,"Kolkata, India",148.5763820872811,1
cotton,32.09439439524584,36.67320624003704,72.26848821980786,15.094789474825559,22.862967661498928,"Malda, West Bengal",314.9314447358821,1
wheat,38.01338246798627,30.219097140731144,72.74634053429337,0.0,25.87004963906009,"Maharashtra, India",499.13074909309717,1
cotton,9.073492560545752,17.025192142211754,61.9980715840656,0.0,58.10561905205863,"Kolkata, India",420.25192142211756,1
wheat,19.043324424010326,27.29254451153422,98.47996928450323,0.0,59.5216178971367,"Kolkata, India",366.04781158073956,1
tomato,1.8123098718102797,29.235813483935218,56.26094827824029,0.0,43.29019557239131,"Haryana, India",581.8896646552961,1
tomato,23.183518079330074,28.434242563829855,60.70972415639746,0.0,77.67143382943485,"Punjab, India",480.90818307446875,1
wheat,10.191661172070173,25.567836169738197,67.0759826128572,20.635260400972772,21.39631614414955,"Maharashtra, India",122.92344378272992,1
wheat,14.451811351283297,29.785077429825236,58.070904047393455,0.0,72.64832081162318,"Maharashtra, India",383.4955420087766,1
tomato,40.272306054050006,20.855024945389637,54.39818959803031,0.0,68.41008435603584,"Punjab, India",412.6952245085067,1
rice,20.92457500711561,34.388324478942124,59.0842861116417,28.701379243993266,71.5047651105807,"Maharashtra, India",112.65989374730543,1
rice,37.12548364214504,22.86571065230923,56.579926959466434,0.0,49.79367144098466,"Malda, West Bengal",690.4513609658692,1
rice,44.828399810561926,27.62083176244221,68.69856945632316,0.0,54.40627328739717,"Malda, West Bengal",729.9165655365114,1
cotton,15.013933199054195,32.02461460889287,58.03339530786478,0.0,67.4947426235509,"Malda, West Bengal",570.2461460889286,1
rice,46.580990731520984,35.06833287939454,74.04582895117525,0.0,61.281800610502344,"Malda, West Bengal",783.662518917208,1
wheat,43.410000912886645,25.70791132091282,86.83482320141002,7.052604745655,73.5138145266066,"Kolkata, India",4.955379246389782,0
wheat,25.909645350273447,28.227534506406922,55.38243343964278,0.0,72.82159811830502,"Malda, West Bengal",372.5927415448485,1
rice,29.798492571653576,31.632519437183866,50.45609871427005,0.0,42.67925540733527,"Punjab, India",865.259345148097,1
maize,45.36454206218943,25.904918960486555,44.97470635362191,8.323543695829262,23.378196540910242,"Haryana, India",348.84221687379033,1
tomato,41.22812241789631,30.200855796392126,81.33342025069074,7.111971809048374,48.66289345281366,"Malda, West Bengal",209.95292279865947,1
rice,11.567994006712906,25.348263322594395,69.83504306358465,0.0,24.427793884123933,"Punjab, India",879.5169319167738,1
maize,48.4804755131454,39.378806487836016,69.06226685049928,0.0,47.27246388606639,"Maharashtra, India",798.2990656662424,1
cotton,45.10732151930395,38.94901466608836,56.91701714644849,4.084041614360645,47.82190429639893,"Maharashtra, India",481.19128068526857,1
wheat,29.390977536618166,17.436467414678905,78.62476458805303,0.0,61.083870353232754,"Kolkata, India",297.05527190275234,1
cotton,45.5908956324452,29.709815082647324,84.76658625429629,28.99018361547118,71.9638333700245,"Malda, West Bengal",47.09815082647333,0
cotton,1.8051652376139742,31.897200603606436,65.30824347895295,0.0,29.02501346621169,"Malda, West Bengal",716.7624079849573,1
cotton,19.354097403235563,25.42730077373691,67.37816311973462,0.0,36.40442431584238,"Haryana, India",598.0454765459496,1
tomato,26.95014061395842,26.597687894343572,61.93278061849386,0.0,63.56725064431088,"Punjab, India",464.3791910490921,1
wheat,19.20360218915143,22.30190615285324,48.50752721666291,0.0,36.483907821554524,"Haryana, India",392.4225948879413,1
tomato,33.74918387808991,17.32942914632189,72.7767682189851,13.134412835191021,51.2184620542276,"Punjab, India",0.0,0
maize,15.734973368666946,25.183706942698183,90.39257791210892,0.0,67.08009583665857,"Maharashtra, India",552.02077636968,1
wheat,11.041725994691081,33.292122434247936,47.41260513576886,7.753195628284312,74.2495216696249,"Maharashtra, India",58.044857039735575,0
tomato,25.942479713410634,22.566427519786252,73.34445640864135,0.0,71.74182252480472,"Punjab, India",428.0978476780763,1
cotton,7.7801373059873775,25.926408706825317,77.96405429696327,8.145869673706976,78.80195451712862,"Malda, West Bengal",101.97060338290441,1
cotton,16.773204709231656,19.477652497475734,61.69672548830039,3.3797521971241586,27.682750337466345,"Haryana, India",397.2896288862452,1
maize,9.503064177757668,30.736840158059007,72.09307691968957,13.012890836523805,30.33919227209779,"Kolkata, India",244.95720866043973,1
wheat,2.5229965051907035,25.348711908137794,57.07127167737656,2.9288590786036757,27.23815226603605,"Maharashtra, India",303.8421585784265,1
rice,10.713519061086728,27.287370015121486,52.17197509959202,0.0,22.358728390465934,"Kolkata, India",926.372855778091,1
rice,34.54534349625611,18.869734979009486,60.41665267125383,0.0,20.155701463018794,"Punjab, India",788.8355597919533,1
tomato,4.683591880193756,25.89064212880532,60.35635459850456,0.0,75.44250554644599,"Punjab, India",458.01577915924787,1
wheat,18.761225158703734,35.22483856750642,72.50963960443622,4.909366218823973,62.800975153073146,"Kolkata, India",176.10555903134633,1
maize,5.805014561318915,34.618937050969045,50.43252943136521,5.136746118785439,42.63704978627736,"Kolkata, India",512.838671560602,1
wheat,42.11514430095759,25.37632972964594,51.24991332541924,6.199599490037792,48.43819648583337,"Punjab, India",65.79350402718848,0
wheat,32.616730594433015,40.0,58.759832711114214,0.0,53.46453595702624,"Maharashtra, India",461.9863613955306,1
rice,6.815224988380406,22.621908733076214,61.172002690356635,0.0,54.246698280134716,"Kolkata, India",661.487180406679,1
maize,16.85224982340524,22.914547958565624,57.41157958447805,0.0,71.04905107016877,"Malda, West Bengal",527.0600275442218,1
rice,26.463313783727607,29.352284128899193,64.49761890550863,7.072579937424305,78.16822599652212,"Maharashtra, India",298.5984126755751,1
tomato,24.79206457330983,29.07925810244545,65.66755926918826,0.0,52.102203922694635,"Punjab, India",537.3207817205163,1
wheat,42.00983665577993,23.451535249257738,71.38623649837643,0.0,51.790401390867004,"Maharashtra, India",350.0464453550504,1
rice,38.50508532142052,26.064757689770474,46.24301258332758,0.0,39.23853152957086,"Haryana, India",801.2763243121233,1
maize,18.776908834739857,35.3352200087569,40.5506070962925,0.0,32.10382773981415,"Punjab, India",848.8308060755803,1
wheat,13.10471241080631,32.53164552414221,82.71638149301336,0.0,48.2945713130095,"Kolkata, India",429.72572291051017,1
maize,42.611009270814506,22.20129012635864,75.0502511466082,0.0,79.45576858744343,"Punjab, India",519.2141913899451,1
wheat,19.27181495570812,27.917559115438678,78.53157623222666,17.21035544681491,69.67645323064951,"Kolkata, India",20.42291380807069,0
cotton,8.600969171852373,28.972260711891483,70.79015519179737,0.0,51.38392548614716,"Kolkata, India",559.2393787604441,1
tomato,43.92142677024886,31.006069610819722,55.91924626978449,0.0,42.61666576549445,"Punjab, India",604.2774926083397,1
maize,15.418204771125033,26.092091895947757,86.76437312275283,24.983398495505835,43.033473282392684,"Malda, West Bengal",107.36709849864042,1
cotton,27.37104087536374,18.663240868154453,57.35208613044549,0.0,61.62305644420031,"Maharashtra, India",436.6324086815445,1
tomato,25.0234695069963,28.397904622165434,85.83030793956536,0.0,65.14418720232936,"Malda, West Bengal",480.58114159948894,1
cotton,39.03931098301218,24.23937639848163,65.74678765838155,0.0,49.63888922785176,"Malda, West Bengal",518.7915391071925,1
wheat,5.594343521835178,13.775985461463453,66.7580873004408,0.0,56.23747232435075,"Punjab, India",271.43189823024414,1
cotton,24.574695358782584,33.071256313062065,65.26411219022891,11.124050439600671,53.93050083937843,"Malda, West Bengal",86.92327911892676,0
wheat,30.15195355647766,22.111072292538232,58.19738412806092,0.0,37.27577698854357,"Maharashtra, India",388.2280066612932,1
maize,45.63669423772675,31.33924518331591,65.63485982503263,0.0,26.132759853511978,"Kolkata, India",829.6177191089503,1
tomato,46.16371936827613,22.04762772277344,74.71468357135996,0.0,56.40290278297135,"Malda, West Bengal",449.2455059100299,1
maize,5.66022481956457,24.35363146472091,65.29718553270557,4.061891915499059,70.24944734014952,"Malda, West Bengal",339.7953503369771,1
rice,29.768134069373996,25.059565868427235,63.66599142108456,18.238079110661786,20.277921380276172,"Maharashtra, India",299.4026707946289,1
rice,20.209350332751693,32.11585291980957,65.73317967188405,6.261064859584953,64.25007488658491,"Maharashtra, India",411.7464173077954,1
rice,2.1259101770501982,27.045442543058286,68.12974151816852,0.0,29.930799045678427,"Maharashtra, India",874.7956260384274,1
cotton,18.43849800627334,34.244780474726724,71.26565029547757,12.89268197035989,30.682158012185084,"Punjab, India",236.51832576598588,1
tomato,7.858805023779091,21.004447145873673,58.35464341950304,0.0,50.13170061987455,"Punjab, India",465.24973407342213,1
rice,20.167246715151094,32.74852313655347,66.70382658193591,8.315476523618031,57.49855922306314,"Malda, West Bengal",363.8412204914032,1
cotton,3.752577651703442,26.725113912895722,80.0399298858269,0.0,46.44576481629369,"Maharashtra, India",561.4980180604482,1
wheat,8.18439217357027,29.449211320842338,62.45178731627635,0.0,42.398558976785175,"Maharashtra, India",429.1741760113073,1
wheat,32.37797739033128,26.19054514383498,64.30410177086989,14.586832598530455,59.53543651460908,"Maharashtra, India",8.333816006844927,0
rice,11.487622015680998,28.608360320216175,48.70948228782771,3.099360586013728,67.99496512239136,"Punjab, India",501.230690402721,1
maize,32.8109323386678,26.246592360606062,62.70783948446408,14.810948130970319,71.34178808637714,"Maharashtra, India",13.712515966666615,0
maize,47.24828141607504,25.62095217199004,64.42468748566658,2.9093727136576284,57.99444649465763,"Kolkata, India",422.5293712969624,1
rice,1.813344091754076,27.63066511121059,57.488864236146966,24.318630208218273,69.04661370430645,"Malda, West Bengal",37.58926391655882,0
tomato,13.341459954848977,34.5788325414108,47.46892953061784,11.785622455470875,44.56469913147443,"Maharashtra, India",182.3802787050106,1
rice,43.12286698874872,24.22483836176638,57.574732345826575,0.0,79.12203873450409,"Haryana, India",590.6980603411965,1
rice,1.6122307618458112,27.539008844460295,37.89831607343375,0.0,35.47326112599214,"Haryana, India",848.148182822148,1
maize,7.047672450703854,28.48653489424911,81.22799831463922,0.0,69.35503255470044,"Kolkata, India",588.3518838367403,1
cotton,29.03756553795555,28.041263778572358,37.9741639576216,0.0,69.7845082224321,"Haryana, India",530.4126377857235,1
cotton,7.430917663692226,21.50600045878768,45.90366102510028,0.0,35.04383963369587,"Haryana, India",557.868124902975,1
cotton,24.966555581844435,30.9308909116206,62.57138130093971,0.0,66.25468262385623,"Punjab, India",559.308909116206,1
wheat,47.952045277004416,25.87497048314812,87.07592170430262,0.0,63.291971667314336,"Kolkata, India",356.12479338203684,1
maize,20.134143966076685,17.22606579712383,53.76106021259441,0.0,29.720832673495075,"Haryana, India",605.1294360675853,1
tomato,42.397188541070584,25.59938705101853,87.98468861734833,6.3315520641738114,44.76761303640514,"Maharashtra, India",219.56919226831963,1
cotton,30.115159884273652,24.01524282112725,64.24229172778547,2.0234213127516223,78.06196329242519,"Maharashtra, India",388.9813625736914,1
wheat,18.368207898531328,20.403260554312972,72.73754780991324,0.0,72.37675015258449,"Kolkata, India",317.8228238801908,1
cotton,33.10977665218051,29.16961077274452,64.59180079228437,8.722176661712414,33.27256650917613,"Punjab, India",223.28393617068667,1
wheat,47.230937314487356,29.092423673192698,61.33847654246,13.954104568928853,37.840940442353045,"Punjab, India",93.61922407215388,0
wheat,47.24119121111498,33.64534718767571,64.19584226291008,0.0,39.146028394595334,"Maharashtra, India",475.60074715090565,1
wheat,32.683283846939794,29.511273366945957,39.88081996796228,0.0,73.09990139139686,"Punjab, India",381.5789135686217,1
maize,36.37595519067369,25.065641779193204,50.60268941725825,0.0,67.44338989033781,"Haryana, India",550.7220595711252,1
rice,31.48162313363195,27.335251329346296,78.89630795623437,2.247034137441552,72.2059324340558,"Malda, West Bengal",515.671309080078,1
maize,26.682388134346994,23.41355774949814,84.0934744018558,0.0,57.65032779310221,"Malda, West Bengal",545.0622942633935,1
tomato,38.52953398629365,16.590898374333854,42.414010000058525,0.0,34.32662874609814,"Punjab, India",479.77610923051174,1
maize,18.05379680321844,20.969420534582518,59.49088042171813,2.430047809373473,21.072436084004828,"Malda, West Bengal",581.0037665762685,1
rice,19.885691956747625,21.757240719703148,68.01857332040166,0.0,78.9398309048049,"Punjab, India",561.0868886364377,1
maize,49.464653035761266,25.514502162983383,70.54318886454237,20.190838137810434,33.83415174830114,"Malda, West Bengal",151.05255158455827,1
maize,6.456768720732299,25.358942369524446,64.9886003272143,33.52860183881198,69.57234174763795,"Malda, West Bengal",3.9483660647689476,0
cotton,31.674007188309577,26.482726317693874,55.00163088676456,0.0,51.50189005161609,"Malda, West Bengal",532.8364868871238,1
maize,26.00477225357893,26.848264447354257,54.96987396816161,0.0,47.802844892937195,"Haryana, India",639.8950545054996,1
cotton,27.080233933223973,33.737526006650306,87.95877673095522,22.993248112914237,35.93600255532236,"Malda, West Bengal",199.35246463624992,1
tomato,44.49302995351437,28.71749551394671,80.83609653905471,0.0,25.21920559468461,"Malda, West Bengal",663.6942411856713,1
tomato,36.30929562758495,23.795456009760727,64.9172192544995,13.49670127597249,24.56785156941801,"Maharashtra, India",155.74158729686258,1
rice,25.00975308719173,38.63466212936811,49.69131227079679,0.0,40.86855247413158,"Haryana, India",986.0683240301839,1
wheat,43.29239757521375,28.78680750645148,82.31320579909178,0.0,34.717131935320076,"Maharashtra, India",452.8742029643187,1
maize,8.439805213838568,22.1555186712914,57.574856491430594,0.0,26.35004562971504,"Maharashtra, India",693.2566210597738,1
maize,8.350952712007148,25.148383157013516,66.66441012720733,0.0,29.645593762898493,"Kolkata, India",719.0768981201476,1
tomato,41.690641808908225,24.871431762153335,55.034147511784106,0.0,57.01561510254453,"Haryana, India",473.4591573047551,1
rice,31.774769587325085,28.766521345388245,46.49751588057175,0.0,66.79072370906862,"Punjab, India",665.9044508086122,1
maize,21.895918802679358,24.244296530895806,66.07388428338713,16.012002400078124,67.32841891224466,"Haryana, India",0.0,0
tomato,3.8579344257060093,32.36815874929886,64.73484700588939,10.726817290949638,40.752983417177404,"Kolkata, India",178.5961957119198,1
wheat,42.69452563033306,38.10200981841056,57.60125723536613,0.0,43.01673562433731,"Maharashtra, India",494.6458333691513,1
cotton,41.164890896668325,33.6830238585228,60.430326764225754,2.010300101239815,29.53629699660539,"Maharashtra, India",635.7439426106918,1
wheat,47.243029930412575,32.49329867082168,71.07679869726606,20.322512974621468,66.36936680100827,"Malda, West Bengal",52.45309069575177,0
tomato,14.026346586411362,31.251005889793305,64.00824136220618,0.0,58.31155685984513,"Maharashtra, India",527.4634255852721,1
maize,22.393788737855058,19.417070978730763,48.28656990269028,0.0,64.75022072185786,"Punjab, India",488.58778076603835,1
maize,32.75750785610631,29.752513776413124,56.57024171697371,0.0,78.09160567488331,"Punjab, India",602.2776515405444,1
rice,5.012642275106488,24.206722520657067,48.13358482634953,0.0,21.07171354869916,"Punjab, India",879.3927440263309,1
cotton,2.11004588481697,27.98260584850735,82.09003757588512,0.0,48.891341090753,"Kolkata, India",562.1913252102341,1
rice,12.753227802367071,19.566146086498318,78.16426073049084,12.541729091717489,39.555527837124494,"Kolkata, India",97.60888831042473,0
wheat,49.22539466644375,27.40501012134553,53.22103357019427,0.0,43.73270503279812,"Maharashtra, India",408.1674603251667,1
maize,37.97443374675556,30.699240517648438,78.46013544671268,3.084680105813095,54.254270110649855,"Malda, West Bengal",493.6612474196771,1
tomato,17.62782009841956,27.31251366624738,67.19525993674657,0.0,24.950512066425276,"Kolkata, India",647.6003520579412,1
cotton,18.211166870949434,30.16058050634189,65.21233352138746,0.0,22.4710097167563,"Kolkata, India",731.0376037943067,1
tomato,47.60172373058868,33.508481042667306,73.83145000872274,0.0,37.93015318023883,"Punjab, India",655.955326902777,1
tomato,31.452580680590415,28.590334719225456,68.07986637140105,0.0,59.64920709795504,"Haryana, India",496.06275759824933,1
tomato,39.29971139423367,23.10149544263186,54.758951218474984,7.773344695893047,63.4895935924435,"Haryana, India",44.24622418903442,0
tomato,8.397461665602822,25.3982634590284,79.24165946401916,0.0,40.213747506266415,"Kolkata, India",554.671329353681,1
cotton,33.10603488729337,40.0,69.0337109337678,0.0,33.70728447987793,"Malda, West Bengal",788.4026508807935,1
rice,32.69112147417338,31.06758986365208,54.77207434801595,2.311321165236195,35.46097331067282,"Maharashtra, India",789.6274180268467,1
tomato,43.47948901771483,29.664395421643107,68.73158548619149,0.0,40.75609955281777,"Punjab, India",598.955104279613,1
tomato,25.489821653704382,31.76146730518605,100.0,0.0,21.763666745390438,"Kolkata, India",718.956070081496,1
wheat,43.7344502850422,26.136863500295902,83.83659937486672,10.973471219409092,74.74180073700145,"Kolkata, India",7.9580445020713455,0
tomato,31.336845886392396,34.884017464394645,72.77016095757288,14.5816490912711,74.54195123993847,"Maharashtra, India",88.95615717955184,0
wheat,18.956007540852255,13.950791035085498,78.78568868094916,7.747694574395674,25.84360355321313,"Kolkata, India",2.1520666190418183,1
cotton,33.29975331091186,26.341084041388477,52.86383444259236,0.0,43.942756768226666,"Punjab, India",570.1799258167396,1
maize,0.9470050044127374,34.58382740157194,85.37611560074042,4.705337583357924,34.08044229569306,"Malda, West Bengal",590.037732033031,1
wheat,22.380206502251447,25.043483924539846,45.47814778596556,0.0,28.745394094685103,"Maharashtra, India",442.27542387152175,1
cotton,29.600276369964153,20.517491162595853,59.87404499161184,0.0,41.4039231824001,"Kolkata, India",517.0608422650664,1
tomato,39.19862132732896,23.661436139295716,87.91143786862627,0.0,53.48841497563177,"Malda, West Bengal",477.419425479603,1
maize,2.19229441398833,19.81329177276477,76.29248971893585,2.927246677686331,26.19853742744094,"Malda, West Bengal",513.2069041232264,1
maize,7.842988447623399,31.58163837351241,78.46488475897992,9.24836068697771,49.33079481541521,"Kolkata, India",226.3849098033188,1
tomato,6.724204834429117,27.319281506670713,76.2058993389071,4.086849373718593,63.84976849225258,"Kolkata, India",266.53106487410673,1
cotton,48.18566822460975,30.02596337390474,57.810274774638735,0.0,42.45780602838756,"Malda, West Bengal",619.2742643500828,1
wheat,31.083438389960087,27.005495233574837,65.50654396007612,28.72905507299173,61.37160506189367,"Haryana, India",14.038466635023894,0
rice,11.175920043687,19.552034508526738,76.31125852281872,0.0,26.395581818479442,"Punjab, India",767.7442793280011,1
tomato,49.970979425648,31.02571286639009,52.4761995653555,0.0,54.02097565920007,"Haryana, India",546.9853202769418,1
rice,43.98652028441672,19.576073025897692,55.662777472597774,0.0,68.47075651647552,"Maharashtra, India",543.092996614288,1
wheat,39.99177561850241,32.44878264187687,67.38600075044877,9.86335628344283,20.345519629887296,"Malda, West Bengal",191.5015182176237,1
rice,30.68667437218538,16.902222255114157,85.71400910373721,0.0,55.7891284991253,"Kolkata, India",574.2827185895923,1
rice,11.749846549525998,28.848468961760098,57.99884126794992,0.0,57.16942076057687,"Maharashtra, India",729.0904732933786,1
rice,27.347001416497047,19.84663316292368,66.7097097156822,0.0,43.66191942910101,"Maharashtra, India",679.9005064645203,1
wheat,47.79842294976927,25.73657155999518,78.9208452970087,0.0,23.61604341737365,"Kolkata, India",466.6180060492805,1
cotton,17.905323018361905,25.83156736545642,60.496518168982654,5.3529499259166196,38.43739789557719,"Malda, West Bengal",324.85847982055503,1
tomato,29.256136636508487,29.271246020674642,60.20588141181905,39.60385709902895,69.39044093573962,"Maharashtra, India",38.44121418607182,0
maize,9.481198210933535,36.233132504152366,77.22282717458285,10.377388725681469,35.393767022081825,"Kolkata, India",320.4338609417423,1
tomato,24.435509512636273,28.119570670323306,88.64140429973844,12.028059835743523,77.08420053239942,"Kolkata, India",28.076136032909687,0
cotton,11.789948711472157,29.498185505629788,62.03624080736158,20.317149821689238,74.00138740388067,"Kolkata, India",44.981855056297945,0
rice,13.154427391558979,31.349252493505197,45.87051926975991,0.0,60.285480171836866,"Haryana, India",741.8797416001016,1
rice,38.449478692420094,24.775998790968494,43.724956622594036,4.68187446572691,72.15557747906315,"Haryana, India",363.21826220527646,1
rice,5.2378704982480055,26.219057359895547,68.52997998371511,0.0,52.8018447628442,"Malda, West Bengal",720.3334842678992,1
wheat,19.849846797322975,24.558589758243727,85.79709337654319,0.0,28.18638515340399,"Punjab, India",439.92927397596645,1
cotton,20.51377902116246,34.388504070382204,49.46411758292005,0.0,79.4753596221313,"Haryana, India",593.8850407038221,1
tomato,30.359360805561924,31.406480872102357,62.265357535451756,0.0,35.893726834204,"Maharashtra, India",642.7272893053175,1
cotton,29.989661045353355,16.563752882734647,47.468752117989474,0.0,57.029347003738806,"Punjab, India",415.6375288273465,1
cotton,41.67722410594539,22.395430903316576,62.054285962714694,0.0,36.26884619001109,"Punjab, India",562.7314196472382,1
wheat,26.881410434291098,22.136983715693418,52.665318987198944,0.0,79.64836167327005,"Maharashtra, India",329.9588860098539,1
wheat,49.776284289860726,15.244407625755715,53.71071108811307,0.0,25.326043646466108,"Punjab, India",365.3056090555251,1
cotton,31.93052225675614,22.620068635128014,75.22777950465891,7.493743593002083,69.30838663406522,"Malda, West Bengal",101.51350670117603,1
tomato,15.392228863486126,24.899905503277857,63.83611970787932,0.0,27.189740121058783,"Punjab, India",607.6772263424822,1
maize,36.99042113785853,22.233508878307212,77.893156118546,0.0,25.575748662763395,"Malda, West Bengal",698.4261975896883,1
wheat,30.62007742665967,18.809186125972165,60.24852338244644,3.2516537522653066,33.64143800576593,"Punjab, India",209.58070051373593,1
cotton,19.35502151279387,19.898413113921123,47.8131807455672,0.0,69.5171664939738,"Haryana, India",448.98413113921123,1
wheat,43.73016475533047,29.24505481709468,69.69492377061843,0.0,53.994521730285115,"Kolkata, India",383.5333393897285,1
tomato,25.307073459509482,30.4322409850813,32.060236599664144,0.0,60.458228384542906,"Haryana, India",509.07636672593816,1
wheat,39.60650659719954,25.464384699717048,62.63645262911004,0.0,30.41147089919052,"Maharashtra, India",440.10984232005995,1
wheat,17.631936463620384,28.25267907797003,66.7049723504043,0.0,27.951480364510907,"Maharashtra, India",473.5971830435912,1
rice,30.51536174945209,24.418719920314366,84.31776097408705,0.0,69.5120460449341,"Kolkata, India",595.9183262245018,1
cotton,6.527214600701102,30.75398150168074,36.11571917343607,2.833439948196252,66.60341782830156,"Malda, West Bengal",415.86781760699483,1
tomato,46.8542341072412,24.130863029752838,76.3262129978427,0.0,20.019950367229363,"Malda, West Bengal",630.0151022682036,1
maize,32.68495407370859,24.93278564534896,69.90726136849952,54.719319767366656,23.466833659781997,"Haryana, India",199.9229461181568,1
rice,8.947905548224922,24.151155610595616,59.3954490172006,0.0,57.08310045723116,"Maharashtra, India",665.9995320591148,1
tomato,12.01595415885271,22.035860313102553,54.92667224611454,0.0,70.88095311496409,"Punjab, India",423.322742817923,1
wheat,44.3869086544031,19.165606507922895,67.75234598107316,7.34656934620134,69.65227373401245,"Malda, West Bengal",0.0,0
cotton,38.58059223524632,25.850547630488503,68.25686294965251,0.0,21.151536609383403,"Malda, West Bengal",680.6267662912246,1
cotton,34.208253948293105,28.28768673074115,43.064030896790044,0.0,70.05820195728606,"Haryana, India",532.8768673074114,1
cotton,10.343385749877147,19.0602696971673,62.377585378704175,0.0,49.9600300987171,"Malda, West Bengal",462.80894028328595,1
cotton,6.796388253028755,24.052016965706038,60.53833331781546,0.0,68.64115567917597,"Haryana, India",490.52016965706036,1
cotton,43.04847896652382,29.47297874160549,73.8334279016773,3.0775173864020258,59.521528772446615,"Kolkata, India",390.85391809595365,1
rice,40.53973135099824,24.010976570517467,56.202426600197576,0.0,35.18350596804707,"Punjab, India",792.8985636383223,1
cotton,32.04147310200988,30.710476860046533,77.99292580406492,0.0,56.836015085603705,"Kolkata, India",557.1047686004653,1
tomato,7.933365540443562,26.443233486990064,87.22128605684969,0.0,22.500374036143057,"Malda, West Bengal",648.1830101894972,1
rice,33.1222589430822,27.384930383215448,65.94179441680409,9.104546737668528,43.25571388896617,"Maharashtra, India",341.51153564419525,1
tomato,48.55212290469817,22.616695327378352,47.21369166790197,0.0,69.8320673842904,"Maharashtra, India",428.55025794640517,1
wheat,44.995590788308654,23.582030999175384,82.09533577307374,0.0,60.0410238827857,"Kolkata, India",340.0742169942277,1
maize,13.142967491918366,23.943319572245038,58.8259914084504,0.0,48.695317674555426,"Punjab, India",599.2382700635592,1
wheat,40.03635248690144,33.278093450405585,72.99271575019,0.0,68.70618728540825,"Haryana, India",407.94665415283913,1
tomato,6.840739445126902,28.78410420387499,52.89629841438954,6.654811094126797,45.92461297665176,"Haryana, India",231.5506939880338,1
tomato,30.840509333479012,24.89373188207114,52.23186700111079,0.0,58.74864875931236,"Haryana, India",465.8887891084912,1
maize,40.88937347894655,25.164391431067944,57.825799504882994,0.0,47.632369836448404,"Haryana, India",620.0539162076468,1
tomato,16.342961709788682,23.85768615516136,74.09340018105375,0.0,63.67683060384459,"Maharashtra, India",439.7191753964523,1
wheat,34.42225179773573,20.0195138408781,69.60261095193826,7.334401645899956,65.49110066459224,"Malda, West Bengal",0.0,0
rice,15.228648340281618,37.05687514332491,71.23548856901637,0.0,58.177481238754886,"Maharashtra, India",832.7227301974434,1
cotton,28.123095094873868,28.98321916766856,62.69531469050999,0.0,36.67412583493207,"Haryana, India",638.7611598258833,1
maize,33.049235482512145,31.499524754589412,46.41894455231807,0.0,56.89869442046794,"Haryana, India",640.7692243503385,1
wheat,19.075365269911984,33.19470413672095,86.2508633962166,0.0,70.39783881693096,"Punjab, India",407.3629289570467,1
tomato,1.0460649059920568,29.13497194558659,67.97802673049416,0.0,65.37587947348715,"Punjab, India",487.21474751027927,1
maize,6.6733458171138285,33.81867808024899,57.49753501879681,0.0,33.032545861472634,"Malda, West Bengal",821.4863592807102,1
wheat,33.32057922277436,23.919029986349297,58.19217937349661,22.7355864478267,50.606582749929515,"Malda, West Bengal",7.477729618356989,0
maize,29.2091974776925,35.30657798618197,88.8661464608941,0.0,60.58807623358173,"Malda, West Bengal",663.3723578480017,1
wheat,13.85612564634661,27.96478600537632,78.12408621742632,2.603350260750576,40.05429912176365,"Maharashtra, India",295.9976984102361,1
wheat,39.53644075128412,12.13218568543276,78.00936639629462,5.977838153323653,46.04116197043251,"Malda, West Bengal",0.0,0
wheat,3.5958402314197375,30.088351841328745,81.98249913777816,0.0,37.9666106295132,"Kolkata, India",451.302357157722,1
rice,32.05888659127638,18.361420521216935,59.841802897379324,0.0,79.46758590927823,"Punjab, India",520.3370462546033,1
tomato,37.129326140937785,29.780834386124212,65.48674838326826,14.04813022025057,55.14860875831412,"Maharashtra, India",79.27189062577372,0
cotton,46.516037682346365,22.94289513670315,65.2874884579966,0.0,47.70396881674293,"Punjab, India",514.4082371603325,1
tomato,22.04142976314016,25.78189061459139,63.319717339534826,0.0,22.990521666976495,"Punjab, India",637.6099561565676,1
wheat,22.124109779451388,32.50088493456233,72.78109186126018,11.42186012916847,28.12124493666113,"Maharashtra, India",160.69484868762964,1
tomato,47.85242374363117,20.118123643583143,51.075441606430964,25.671724742163093,34.972771990970365,"Punjab, India",67.84103171113361,1
wheat,38.94717256928147,24.89316352825782,52.527883208521764,2.647019515106319,74.38624720066466,"Punjab, India",216.90116894248877,1
rice,26.854823772623245,17.185837580786526,59.73359265264269,0.0,21.30940380652937,"Malda, West Bengal",752.7164808969679,1
maize,6.835416322412526,25.70799639896416,84.26720997771525,0.0,67.26278093166252,"Kolkata, India",557.7879603886058,1
rice,49.07420597961371,29.971323398109135,57.45710576830751,10.331687421479582,47.83594920130017,"Malda, West Bengal",289.27797421542425,1
rice,30.622099998475093,21.957900877383064,66.84735155758453,4.553012751408823,35.05799968041788,"Malda, West Bengal",532.7405314538865,1
rice,49.03558268905475,22.5401331543044,46.03371144211772,0.0,67.50199930720109,"Punjab, India",584.7322321182774,1
rice,30.838557962666485,27.75659862380521,55.64795671383033,0.0,28.457577651306156,"Punjab, India",896.0756116909389,1
rice,5.329344256845337,25.384108925949754,66.19262944775264,0.0,37.4352535883813,"Haryana, India",801.4987947532685,1
tomato,23.232373941049424,24.770179104377323,57.00807993349746,6.007986104717142,65.4050903413181,"Maharashtra, India",147.53230670353878,1
cotton,43.59363203977734,25.54094365542228,59.36809191303343,0.0,66.32074857859942,"Kolkata, India",505.4094365542228,1
wheat,5.1605195512220465,18.58530335350853,50.78129028396738,0.0,67.9006512934597,"Punjab, India",305.09712347455974,1
tomato,20.170378829023168,24.36434279174001,51.228147993783,4.06683877737459,25.64216626605598,"Punjab, India",404.6887927672341,1
tomato,37.99535329707616,22.28308475315032,63.76098533134907,0.0,31.75044875521513,"Kolkata, India",556.401790164918,1
wheat,22.65634554585074,19.855997907239313,57.1274483845974,0.0,41.78604419804063,"Haryana, India",355.48274751660813,1
maize,8.858283230545464,38.71833947650764,56.82806909205337,6.520743237666243,63.95811408204997,"Haryana, India",374.86457235827186,1
maize,22.296009209233276,22.32098042478585,72.03672084893098,0.0,68.21621212649211,"Malda, West Bengal",520.5307846726444,1
rice,49.21346079230664,31.743667414647195,84.32342031217502,23.364586240880556,45.649381275236905,"Malda, West Bengal",246.7332182068268,1
maize,28.20790634009994,34.96461295665436,72.23955278089734,0.0,24.76439507858177,"Malda, West Bengal",892.0285777779054,1
cotton,9.77689123283032,29.354872694230963,68.04192919553421,0.0,62.61456791739869,"Maharashtra, India",543.5487269423096,1
tomato,23.822810997174326,24.17300490928244,73.0596991732719,0.0,49.65274683501799,"Punjab, India",499.4134680492629,1
maize,17.0927983448582,29.729085872810074,66.60119103489265,0.0,26.038248711412,"Kolkata, India",806.4764608939676,1
cotton,7.5276134931691985,24.68643114068535,44.70326132260418,0.0,59.06885509290045,"Maharashtra, India",496.8643114068535,1
rice,40.406696109687644,23.6149881004352,76.66450316713389,15.443647632514807,26.380623575346476,"Malda, West Bengal",237.8465131051745,1
maize,34.24263937888019,29.347795846764637,64.93439008912098,0.0,24.360252296600976,"Kolkata, India",810.889344858009,1
maize,43.386132455441434,24.024491029226404,62.8752297535209,16.40350589988116,44.49838056556707,"Kolkata, India",72.86489164069269,0
tomato,43.62462187202107,30.618052936144373,81.67460781639312,0.0,35.61721145396018,"Kolkata, India",635.127628503533,1
rice,0.5093257780508039,26.103350400808356,53.61332061529087,4.571274980957108,42.896716392032005,"Maharashtra, India",550.8846876695015,1
maize,48.851616261277634,27.062329399725634,55.574346085569346,15.467049496631457,75.08459313194903,"Maharashtra, India",22.68562339698201,0
rice,48.65242798315825,30.704346112406732,73.84751054763314,0.0,78.90792159563766,"Maharashtra, India",668.4521533488808,1
rice,31.597786467932426,38.99763315580667,70.32030193292452,0.0,33.106590972998426,"Maharashtra, India",1051.3025006829407,1
cotton,3.8828763088468894,17.498975627259668,75.28303034666918,0.0,24.454452379303184,"Malda, West Bengal",554.805204657926,1
rice,36.64718428096222,24.721818101765734,66.48750896235215,0.0,72.63570576957076,"Maharashtra, India",596.6618172211888,1
cotton,49.45690373833361,27.795796444515922,82.5288688221975,0.0,37.11742030143898,"Punjab, India",622.3704682119652,1
tomato,13.754945436672541,29.76696418798454,78.93159969089781,0.0,35.138434990364395,"Maharashtra, India",627.768564282754,1
cotton,24.674544134655466,28.90793422974395,82.09161232978212,22.291401871361785,23.881213610907896,"Maharashtra, India",206.83429129470233,1
rice,34.87529757847008,20.397886700441916,68.90062284629816,3.8011360652722583,30.234914693425402,"Malda, West Bengal",571.3479376274439,1
cotton,22.539682558097013,30.899544837359603,76.99658675858568,0.0,27.90160630832231,"Maharashtra, India",710.474235692432,1
tomato,24.63951989675259,29.121171298559496,76.43339167606231,0.0,64.61563497059359,"Kolkata, India",487.0905416870355,1
rice,0.6445911147574194,25.53089383911106,55.304478209386666,0.0,34.33139962411566,"Punjab, India",822.6546771473512,1
wheat,22.798032432062005,36.48221538402594,54.93389493300382,0.0,46.84808847934747,"Punjab, India",465.4593382814813,1
tomato,26.070345108075962,23.453954614750682,52.478435944094166,0.0,54.32291860215805,"Punjab, India",471.7446653166501,1
wheat,2.6971947224572945,32.1466241196408,59.18162168082979,19.048847796950916,51.89596787626585,"Maharashtra, India",62.44331582960842,0
maize,1.968577041704621,23.532305789212167,61.131342376799715,0.0,75.76560166838684,"Punjab, India",533.8553636813339,1
cotton,19.798681470606432,27.895890096458572,63.48272226402725,0.0,35.490395251470154,"Punjab, India",632.1566918249439,1
cotton,41.277624018954086,25.72433832328778,53.85227134843082,0.0,26.86925828395431,"Punjab, India",649.9347092418504,1
rice,18.76812457716537,25.944348805861527,65.12820472848816,0.0,24.26045987199533,"Kolkata, India",890.9527160504307,1
wheat,18.061178945881217,28.84327335983364,69.41940649569409,0.0,41.715199450271896,"Maharashtra, India",426.97371384592697,1
maize,1.0014936093732971,29.541072116282784,72.33216131263502,0.0,72.42191560798071,"Malda, West Bengal",599.9517932791107,1
tomato,37.178571888591634,34.410494604792774,66.16869382341113,0.0,69.20075774716136,"Maharashtra, India",534.694451443135,1
rice,15.104515028880733,40.0,70.14348823909327,3.312520438846815,53.51854378702552,"Kolkata, India",742.9293365188603,1
rice,3.8355354618833646,30.239710308760714,56.64604277226207,0.0,24.656878683886454,"Punjab, India",963.4454300247813,1
rice,43.15625349845562,18.951531152332663,74.64980829741083,7.980613189711288,54.75598122923161,"Malda, West Bengal",208.7874702492481,1
rice,29.318837956408636,34.52170121439076,48.37508011964326,0.0,61.30430110952821,"Maharashtra, India",776.3703495177656,1
wheat,21.811202253879273,22.17797872694154,70.69843364408163,12.379567580206073,58.2141390472846,"Kolkata, India",0.0,0
maize,20.776630297313986,33.55151180991382,53.16593811733469,0.0,41.8756236918524,"Maharashtra, India",760.799689588973,1
tomato,28.204578019478024,27.139757276222298,79.18187078467749,3.045854857973988,32.5318442423444,"Kolkata, India",457.5929856371182,1
maize,8.421234354928105,18.981092891109107,61.45012715886712,0.0,26.968337612031537,"Maharashtra, India",643.5965691038298,1
wheat,16.041352510178964,28.197882701816045,84.03922750736857,0.0,79.04078979262786,"Kolkata, India",372.3851789127123,1
cotton,48.07620652767585,20.301667403633402,50.13722970049706,9.795934968938802,29.248702590709225,"Maharashtra, India",79.87759663416762,1
rice,27.3143882142952,29.190255507203787,75.00844474944456,5.6001372482894665,35.56009383902567,"Malda, West Bengal",594.2330814128504,1
maize,3.3535553188517317,19.692725831724456,46.349607736510066,0.0,53.462529575002634,"Haryana, India",523.7594952160846,1
maize,29.23314624918795,24.140685067683542,48.91835468809198,0.0,49.33386990754708,"Punjab, India",598.2030391185777,1
maize,49.69549525053506,27.459308810000074,78.99464971148245,0.0,57.23962878947504,"Malda, West Bengal",592.9811851439487,1
cotton,7.825215294608821,28.275305694694826,77.60772749670613,0.0,27.942342742098347,"Malda, West Bengal",676.9035531266472,1
maize,30.156468959496095,23.026970830802476,49.02104558691326,15.69870134696836,52.959348764190445,"Malda, West Bengal",15.492205807355845,0
cotton,34.197416701544036,22.382278093565713,59.62643158758061,0.0,76.94672858536643,"Punjab, India",473.8227809356571,1
wheat,24.428668080670757,28.276366937067813,85.4589671549587,5.365692190600759,32.193385465165235,"Kolkata, India",189.7037085479452,1
maize,45.97736817501568,34.81336931183529,56.68498057043903,0.0,47.358756545596215,"Maharashtra, India",741.1197523930863,1
tomato,30.304790775061587,34.40367229280197,68.81839060840984,0.0,79.76737697836647,"Maharashtra, India",534.6330506352177,1
tomato,22.23791592337054,28.967783611404307,40.59611365335719,0.0,75.58295640380521,"Malda, West Bengal",485.71005250263875,1
wheat,2.0121981261223088,26.39500041805531,80.79543620811641,0.0,58.66821662726202,"Malda, West Bengal",359.7650029263872,1
tomato,17.00366244687597,27.058204887543244,72.25907770352374,0.0,79.432761966208,"Haryana, India",468.5238439878892,1
wheat,41.5092303227313,29.625478934239986,60.16178287114958,0.0,28.571017238050317,"Haryana, India",483.43706141781905,1
cotton,33.097755525667715,29.922516080596544,79.4965590662585,0.0,25.316282838180744,"Kolkata, India",712.2556041211551,1
rice,4.343642066244451,17.79866680387342,38.67441597007907,6.289699972993807,26.65988592747889,"Haryana, India",421.6868951685944,1
tomato,47.4105572852413,16.531926665231072,72.13293707372938,8.943964967713935,67.67093266944492,"Malda, West Bengal",0.0,0
tomato,4.1086408507112235,17.962200678155128,47.37275221433786,5.2990017845551165,68.20896459781308,"Haryana, India",121.70971687564031,1
maize,29.37124587657772,26.860606861677216,82.02627301047664,2.3424903778047454,32.87768439552817,"Malda, West Bengal",608.0659287298153,1
maize,38.10076572063993,27.990288482264546,51.50613084844095,0.0,47.236810886501424,"Punjab, India",657.2889313434887,1
tomato,32.0359964355048,14.382562648960613,93.00658629963567,5.6124832802244455,37.39820713661654,"Kolkata, India",162.79046353333206,1
tomato,45.88118868976559,22.522653843391932,85.57098540624207,23.370042984268647,69.42668540606991,"Malda, West Bengal",0.0,0
maize,37.5579390892469,21.869049838892167,60.153789813721055,14.275024255933232,23.761377297311952,"Punjab, India",152.3912277177743,1
wheat,17.348351942135253,25.924504084644884,49.47034921599693,0.0,54.30854981642922,"Punjab, India",358.9363516313447,1
wheat,21.97396226903821,26.868695644131243,72.56053322078647,0.0,25.357371471534375,"Maharashtra, India",470.7075829153705,1
wheat,28.449138024364526,21.787997587316017,59.104758438944565,0.0,72.53067359315696,"Haryana, India",327.5159831112121,1
cotton,14.282750708396511,26.911274695724593,51.96022926359264,0.0,36.13808189572316,"Punjab, India",617.0273681571836,1
tomato,31.89981711570461,15.873928610636995,64.69828333370864,0.0,48.558063860699356,"Maharashtra, India",419.15291071639797,1
wheat,18.805756171365243,34.17560910974264,61.7990801905561,0.0,32.71964328191949,"Maharashtra, India",506.5210213664318,1
rice,36.659569867460114,33.74711718000636,70.73132052692499,0.0,22.1563204952932,"Maharashtra, India",1042.2467957023578,1
rice,37.06057417755037,32.375879678342294,61.31295456440331,14.489941708327505,31.952916493643187,"Kolkata, India",350.468742384816,1
tomato,14.726775025046196,23.279429989429037,68.37207093927705,9.25385087988406,36.05556060367829,"Malda, West Bengal",99.41989134485846,0
cotton,1.2273227384202152,18.37340454883272,43.66184404913117,3.3280982330458873,44.81856049511812,"Haryana, India",311.48950328950366,1
rice,20.51234248911602,40.0,72.84604287898024,8.23798669966619,77.8099544532553,"Maharashtra, India",368.1006650166905,1
tomato,34.03834223921818,31.2680619962183,47.76537191129712,0.0,51.27776285924834,"Haryana, India",563.2433761314517,1
wheat,6.714735630751342,25.811524376551795,76.92234764195231,2.17708232706465,37.598516646833886,"Kolkata, India",308.72026697375935,1
rice,11.551537582507217,30.778539780605414,74.19000893218606,0.0,59.78044076850656,"Haryana, India",737.7463283033583,1
cotton,42.42951093570303,30.351099486386694,81.76966387339537,7.0750662599519565,38.174943729991554,"Kolkata, India",292.8862182127983,1
maize,11.797650492938105,25.483726199254765,53.568111888458326,0.0,48.428589703876796,"Malda, West Bengal",619.5794581959617,1
wheat,47.910595148916094,27.10443244147981,77.30700905718683,0.0,24.536302437005048,"Kolkata, India",475.84158410157073,1
rice,11.65637276633491,23.124018098380315,56.82284903243766,0.0,66.8793113448383,"Punjab, India",595.5098264590132,1
cotton,7.7746541246163785,30.491108742483924,76.40149038521267,13.21257657067068,35.59429875456997,"Maharashtra, India",162.5954752282704,1
rice,17.198336980342663,28.505222381372256,92.45016429987788,13.711821341127989,61.405793494270604,"Kolkata, India",97.24286021012563,0
wheat,25.116966085364133,17.55470775335552,62.80680009870447,0.0,41.25606589046279,"Malda, West Bengal",338.82379123237973,1
wheat,48.13435504789532,29.273270814540037,71.84652775904601,0.0,52.81157845850757,"Malda, West Bengal",388.2269913502257,1
cotton,8.704614101097718,20.880214237749275,62.333476707655855,20.55656046387431,78.87155174984696,"Maharashtra, India",0.0,0
cotton,42.76235362438102,26.239807229907733,58.318438632585156,0.0,46.219753139937254,"Haryana, India",557.3878879531392,1
maize,49.06830291973358,28.74354133992516,49.188539545499836,0.0,76.62209556921326,"Haryana, India",591.1789547391768,1
maize,26.312252116712862,27.575550907488232,52.56676071593901,0.0,34.840418949145004,"Maharashtra, India",723.836731760904,1
rice,33.49672371280765,29.160779748710176,52.96867397983307,0.0,49.933739872156515,"Maharashtra, India",780.345872404257,1
rice,0.9474042194249628,29.092441902282378,67.92522477316128,12.0611612505522,33.324552241599235,"Malda, West Bengal",287.17304608076677,1
tomato,25.976839047511227,22.96236828826762,62.60769641959354,7.154436009985927,73.67856785465807,"Haryana, India",73.9395140951122,0
cotton,45.11846328377578,25.963999771048318,61.15030193772319,0.0,48.89296041655126,"Haryana, India",540.7639141037496,1
maize,4.9907242606290865,18.476514932518644,70.77458889594962,0.0,79.54653736248673,"Kolkata, India",478.2416642577051,1
cotton,28.905142078173412,32.63100043594571,72.26303903767615,0.0,72.64133673231561,"Kolkata, India",576.3100043594571,1
tomato,1.862199664450557,29.435822201100958,81.5752441348511,33.3086708554062,28.89067569379673,"Kolkata, India",204.58200801075452,1
cotton,47.54772894347714,17.298761839844616,79.83386234851712,0.0,51.00190311357606,"Punjab, India",439.89907319959326,1
wheat,14.483555265656188,31.89636943697082,62.09424896902638,0.0,73.55349364918847,"Maharashtra, India",398.2745860587957,1
cotton,41.24646112008853,27.562578557940572,84.83152210919859,4.947860144745407,37.74168044249625,"Kolkata, India",368.9469560940687,1
tomato,18.535534802197486,28.385798560328936,56.346370092272686,0.0,25.70318273196157,"Punjab, India",657.2706597329063,1
maize,36.47408659632573,22.735210043710943,82.13381399904993,0.0,50.939564351387205,"Malda, West Bengal",572.6625083459667,1
rice,14.482385105315183,23.479100844961643,69.18477326898355,16.504990735121403,20.000698085321968,"Malda, West Bengal",272.6197541034629,1
rice,26.364253963736626,23.34243298051835,64.76804488681705,4.6190603022539465,20.088429325178684,"Kolkata, India",638.6977918895175,1
tomato,15.849184647966375,31.05970164197646,88.37831020966117,16.232444414270287,56.57786069941412,"Kolkata, India",84.41671738236425,0
cotton,13.014273501415428,21.916974729772516,56.23823397218312,0.0,79.97263512314566,"Punjab, India",469.16974729772517,1
tomato,27.352314671401476,24.232522768991565,59.61830852913066,16.017317084520958,21.240282133514267,"Malda, West Bengal",175.91150485827745,1
wheat,13.807913751415745,23.376132633604126,83.00395642685172,0.0,76.95251761223074,"Punjab, India",338.63292843522885,1
rice,38.070761484835586,28.16663962832901,55.43823116850353,0.0,42.156846212932464,"Maharashtra, India",815.6389063615277,1
rice,35.01186440452702,24.396661872214043,72.95211355912322,0.0,61.675725635197125,"Haryana, India",642.1029064021334,1
cotton,14.066543672438454,22.320204272953543,65.40024231616923,0.0,40.136627256190565,"Punjab, India",543.5358261717467,1
tomato,42.89859257552238,31.291035234719537,79.37560122204765,0.0,76.82544002651115,"Malda, West Bengal",506.6193171124758,1
rice,19.33562663855978,27.27091583594919,54.65266752440409,0.0,43.06130231144809,"Punjab, India",796.2242379843954,1
maize,42.03036772204153,27.698555043041942,69.54795169642381,14.203427641197981,69.0276885209351,"Maharashtra, India",29.684105473461386,0
rice,48.36824612517923,25.03531579314088,53.39678860526553,0.0,71.75842826895074,"Punjab, India",600.4237895176906,1
cotton,47.647122276048414,30.102725546140597,61.970444620156826,0.0,60.62914474746042,"Maharashtra, India",551.027255461406,1
tomato,43.634994692447286,31.29968192023311,61.17005949576698,0.0,57.49244597641994,"Haryana, India",532.0702701674327,1
maize,41.72510365101942,24.153614303768983,56.43388467342251,0.0,37.25796374262069,"Haryana, India",663.6536179959896,1
maize,17.97144592089165,18.388204068910547,81.12688374989925,0.0,44.27164313443218,"Malda, West Bengal",552.3370120667257,1
maize,14.645037067338947,34.06671975991388,53.42567842446862,0.0,23.395139368802937,"Punjab, India",887.5681122819509,1
tomato,32.26585266627863,30.586994079512305,74.48499229892926,7.4185864551089225,65.0563879017991,"Punjab, India",129.3536239601646,1
tomato,16.60006834326532,25.863550301801496,67.32743885576973,0.0,26.187281744484547,"Malda, West Bengal",624.0013921588235,1
wheat,48.95839659853465,19.311452880411004,72.39330800397481,0.0,32.26643443697281,"Malda, West Bengal",380.695182510364,1
rice,4.165089786661226,28.95296953099618,99.53903345943571,0.0,57.8420282695271,"Kolkata, India",726.1506757719044,1
wheat,30.38004142768907,25.583078623628534,56.85692589741059,11.13905047758824,57.41892669741597,"Haryana, India",4.081550365399721,0
wheat,1.247978868616514,31.949556986205838,80.13675740543863,0.0,38.77444365281889,"Malda, West Bengal",463.32957611130877,1
tomato,30.084579993783805,26.92544822424961,67.76793449325288,0.0,62.06837566504842,"Maharashtra, India",469.34613985336347,1
rice,20.703508697901558,26.218898813569446,67.44158863096908,7.982993733477003,77.45486090502904,"Malda, West Bengal",215.4770990889832,1
tomato,42.070179529889124,27.823029629468003,49.80335661307885,0.0,26.113586052376206,"Punjab, India",648.3909226510997,1
wheat,21.96234823531441,29.12653961020471,61.304730711666416,0.0,46.041258362525525,"Maharashtra, India",412.82917515831764,1
tomato,25.879956515957915,27.319258505369675,54.75584661879023,0.0,62.05205815168592,"Malda, West Bengal",472.98256523048553,1
cotton,41.0092935408262,24.62936446784978,57.578507741760696,2.802833358733934,74.67009711080475,"Punjab, India",356.15197674180115,1
maize,21.52619075604012,28.301649365899067,56.50451151825631,0.0,42.33202350951316,"Malda, West Bengal",689.9086946939861,1
wheat,40.351970765535306,18.99790219834616,57.067747798344165,0.0,64.57288962007634,"Haryana, India",307.98531538842315,1
maize,38.651755279824805,21.11978868105323,61.60398365511633,0.0,40.01640734174259,"Maharashtra, India",608.6979732451641,1
tomato,45.80523065343224,24.898024388191864,88.62617026613367,0.0,58.27725576108433,"Kolkata, India",468.0458130453927,1
wheat,26.983762477647176,28.914311458107242,70.20575258284069,8.93307429942357,67.10586284574245,"Kolkata, India",27.40018020675069,0
wheat,10.454387008412038,16.676951324831165,76.26142798783111,0.0,21.698676464160066,"Punjab, India",388.891494077714,1
tomato,38.339816039737464,33.74612101263577,49.817503556717725,3.7374912039518327,29.627756856273585,"Punjab, India",515.6410385471627,1
cotton,9.68951189261153,28.951859480258555,63.4005129456889,0.0,61.10805859246904,"Punjab, India",539.5185948025855,1
maize,14.814778591649517,21.574247367211008,66.74589470021044,0.0,52.13322889278035,"Kolkata, India",552.6195048274974,1
cotton,18.012563357453583,28.40933030859246,75.47264797377967,26.509510485028333,77.16890102015037,"Malda, West Bengal",34.09330308592462,0
tomato,18.989248756534533,21.496764408861623,47.327129097748006,0.0,74.21350660595182,"Haryana, India",418.4708796797546,1
maize,25.40505739130123,27.83740832737152,66.86470313827603,0.0,70.27450249110822,"Malda, West Bengal",581.2114916010867,1
maize,1.155926158443572,23.163855048347525,41.63825535567502,0.0,63.31575365094076,"Punjab, India",529.8024055318227,1
tomato,8.681582262076393,26.560524734122584,87.44639173258682,2.872525015240209,21.14773798623722,"Malda, West Bengal",512.3114613986208,1
maize,44.14229287546928,27.56768983641758,46.185663915419255,0.0,27.10490235055591,"Haryana, India",768.4587101418044,1
wheat,15.894623489267673,24.45805314370966,68.39257963964691,6.089820348098246,64.96342716806954,"Kolkata, India",41.71535460105531,0
maize,21.029423434889814,28.681889263008518,73.66565757193122,0.0,44.71188442504976,"Malda, West Bengal",680.7772238998947,1
wheat,10.5815233197479,27.65095653671456,40.41558457865362,0.0,21.328488528357767,"Punjab, India",492.6553058483264,1
cotton,25.03733563647861,24.490683028171713,67.2441047143353,0.0,50.73708543460911,"Punjab, India",516.0042856349108,1
cotton,38.35764813673423,31.462492690426764,77.15952417683901,0.0,66.58935815906108,"Malda, West Bengal",564.6249269042677,1
rice,3.9177723625726864,40.0,53.88032974225837,0.0,61.31789775847253,"Maharashtra, India",847.7203974839142,1
tomato,36.700167725313165,30.25547560349665,68.20759303981306,0.0,72.45024092942157,"Punjab, India",497.29928043146987,1
rice,6.805627592016795,29.33141865224315,46.912529843577474,0.0,69.2359254605952,"Maharashtra, India",656.9586142687485,1
rice,24.47504910142968,25.81593246910859,68.01523484924245,0.0,20.93049983759553,"Malda, West Bengal",909.012678414782,1
wheat,9.495303014793746,30.318280139688373,79.63666571680882,0.0,78.90244055126848,"Kolkata, India",387.2279609778186,1
wheat,25.91172640613332,22.245973474561296,54.063875907165524,0.0,56.504536152801066,"Haryana, India",330.72181432192906,1
tomato,18.789355734553325,27.347700654803173,61.046945225602535,0.0,42.75359223082694,"Maharashtra, India",564.1604197549802,1
wheat,18.975437240772074,21.184378058661707,62.4892909531666,2.4988130609312162,54.86090560250657,"Punjab, India",198.7996725408486,1
rice,27.627601654879886,15.172592071434993,58.046362963480505,0.0,65.51011285498345,"Haryana, India",503.7155534240435,1
maize,10.758493838559476,21.995096033411457,85.06421722001579,0.0,40.81775958407351,"Malda, West Bengal",616.1078917205957,1
cotton,45.457310190665986,28.70703784436294,69.41716760950052,0.0,73.3476754364006,"Haryana, India",537.0703784436294,1
cotton,31.803370554255178,25.53800780698326,57.82879597647095,0.0,36.25656189898193,"Malda, West Bengal",600.1056801777285,1
maize,12.454281085645256,23.147459507049856,45.94432980821358,0.0,50.4235788043231,"Punjab, India",580.3408932690922,1
rice,34.9597291843273,31.7794254209635,50.79061114307716,0.0,67.77448703248211,"Haryana, India",696.5167067590703,1
rice,46.983889732789436,20.889967375462334,76.05060729802909,4.118656182926957,61.678457533623664,"Maharashtra, India",390.57183683466417,1
cotton,29.967511663410708,32.240871063333344,52.67476685231491,0.0,66.68151458867919,"Maharashtra, India",572.4087106333334,1
tomato,35.097967010125586,20.95722657961896,35.373743083274206,5.005328906782474,22.02058423246784,"Haryana, India",330.77754527896366,1
cotton,41.30418114802383,32.90046767535053,68.5588937755432,0.0,45.73909591045343,"Maharashtra, India",632.6257445416365,1
maize,22.102770137114856,22.652621874554285,72.7522128875783,0.0,68.76281719358371,"Malda, West Bengal",524.1788406200972,1
cotton,49.945184295647884,33.80699393715703,56.88742880862807,0.0,71.48139626043375,"Maharashtra, India",588.0699393715703,1
cotton,12.454076020214957,27.513315906686586,59.962104158960635,2.226811732825479,41.625609628489165,"Maharashtra, India",484.02593108944154,1
maize,1.17807824524127,26.818819342510416,59.719661614366956,2.1729854268813495,74.99619809854465,"Maharashtra, India",461.3577414235471,1
rice,2.427431826039448,28.934042603446013,85.90980425185967,0.0,57.47684288687189,"Kolkata, India",728.2594499536441,1
cotton,29.5533570746659,26.724439165484455,70.23903043284956,0.0,46.53762832706812,"Malda, West Bengal",561.015534534073,1
wheat,19.76690834874353,28.49932061870186,56.006938251980586,0.0,75.74837120092776,"Malda, West Bengal",374.495244330913,1
tomato,31.837096348225895,13.414284289518775,56.42209104742123,0.0,71.66271797019871,"Malda, West Bengal",345.728558605669,1
wheat,47.026623702506214,30.272462450356016,75.05833546665434,0.0,41.74587935694974,"Kolkata, India",438.188389141376,1
wheat,8.784173095720659,37.81293595265397,65.03695671847848,0.0,58.918337406128934,"Maharashtra, India",439.69055166857777,1
wheat,37.51582031308894,26.22475677813924,77.78329470318715,2.4326484958376247,54.783569425833484,"Maharashtra, India",237.71693490156576,1
rice,47.46284755991069,26.845362647275934,65.99290692516927,3.8805899652130496,47.214739995370046,"Malda, West Bengal",569.8720616609603,1
tomato,32.132091866288576,33.920862638300726,67.99774563721564,0.0,24.71346985542363,"Maharashtra, India",730.6651094451,1
maize,18.068770713411997,22.962822992651926,73.50994800636134,0.0,72.85838033837945,"Kolkata, India",527.5910529191711,1
maize,48.821255261910146,20.93485245194925,84.92017869361055,0.0,73.07499757527127,"Malda, West Bengal",505.2833769714417,1
rice,10.42737240334069,31.441333670254235,54.78559377341408,0.0,57.13949388191529,"Maharashtra, India",764.3996980805506,1
cotton,17.70160058004646,16.923970058222928,62.48586127515773,0.0,73.51358619539376,"Kolkata, India",419.23970058222926,1
cotton,27.81791825284869,26.02092189948668,78.67272806282082,8.442636212543524,23.313351244581707,"Maharashtra, India",249.74561150835694,1
wheat,22.203607404903618,28.668395299726985,75.20545378887715,3.2152548834340946,20.522368823752615,"Kolkata, India",344.44116265393666,1
maize,12.009046614287644,24.092379304042137,64.19856348497224,13.208401313491105,23.753890533167095,"Malda, West Bengal",185.75102531103892,1
cotton,40.54667019443798,23.93501088928283,45.73301691152689,0.0,29.29551866860656,"Haryana, India",615.1350162783389,1
wheat,28.388714041950777,26.20185163773769,68.01107339191742,0.0,50.330525623391836,"Maharashtra, India",375.1489628621755,1
maize,14.045200684108197,22.76676875566819,74.75342719268507,5.659513629547137,69.34287267112126,"Kolkata, India",242.45877483499328,1
wheat,21.221060108457333,34.69425675926666,66.78757233882088,0.0,60.03274023165086,"Malda, West Bengal",417.8597973148666,1
rice,16.03683708776229,32.11926599286864,56.36821829671293,0.0,73.37115866262579,"Haryana, India",685.4311919144237,1
tomato,10.160742602323195,34.51348244173968,54.25255831849834,0.0,48.99085179882011,"Haryana, India",607.9792228602972,1
maize,18.389487063825726,25.63438823796544,85.5443165497326,8.05117825751713,65.7468175204921,"Kolkata, India",154.41935774176335,1
cotton,47.59651887032305,27.309751746706567,57.44892250743364,0.0,49.37746772301469,"Malda, West Bengal",552.5088442267602,1
tomato,27.856782254949035,34.38467213059137,63.32220448732065,10.460126592375628,31.116221322999422,"Kolkata, India",252.1964358010673,1
maize,24.79286783226184,31.235591594898203,73.03672443974628,0.0,54.596840427783064,"Kolkata, India",652.0149937966584,1
rice,46.97530052204311,26.475979552411303,72.38915471043683,0.0,54.39339166697549,"Maharashtra, India",714.115608800927,1
cotton,33.801848413417105,23.588045028570527,68.23170783612989,0.0,34.98013716441381,"Kolkata, India",583.153049977832,1
tomato,31.36215261070517,23.09588023576749,71.30454112088677,4.640381262042364,35.92220669611852,"Malda, West Bengal",315.88927175049116,1
rice,5.141938049722317,30.145649136680568,69.72668065893906,5.44550053403859,32.45245617234221,"Malda, West Bengal",637.9428042819357,1
wheat,29.702420198689534,32.32264954270398,80.18886581452664,0.0,50.77532988648594,"Maharashtra, India",418.21039670346295,1
cotton,20.194352299362645,24.074890941435683,58.829889847409284,4.287195338309463,40.42469336685558,"Haryana, India",347.9173008448384,1
maize,33.666610621474554,34.671817667205104,73.22363294614627,11.843617560434625,36.70824373565314,"Kolkata, India",259.2747519643159,1
rice,46.45498352899722,23.11304962070548,81.93324690332601,8.267651255798881,66.40286286693498,"Kolkata, India",184.74234114359837,1
rice,9.862385451137738,26.12424408022819,64.85464524646741,0.0,31.99047627691637,"Punjab, India",846.6759091457965,1
maize,28.639012476143026,22.217320075811354,71.0588554795727,0.0,71.3896041657544,"Maharashtra, India",519.3905208339249,1
wheat,37.59658729605003,21.830078229002666,68.6070798822337,7.422858226794316,37.55098552857512,"Malda, West Bengal",35.01025749312652,0
cotton,15.041907355632343,28.599753400793713,60.988357943888225,0.0,59.20300990872084,"Maharashtra, India",535.9975340079371,1
tomato,31.170988383773654,26.804894735894997,80.33516165346526,0.0,74.77586028648139,"Haryana, India",466.24405262305504,1
tomato,23.053148243643953,28.35236828058366,74.47816787254315,0.0,46.13868742739059,"Haryana, India",558.733644178737,1
maize,14.267393196587316,23.857499975889574,46.79531907086912,0.0,25.3393828913808,"Haryana, India",723.7099206851401,1
rice,9.69378706425669,30.20239897600412,73.09496894002189,2.96908036620388,29.767459352373763,"Kolkata, India",780.4867006796834,1
tomato,22.612369099296757,17.754832823253466,70.09880609829763,0.0,59.71481795822069,"Malda, West Bengal",395.51069474135534,1
wheat,37.81647009414069,31.325993040006377,76.66661687057322,0.0,65.42288688191752,"Kolkata, India",394.28195128004467,1
rice,11.016140221175911,23.255417395875813,82.47363197915558,0.0,73.07521329377683,"Maharashtra, India",579.0650087505098,1
tomato,45.50417557065249,32.67810073591472,63.93706487588366,4.114741952112135,31.077947440842152,"Kolkata, India",476.47859717289384,1
wheat,21.782902179101175,27.146570642173234,87.1266771283857,8.788884896425268,37.99652418662136,"Malda, West Bengal",77.09310118175097,0
tomato,8.638073689404496,25.61421719270099,49.91335998833172,0.0,40.637461193461135,"Punjab, India",555.11793061273,1
tomato,46.61196825831931,29.32010040666835,77.72353500106767,0.0,73.90318799504209,"Maharashtra, India",488.8809036600151,1
wheat,16.67633793995998,25.38645533202138,55.93372374276651,0.0,47.83890189001325,"Haryana, India",377.96275182744466,1
maize,29.46138288920705,27.612334505008736,67.76932964519258,0.0,61.98231236596857,"Malda, West Bengal",578.7356795550961,1
maize,26.848447859596995,19.27834640360871,70.8224447756376,0.0,69.12441376904304,"Maharashtra, India",487.0618104396958,1
wheat,2.07303497568756,21.510631156920564,67.57266933535405,3.229603980498705,21.635000717048907,"Punjab, India",272.7221213375267,1
rice,30.891530163099016,28.430181447088184,54.52696011061634,19.347303478796615,69.24176964600676,"Malda, West Bengal",46.023663612164114,0
maize,39.79950460006825,20.0784752449044,71.97326350614878,0.0,41.50007940030042,"Malda, West Bengal",587.5975311004363,1
cotton,11.451315474080166,34.00130874869414,60.36838637914601,0.0,43.076664558726094,"Maharashtra, India",660.3623270554265,1
rice,10.61021456615229,25.289961934852364,62.41147868962362,0.0,76.22653669518061,"Malda, West Bengal",603.4795432182284,1
wheat,12.86372204110273,32.93859588583201,90.35562377915416,28.325045432289325,70.69173964937796,"Kolkata, India",55.57017120082406,0
tomato,38.791819035670656,28.38119113840787,63.20200554848468,0.0,33.8888057547793,"Maharashtra, India",617.8876868288725,1
maize,41.76537851852103,28.12744966620115,66.97246923645228,0.0,35.32018242579465,"Haryana, India",728.631280582121,1
rice,18.067435332584424,36.67468287918404,56.432279061732075,0.0,24.206488378475417,"Maharashtra, India",1079.0122314120194,1
tomato,1.9431817080934053,28.49534537961705,49.82693784321507,0.0,25.743743284663836,"Maharashtra, India",658.4240867229433,1
maize,15.99598218062577,13.719338462535278,53.36806551624641,0.0,37.14197564268587,"Punjab, India",523.2679570722174,1
wheat,2.631093934425594,23.556561849244954,68.49126348168406,0.0,73.6156751870079,"Haryana, India",339.8959329447147,1
cotton,12.238651065896706,27.27129139870498,51.27911758547045,0.0,46.026233961081054,"Haryana, India",569.6199479434633,1
wheat,15.76917993372946,15.910103873064227,67.59712295484168,5.174523150515114,20.38274260439544,"Punjab, India",126.7782612955287,1
rice,16.55511748090526,23.388186302555003,68.35130457376019,0.0,69.2256092155412,"Kolkata, India",585.1547994965849,1
maize,20.310507654558766,21.465537160063256,68.55555659020712,0.0,21.546175925861068,"Punjab, India",707.666443821674,1
tomato,33.14554609174069,23.351987650962954,78.61417317273103,0.0,30.870996743004966,"Kolkata, India",572.8071545991706,1
maize,11.522465916592706,28.253017064312694,51.30183660467836,3.746219958079338,30.2561841452509,"Malda, West Bengal",572.7064624632528,1
rice,44.949250018965536,25.028654340107405,47.44208499841637,2.1673167773761652,59.7031209586374,"Haryana, India",553.7946934935477,1
tomato,4.301968332929423,29.18118687689463,49.89304730245837,0.0,38.276141346451425,"Haryana, India",605.7536490249173,1
rice,46.35995799883115,23.03048413989849,53.93778506157989,10.531982543531234,43.57370653359074,"Haryana, India",202.078802807981,1
cotton,29.37099341947156,27.553829228892756,64.62429355020518,0.0,43.86106486598328,"Maharashtra, India",584.0776617714104,1
wheat,14.12433946133191,20.902468988079065,64.34427783231307,0.0,42.483318230442585,"Haryana, India",361.5355446898069,1
tomato,20.819541805997453,24.657212568370703,69.33012524190573,5.002789486528123,25.255477844356783,"Kolkata, India",363.2267626210453,1
wheat,22.77790265159815,31.209918477260636,71.30792799552555,4.371485938913611,65.14810025518966,"Kolkata, India",174.8951323951439,1
cotton,24.880501345357317,17.339164187369754,68.24518822960073,9.548961814804645,29.682041503302987,"Kolkata, India",53.13767130153212,1
wheat,40.368900300349324,22.967483058921303,74.55904195170703,5.122130006984853,41.66448358046223,"Malda, West Bengal",124.44286211873657,1
wheat,41.454149463894204,17.119988305307317,79.27407491788804,0.0,34.79119433827898,"Malda, West Bengal",354.42354420666544,1
cotton,44.36126238626906,25.437419196621647,81.1002316978445,7.298453101530028,34.431895110808924,"Kolkata, India",243.1917497273364,1
rice,33.81806048010524,25.12253056823891,86.82352844091784,15.392235690718925,41.628470308493235,"Kolkata, India",172.11671052649638,1
wheat,13.8968751280974,31.464769350543847,93.29620201716088,0.0,37.36637129716928,"Kolkata, India",464.9508998800996,1
cotton,22.000894157990277,36.57165857365048,45.46581097622325,0.0,50.04265555020028,"Haryana, India",646.2397777260097,1
cotton,14.3074347656371,30.777943423344684,89.2928264295125,8.366724447226341,49.5339389109445,"Maharashtra, India",169.93177648951826,1
rice,39.155508141111476,29.30127931755063,88.09144386917596,0.0,23.660428580323693,"Kolkata, India",953.5711131444591,1
maize,33.85502546436523,23.734470660096438,63.94723514647138,0.0,55.65450963851583,"Haryana, India",559.3744462388639,1
wheat,34.28535674711722,16.397771948816438,78.27680982949695,16.635267886230007,33.57634580019117,"Punjab, India",1.866812202894323,1
tomato,12.04997472114167,32.85268071998357,61.95202900083999,2.6181508730450815,27.858424579650446,"Haryana, India",570.1363030463623,1
rice,35.21847263520466,28.83585080116717,62.65407554215761,3.3511713199421886,21.670634454644805,"Kolkata, India",790.6939451546741,1
wheat,13.300283761171809,25.379386949799063,57.27305417847539,0.0,52.88871216368132,"Punjab, India",360.1012857293747,1
maize,33.359311505209895,26.923552373905416,64.37915537510655,0.0,50.01671211246562,"Haryana, India",628.1795309770979,1
wheat,30.245144280124762,29.141910180188113,67.60492631235056,3.546458375506937,62.88313001012216,"Malda, West Bengal",201.67045248596992,1
tomato,45.06307350450248,29.19330084321551,80.5811832508715,0.0,76.7554786419252,"Malda, West Bengal",487.73970758893955,1
maize,13.961750690210835,29.26323203588539,58.623125434492664,0.0,55.60768296228343,"Malda, West Bengal",623.1130974399458,1
tomato,33.42027145582824,15.14999772290563,67.08718673517932,2.9917843930890067,69.89109998673342,"Punjab, India",211.7607598517003,1
tomato,16.25397104859343,27.439937974636624,62.83583068547293,0.0,37.926972263255095,"Haryana, India",587.9341663044831,1
maize,1.1748841833381627,27.91977497439067,40.95547759743084,2.9661966642736255,68.91657986543359,"Punjab, India",433.80769150461606,1
cotton,41.26851782951038,28.615530422938047,74.24334282991782,0.0,43.04255830346602,"Maharashtra, India",600.265762135483,1
wheat,49.44735880376364,23.298734983321165,56.54168215457578,0.0,28.280929221203102,"Malda, West Bengal",428.4259571814479,1
maize,26.827652441998318,34.38482693044094,68.38023481101708,5.649144491201648,44.16222325967361,"Maharashtra, India",474.23347105036487,1
cotton,34.26848861812739,23.03850803897947,71.00901146179075,0.0,27.69955173132587,"Kolkata, India",611.5323607520392,1
maize,34.8243953387873,32.17862321291516,83.19728331691012,0.0,49.997539517887304,"Kolkata, India",691.8768164440343,1
maize,39.12721920563785,31.62347928398448,77.30327005923328,8.773810997204759,67.7905111834225,"Malda, West Bengal",184.16772226359132,1
maize,11.688643241038278,34.195064960079826,91.84345742423311,5.539296450436876,36.67070979239393,"Maharashtra, India",526.0885654633319,1
rice,32.7690928453418,23.246489864818507,74.55239692387826,5.505012394901756,75.95267536114704,"Kolkata, India",303.7072586327343,1
wheat,13.953432545966393,35.86530183032082,48.912313367954766,0.0,29.235170586974302,"Maharashtra, India",535.8300011303833,1
maize,7.216571730717825,33.053510822930555,72.49043944526039,30.400431103811044,51.78283796650206,"Maharashtra, India",141.06248060723522,1
cotton,48.77140881078766,22.425203703396548,68.71075728845595,0.0,57.68717187461431,"Punjab, India",474.25203703396545,1
rice,20.907846527667445,27.090125460662826,45.21185753918861,0.0,42.6703528236312,"Haryana, India",795.9140755534781,1
cotton,4.297779929217819,23.110098947287376,64.98268301774392,30.310361365459123,72.35930433056333,"Maharashtra, India",0.0,0
rice,0.5092331444478242,35.566722510697346,79.81515792841583,0.0,43.81687837605757,"Maharashtra, India",917.0997735517074,1
rice,36.65937763537382,24.516133695171522,51.420939353709656,5.044493069821947,51.51550512689499,"Haryana, India",451.80263718188667,1
wheat,17.235178263629937,26.60094828811497,55.35462205089809,15.256346396548661,32.529856129675395,"Maharashtra, India",92.37028924834334,1
wheat,27.8421238219531,31.979359883294638,77.54996750674599,0.0,40.72885122340674,"Kolkata, India",455.7767837293307,1
maize,27.243805212777342,27.619587131713224,67.08290649432405,0.0,43.778757529893234,"Kolkata, India",672.7065174182927,1
tomato,7.601738122391993,24.891557100004665,58.50628389784127,0.0,24.836924310176105,"Malda, West Bengal",618.1402681207002,1
wheat,41.50771421148004,24.770693703154894,51.687292260476895,0.0,69.71917436709735,"Punjab, India",348.3948559220843,1
wheat,14.214927860813281,28.797885307552335,46.86469650633764,7.199047565400114,50.97699795186044,"Haryana, India",41.73522734731665,0
cotton,44.80573179813667,26.993475918111187,55.10760767000905,0.0,40.51083712988552,"Punjab, India",595.2689532572007,1
cotton,40.81214557380369,23.625329906047238,70.9692401093497,12.327025877237972,42.8571107014085,"Kolkata, India",45.29849887613466,0
wheat,9.869540472842466,36.091906644239174,62.389538081198474,0.0,70.12235181705476,"Maharashtra, India",427.64334650967425,1
wheat,41.40387014203424,19.11994122975799,75.63940987560856,0.0,53.281221487302034,"Maharashtra, India",314.14785709601034,1
tomato,39.32807092403347,18.39201578683665,72.46738937508346,0.0,52.46682949273068,"Haryana, India",429.7104964554408,1
tomato,1.209379840416562,24.954416931723742,74.81495396770337,0.0,69.49122604922621,"Kolkata, India",449.5897523855137,1
cotton,14.526521410110352,26.785543472516597,67.32213956339768,0.0,57.51979758225398,"Haryana, India",517.8554347251659,1
maize,9.630723027464226,25.611772086979975,52.44864628026605,7.071547711457592,50.70244682688205,"Maharashtra, India",254.91432802198676,1
maize,19.44781296995051,27.01115477647193,66.8911121660394,0.0,23.722485017393257,"Maharashtra, India",779.6746016744665,1
cotton,49.73180845724537,22.762135022128003,62.01809375578736,26.954784507170835,66.66867466750705,"Malda, West Bengal",0.0,0
wheat,45.186807504243184,11.754502283664703,73.51502903456121,0.0,55.352876860871326,"Punjab, India",257.2815159856529,1
rice,46.877929254691374,28.92495289423078,71.16275663755115,2.609246014862202,61.443578906795786,"Punjab, India",572.0056865149681,1
cotton,2.82516305935792,32.8509841334265,52.950643987719616,2.5701054194767696,39.86878934984899,"Maharashtra, India",537.5401130845686,1
rice,29.191145312792763,29.645081499460545,75.56954440254898,8.741458922609246,30.17024551196352,"Kolkata, India",479.8480534753351,1
tomato,39.97694524217605,28.557497876809308,74.35154040060229,0.0,75.34605701936746,"Haryana, India",482.0174808912838,1
cotton,31.57339803741815,30.950973782449232,59.24756181132362,0.0,61.23773375495105,"Haryana, India",559.5097378244923,1
cotton,24.748588597528354,33.82919302778232,82.44896418447098,0.0,21.00054880939035,"Kolkata, India",788.307957970927,1
maize,40.61817675216557,30.69157857982252,45.787548885570935,0.0,51.31305968947659,"Haryana, India",665.8242004594393,1
tomato,9.470665271960623,23.24690736698935,90.77677132919443,0.0,57.11661734563634,"Malda, West Bengal",457.5980070850568,1
tomato,33.935074244153064,21.994688933077835,72.16315306321847,31.81299060218834,72.77608980270571,"Kolkata, India",0.0,0
cotton,20.749714857426373,18.208349578951186,49.96785809609959,0.0,62.04353127705583,"Punjab, India",432.08349578951186,1
cotton,17.817792016952296,31.716560647714598,52.785049369334345,5.783517797914593,33.47614640449309,"Maharashtra, India",400.06561136362603,1
maize,18.064176849386552,29.65425652307789,79.51001438131337,13.872898071144725,54.0434566493644,"Maharashtra, India",87.0073710642688,0
cotton,25.902166572960777,25.14486626727188,44.37223172533835,0.0,74.71757505197799,"Haryana, India",501.4486626727188,1
tomato,34.85386199823423,22.223288480683372,50.26377990384373,0.0,74.48090536249845,"Punjab, India",425.00959632615036,1
cotton,16.275135397530917,22.642189497078686,71.12948032442034,14.53212424632389,41.69882569046267,"Malda, West Bengal",39.791601669652096,0
cotton,44.880445594216006,29.145373441028514,75.74318012715561,0.0,55.816713404790356,"Maharashtra, India",541.453734410285,1
maize,30.776497759804624,22.846552992897657,56.381150710050605,3.798691822079777,30.870311051001202,"Maharashtra, India",489.690564474024,1
wheat,22.081761438243998,34.009737532561985,71.80495630414647,19.81061613906274,30.639593193436365,"Haryana, India",163.69324755685693,1
wheat,26.144836152997065,22.52152561401468,45.81873016583425,0.0,68.7119674406228,"Haryana, India",332.6506792981028,1
tomato,15.78571262980596,19.851668858602782,50.91503608106722,0.0,53.44429785885123,"Punjab, India",440.2197215619501,1
cotton,28.447236627206443,32.296166198933996,81.46440870400727,0.0,79.81696504470017,"Malda, West Bengal",572.96166198934,1
wheat,14.717449855654966,27.680724815131143,67.72523740046593,4.492963996704412,28.287517588414836,"Malda, West Bengal",242.62317932445987,1
cotton,25.25288382995879,21.336681232201762,82.59178502705261,0.0,65.60033269772592,"Kolkata, India",463.3668123220176,1
wheat,10.879668732794942,27.17013705536116,76.11372601840053,0.0,38.20313261774799,"Kolkata, India",426.531600527825,1
maize,38.41000287229473,21.07098095666087,67.15844902071203,0.0,63.75858802863237,"Malda, West Bengal",506.78079052326956,1
tomato,36.442507337559526,21.02861644155523,51.25035922052207,5.758089464032118,58.16410522113354,"Haryana, India",144.314846166056,1
maize,13.823497764085644,29.982205687908763,68.65714152310596,0.0,42.2139311410746,"Kolkata, India",712.3751651688783,1
rice,44.90126682353835,25.304388603649805,78.70061115268956,0.0,42.600586425767744,"Kolkata, India",769.0499529978333,1
maize,3.5903507002501267,20.05021103723993,59.64992389993764,5.811764138144129,68.52957940950104,"Punjab, India",204.96411450243272,1
wheat,15.472082714342749,22.17509044483962,64.23212374457017,0.0,76.70144387483413,"Punjab, India",330.22563311387734,1
cotton,3.161729427268177,19.30154147476396,67.1827440697446,5.653512836505778,23.821086050151003,"Punjab, India",298.46716787108386,1
maize,7.296351619420727,25.35550407940905,73.40654136412141,0.0,65.10950875740087,"Malda, West Bengal",553.9105448734996,1
maize,14.827324300926309,30.15608600247597,80.89525046176678,0.0,55.8703992107411,"Kolkata, India",631.7719338189439,1
tomato,43.715635777252565,26.98136435979201,83.0651621066201,0.0,43.00382846349554,"Maharashtra, India",559.0416629015322,1
rice,41.90388852725855,21.276754862652872,67.11600380588507,0.0,50.66681830937003,"Maharashtra, India",662.6822875293238,1
rice,39.75661990434747,27.247678000884633,71.67660792646923,0.0,62.338123782138894,"Maharashtra, India",675.0099649922287,1
cotton,15.559972259446191,26.57015812176835,49.885779286289036,0.0,39.56647115075441,"Punjab, India",595.2925335309303,1
maize,31.75311089334714,21.418395404632903,46.630792962037205,0.0,37.89634725404736,"Haryana, India",623.4641196862781,1
cotton,27.440738182254915,26.695410836146085,77.21477697675917,6.217341611474602,51.232630238291506,"Kolkata, India",225.56260054805006,1
cotton,21.085136300693403,25.244870230764736,63.609496029149696,0.0,47.075996844386864,"Malda, West Bengal",542.2627533338426,1
rice,23.665032892663145,32.206961656565944,66.51017948931664,0.0,71.19454815182705,"Malda, West Bengal",686.4835398787914,1
rice,23.172416520901496,32.29007097651073,56.71803727034765,0.0,39.251272564990614,"Maharashtra, India",898.8724649808172,1
rice,22.045482842999416,23.85830832350279,66.19809107530301,4.284602931310626,45.12170859966105,"Punjab, India",517.9309011324672,1
rice,0.5112383918036492,22.426596615047842,60.212799050138145,2.6999846564773327,63.441751326375275,"Haryana, India",471.44417627812817,1
rice,35.42535422665971,19.67570797635024,52.057830013855664,15.626894827181168,62.660057716988675,"Punjab, India",0.0,0
wheat,37.59426132784572,28.81334775219276,51.85210390029552,11.799335856647497,24.86985346782287,"Punjab, India",140.19171798658948,1
cotton,22.487078640479144,25.51719064654053,80.42076040143743,0.0,71.9621405027454,"Punjab, India",505.17190646540536,1
maize,26.98085033376748,29.23633743220244,36.412726289063286,0.0,66.95000866281762,"Haryana, India",596.5997117542269,1
tomato,42.94776508372022,26.44205574358031,54.37307975559767,0.0,20.418935712820886,"Punjab, India",657.8047826251458,1
tomato,12.120343875386078,23.37305565181527,65.29882539130331,0.0,20.035876330087717,"Haryana, India",620.2282484404584,1
rice,7.282535046797873,18.304191322317592,61.59743367050745,0.0,23.68550775558996,"Punjab, India",760.3236918455623,1
tomato,18.482003421745528,29.930016574799005,64.50403237975254,0.0,64.24459665871677,"Maharashtra, India",494.370149173191,1
wheat,42.079889149915,32.343105123016045,45.24225492609045,0.0,38.87773453611193,"Haryana, India",466.11678929329565,1
rice,31.92787962808156,28.905313713855413,78.03278037316063,33.11102529661882,34.81767001951355,"Maharashtra, India",274.44550874016534,1
cotton,22.283518215791673,19.591108472515813,74.11681121187718,20.104587541025218,50.14793898576593,"Kolkata, India",0.0,0
rice,40.24757441480064,25.267613989495228,62.429373544257075,0.0,72.70495178269769,"Punjab, India",603.2113678739428,1
cotton,37.849577337171795,37.68260372645051,62.36291706020998,0.0,31.656414260108086,"Kolkata, India",773.1497107133117,1
rice,41.576152603505605,20.94689414605297,87.60989585225352,0.0,27.093344724347592,"Malda, West Bengal",787.9340355260259,1
wheat,19.179477251434214,25.482479190563506,64.05376207350712,33.1563055826914,77.21795646978137,"Maharashtra, India",3.3773543339444814,0
wheat,2.633455392942041,23.01160153192698,48.1596944177744,0.0,28.471943812231096,"Punjab, India",425.23702314075,1
wheat,25.65301507392712,22.839991978745303,83.33756533705565,0.0,66.0781986837099,"Punjab, India",334.87994385121715,1
maize,7.728040455199646,27.39495897374237,78.61816803218824,0.0,24.142216214682495,"Malda, West Bengal",783.00893084648,1
rice,16.028304675479234,18.99045966141881,83.20184197198418,11.074971971129079,68.86303524014488,"Malda, West Bengal",0.0,0
tomato,21.586877213687192,25.361817554953987,62.145433449569644,0.0,75.97739753169364,"Punjab, India",453.2563579945859,1
rice,35.77694813983395,27.35234296138783,51.14742910492698,0.0,42.69347091460069,"Maharashtra, India",799.7754086283265,1
wheat,17.475018306580196,20.450235814818754,81.4706137784043,11.4112855647433,34.448228964390395,"Malda, West Bengal",33.53744950237456,1
rice,27.50177185449437,27.07403761438508,55.68981351920604,20.899713935659083,43.83628837042758,"Malda, West Bengal",188.38246379625434,1
tomato,17.47052875786981,25.86652349642897,50.437225424348675,0.0,62.88174051414405,"Punjab, India",457.79871146786076,1
cotton,22.46668128506613,23.87703210259903,67.79486915342329,0.0,63.73218826930047,"Malda, West Bengal",488.7703210259903,1
tomato,30.16896314716332,27.042524105816213,68.40384174751789,2.0384452623729663,50.120491864350925,"Malda, West Bengal",424.44393038478745,1
maize,2.955492463299396,25.798358812834927,58.301323333262694,15.622075409687193,75.15248186322351,"Kolkata, India",8.781946941184287,0
rice,17.4355637055388,25.679611179256415,60.3629090951719,0.0,41.09899234051432,"Haryana, India",783.9183538556505,1
wheat,28.663296422451612,31.464287921187182,70.82571318808806,7.686212958831294,70.90830646437587,"Maharashtra, India",45.25001544831031,0
maize,39.66857247858584,18.68123402484004,85.49125417240026,0.0,22.464090367424326,"Kolkata, India",660.8512081027769,1
rice,1.4911498717432872,24.20629136615314,53.8286482489761,0.0,47.8522369371276,"Punjab, India",721.2526102794644,1
tomato,11.346740201204643,26.148207081949348,50.78050472934939,0.0,21.61205924269612,"Punjab, India",648.5549012283592,1
tomato,48.379923923329734,23.57920760028116,39.115833677958,0.0,51.50296041472308,"Maharashtra, India",485.2933406126814,1
cotton,33.503210727950695,12.244933217071827,59.23673198749563,2.223333891814661,41.47767167196588,"Haryana, India",311.6464591316802,1
cotton,42.03543509058077,19.103154391836913,61.72254386411038,0.0,56.015084605974984,"Punjab, India",441.03154391836915,1
tomato,42.84978061007569,17.37747606962607,47.60667210643276,0.0,50.94059306462439,"Haryana, India",425.48454879710005,1
cotton,6.409360061240741,32.0400200214663,69.50395415335166,0.0,43.618131216646525,"Kolkata, India",635.3224025430815,1
maize,43.54765939820248,27.48485088380425,73.5571205736326,0.0,30.909059170240326,"Kolkata, India",745.2850657889927,1
maize,37.12345741671997,24.31551006018868,57.556389751331636,5.375360350966372,51.08462991185367,"Haryana, India",322.0658556737082,1
cotton,28.20736073601691,27.052660072046258,68.8028507898378,0.0,77.18720686364827,"Punjab, India",520.5266007204625,1
wheat,10.047093150135906,27.354453264110326,66.03968436234412,0.0,26.082790548191813,"Kolkata, India",472.4573012028949,1
maize,24.372563004036405,33.16537492299258,75.11847083639415,0.0,54.96116879327497,"Maharashtra, India",672.0585298473304,1
maize,6.510037822496121,21.82843462979714,60.83442978498067,0.0,49.23272041531483,"Haryana, India",570.5764142267083,1
rice,24.744400465417918,16.710166233016224,78.56216709814463,0.0,31.853354340708695,"Kolkata, India",691.4543465979154,1
tomato,4.705831349528587,36.617228974124764,67.25385029981418,5.240060481754766,53.490271033426446,"Kolkata, India",342.5159446249196,1
wheat,46.170934410376816,16.674584768718397,75.28457581183159,0.0,22.202776608984,"Kolkata, India",387.39884002815313,1
tomato,42.68451336448286,24.011198336117857,76.68999660311154,13.170491669398025,40.23601376325358,"Kolkata, India",89.30740309322061,0
cotton,12.212184244021612,11.478041841986125,53.70115447636189,3.1222888628088814,70.24835117712647,"Punjab, India",208.66597527941715,1
wheat,13.139990836330623,25.917211850808986,76.19790350740188,0.0,47.97519689167012,"Maharashtra, India",381.45832012105666,1
wheat,3.1108256320297607,24.60466329067722,54.20875890364253,0.0,35.74450258935812,"Punjab, India",414.09401562319835,1
rice,2.476165361905686,36.849682940402715,55.76317363116077,0.0,39.945601530461914,"Malda, West Bengal",965.2587972414872,1
cotton,11.952203291840746,27.93006689099547,85.60592335982366,0.0,37.07602293828086,"Kolkata, India",624.1723993929008,1
rice,42.48498416485739,21.288301601166488,85.07507394826652,5.081685438317237,30.18555208356959,"Kolkata, India",522.5285280868959,1
tomato,3.2831025951231263,30.36814251037265,54.695972334695014,0.0,52.784424452727926,"Haryana, India",546.7272860258025,1
cotton,17.49213670869019,28.96280117266313,76.44759611452298,0.0,25.974782812401735,"Maharashtra, India",696.2562141354043,1
maize,48.20241684000893,33.85021830585495,58.67122161509627,13.492140928944558,75.95400252235765,"Kolkata, India",97.3524013644045,0
tomato,40.200894379001994,27.67535939930897,62.722646583954784,14.702351892869459,36.29302731064914,"Kolkata, India",148.31978805992958,1
wheat,24.077956434241763,21.173197278098932,71.78575953174088,0.0,57.52868362547968,"Haryana, India",323.2123809466925,1
tomato,18.963491860559717,29.324777288678582,60.118366523295904,0.0,79.73065808095198,"Malda, West Bengal",488.92299559810726,1
cotton,7.823937538415589,24.549812801968137,66.38367476382841,0.0,45.530339556310565,"Malda, West Bengal",542.4201182479828,1
cotton,2.2043497743790708,32.55583748901312,52.756810291218954,0.0,25.202394055738413,"Haryana, India",747.0609914190883,1
tomato,45.70486947082389,31.697777680127345,66.12638035447189,29.39455572571274,65.08539905187816,"Malda, West Bengal",60.27999912114615,0
wheat,33.99255306084907,28.793254575069053,68.2584939025078,6.037254053615224,62.04850508010442,"Malda, West Bengal",74.69007934472211,0
cotton,10.63771924828237,31.246823421687633,73.11203527862673,6.897544243402848,36.96592742360592,"Maharashtra, India",319.02695162456763,1
tomato,45.966819337140635,26.337171613275515,71.2743115762355,4.73141020732471,57.73237381929053,"Kolkata, India",247.49211406167663,1
rice,42.59995930226555,27.471705938091993,86.65309046060091,0.0,36.439326892581086,"Malda, West Bengal",840.978763702334,1
tomato,30.60646314993911,34.14821065556399,66.27324416048026,2.602363086589305,37.99576384838397,"Malda, West Bengal",532.6600965370632,1
wheat,8.816992583537589,19.20857001816998,43.184229002325594,10.754061349555618,73.06060567827726,"Punjab, India",0.0,0
wheat,17.27776637974821,28.180777425197178,43.76466615601594,29.177668675464986,27.863517848257423,"Punjab, India",123.28518719540631,1
maize,25.346297554026165,29.281109180409892,69.83439891930038,0.0,67.86828088046435,"Maharashtra, India",597.0922009845088,1
maize,46.97441026954251,25.88278545068436,56.326554313004934,0.0,61.34726542974549,"Kolkata, India",559.710639957528,1
wheat,49.84205444371489,20.24568857266656,58.211448784916925,14.97832692158088,72.44082027852295,"Punjab, India",0.0,0
wheat,3.5791520305217035,23.278182092454525,79.31340923183002,8.986627465867166,70.36719405257304,"Malda, West Bengal",0.0,0
maize,10.037481626091665,24.03528999096798,62.78949970477011,0.0,48.2975819117157,"Malda, West Bengal",602.5096510016505,1
rice,4.227420963124253,32.708144321647445,70.5784502976348,8.10149936389515,39.75383692048367,"Kolkata, India",496.8767569652695,1
cotton,23.28759097017393,21.139238008986695,64.82319482755443,2.4015750682000014,21.31080271917211,"Haryana, India",496.75301584704937,1
cotton,7.154454654792724,37.74537893350379,47.8395656372416,0.0,21.626399140173987,"Haryana, India",836.857712567567,1
tomato,1.0204046148118477,27.978994243548737,57.63550811954785,0.0,52.13254838586789,"Haryana, India",526.2440925366224,1
wheat,19.76582662186022,32.486500937718546,59.34351968394404,0.0,77.7235099364811,"Kolkata, India",402.4055065640298,1
tomato,27.591584833676873,25.440490084455607,80.13232426815183,5.920488289214558,77.12863502458109,"Kolkata, India",157.93999629937252,1
maize,49.9402503228749,25.5526765873697,53.73684723816993,3.6785174724564293,46.37377650637392,"Punjab, India",447.9261964701001,1
cotton,16.1646279782836,25.71829660813754,69.61952241509861,0.0,76.6824429003489,"Kolkata, India",507.18296608137535,1
maize,28.7572698457987,26.22745738165376,75.58336423211705,4.979102002218257,46.99662045613158,"Malda, West Bengal",387.8212389413872,1
tomato,36.79143871777158,37.94166996790298,87.80499306477608,0.0,30.14971363054521,"Maharashtra, India",749.7313240341304,1
rice,3.3581834336182816,23.41206973766863,67.01740512685092,2.9492566809943885,60.08019504458084,"Malda, West Bengal",491.110597516603,1
wheat,42.66637332902495,25.886895854572337,39.00126767780954,0.0,40.27889302819017,"Punjab, India",408.64607159570176,1
tomato,9.781470627389528,20.913581249834614,67.75785656793221,4.050689485138756,30.92378773291132,"Punjab, India",341.1676858654037,1
wheat,35.49433776542442,32.28469651859054,68.55056278238919,7.9803676377061326,75.54964246661103,"Maharashtra, India",50.99287563013377,0
wheat,5.076251093334797,15.693544866249317,65.97809559527835,0.0,34.639718141148336,"Kolkata, India",342.85205709563155,1
maize,27.742388302518176,37.79327384183545,66.4376948231601,0.0,39.379380990612106,"Maharashtra, India",833.1579916471017,1
tomato,8.451363824618259,24.282035381381714,67.37904715054349,4.617794276056533,26.384705774170676,"Kolkata, India",372.8337733357786,1
rice,37.491229099212916,25.425610286489075,75.9495345140532,0.0,51.34980853343531,"Punjab, India",717.9609978372364,1
tomato,39.4234169420545,24.2292360503074,65.40507977349104,0.0,20.465998529238124,"Haryana, India",629.3002847016461,1
wheat,37.109268272476264,28.54304186616721,65.69690680045358,20.56700398734173,47.6197430385659,"Malda, West Bengal",52.46259158601009,0
maize,7.122018177201416,25.16744502384264,53.79816561312795,0.0,52.6880651165659,"Maharashtra, India",592.1922153033546,1
tomato,14.841535195041624,22.273382581464546,48.2026677239962,0.0,62.24188715549941,"Haryana, India",426.5586112854349,1
maize,18.65060454529758,27.46824386931535,69.32770437849013,0.0,68.00825496512456,"Malda, West Bengal",577.1506825624689,1
rice,3.8678470475376496,20.314106120987198,61.071704026819205,0.0,66.66367460406758,"Malda, West Bengal",561.9111858172976,1
tomato,18.303940280541855,20.362519505234808,81.2790899325357,14.092040152918223,20.58965315418727,"Malda, West Bengal",129.3669789109034,1
tomato,16.804273830452747,31.233374136404688,62.602134963301175,0.0,68.69762086669121,"Haryana, India",506.1003672276422,1
maize,22.59315481933478,31.65967271158155,85.96652268766096,0.0,33.50966145295591,"Kolkata, India",788.3591301577932,1
cotton,30.67925445965098,28.11054296744953,85.56881836546692,8.432812412387728,40.026595824187865,"Malda, West Bengal",188.9893716399548,1
maize,28.680596728403998,27.621293980175984,92.78243070582275,4.650840837639221,49.520103765924965,"Malda, West Bengal",406.953418967625,1
wheat,6.668362591077204,22.751091980365278,61.5332866213718,0.0,53.238769233204835,"Punjab, India",340.14469232662896,1
rice,43.451253847002334,22.9851754992392,73.17908384095675,0.0,68.47743968654115,"Malda, West Bengal",584.5893448528104,1
tomato,22.213126412581232,24.997218521225825,54.31907110423259,0.0,35.933455880744816,"Punjab, India",569.5177647426094,1
wheat,2.201654488410398,22.637572019968317,72.2327083592026,5.462368928147022,52.72567701270278,"Malda, West Bengal",67.92858348970998,0
wheat,34.73634839767925,25.49806954939783,69.38501769565738,3.572568957098479,72.6276537139101,"Maharashtra, India",174.85803899086082,1
cotton,13.723631458597142,24.334890596799553,68.49202309262218,15.55954336864925,58.586261157071014,"Punjab, India",0.0,0
wheat,2.9407948619363213,22.962638561898466,65.95638007309978,6.862274151745636,76.57896704426814,"Malda, West Bengal",0.0,0
wheat,41.83120239130663,22.88324659854869,73.38384026811141,0.0,36.50593289354747,"Malda, West Bengal",397.17164450062705,1
cotton,17.37761769532793,27.604382555922886,53.35439030377326,13.929965572421173,63.51958344415269,"Haryana, India",26.043825559228935,0
cotton,3.731199499539963,28.436526185224974,65.71929865211797,0.0,27.70099559688169,"Haryana, India",680.2416582140302,1
tomato,45.63501919220263,22.292454997768793,59.283531141883515,0.0,69.5834186960333,"Punjab, India",425.63209497991915,1
tomato,23.23751095190084,25.478507443111365,63.65268109733395,0.0,75.71333197364817,"Malda, West Bengal",454.30656698800226,1
wheat,15.92681937440512,22.264803396503627,55.43585598389576,0.0,41.60359411584356,"Haryana, India",375.1761180989347,1
wheat,18.086556724727668,31.62418530057851,82.65445519891654,0.0,36.08859377671525,"Malda, West Bengal",471.3283050237749,1
cotton,5.575195312276168,27.97689155548239,68.70807185541686,0.0,64.20958734509024,"Maharashtra, India",529.7689155548238,1
wheat,28.851646381276794,22.327133067137133,34.801866676617664,0.0,40.03414829159324,"Haryana, India",380.87029133863655,1
maize,38.12172763925711,16.316236487487675,62.38644730191059,0.0,25.48119456341335,"Malda, West Bengal",611.3591855175592,1
wheat,29.330536305970647,23.525172598159635,50.024275016907865,2.5869152822031953,55.26790696230109,"Haryana, India",210.33044407695766,1
cotton,5.919803141445877,18.097714239967434,78.41038510507548,0.0,77.99353511330858,"Kolkata, India",430.97714239967434,1
cotton,13.389953885001466,30.52050537240423,72.9114671151253,0.0,73.58682447934835,"Maharashtra, India",555.2050537240423,1
wheat,14.547998180556682,21.517993177474445,85.94575820454325,0.0,57.18487126949396,"Kolkata, India",325.6259522423211,1
wheat,9.61301550636737,35.336121021561574,67.43234330479464,0.0,62.1966336639471,"Haryana, India",422.352847150931,1
wheat,33.80516865106129,30.23505182191249,74.960188505063,2.1935397323194503,45.91936228780645,"Kolkata, India",312.07824076004647,1
cotton,47.719869250057236,30.15487244915549,68.66503310795477,0.0,33.06373398097601,"Kolkata, India",672.5379199205561,1
tomato,45.78433002484547,23.695838301016185,66.2657030498382,0.0,50.03717194003586,"Malda, West Bengal",492.88245210747,1
maize,13.042280242052056,25.85942417125665,69.18550823793665,0.0,69.9616247809652,"Punjab, India",559.4536658838232,1
wheat,45.625829228569536,27.20663247260374,77.52367096660775,23.09872078869808,31.800033943418434,"Maharashtra, India",100.22987439872469,1
wheat,30.877317792572804,26.236564905698085,45.00408449141816,0.0,31.413675849208254,"Punjab, India",443.2497103166079,1
cotton,23.71845734731089,29.172463603523006,41.614668775102615,0.0,50.79563027422654,"Punjab, India",564.5007426297518,1
cotton,6.950861442030626,22.282202701172498,70.41645687850593,3.825398744702175,75.42388375260657,"Maharashtra, India",281.5520897766162,1
cotton,18.02619583657716,28.482000588669706,75.75065039348542,0.0,60.96026914776556,"Haryana, India",534.8200058866971,1
cotton,23.050555708510387,26.840076702662643,64.45211534611484,0.0,79.49746057767369,"Haryana, India",518.4007670266265,1
cotton,34.742993137528124,29.712294567963102,48.62412457924036,17.173114506113386,74.61176744868177,"Haryana, India",47.122945679631016,0
tomato,24.717323640674838,22.572545567060757,76.61888186240256,30.21731883724015,77.17006335023507,"Kolkata, India",0.0,0
wheat,31.393614292259894,30.311668312100295,59.266948429104424,2.0370927770501313,29.753672355884905,"Punjab, India",383.0761943846886,1
rice,1.892014560757226,33.24926759886675,40.73877631238824,19.316257412276723,34.10187792871512,"Haryana, India",349.915929445648,1
maize,43.49336512389897,32.09401887868631,66.57957602780954,2.0706783301500304,68.32976276193466,"Maharashtra, India",524.500291158048,1
cotton,20.978448579546505,21.4408088813157,82.55668520646805,16.697682719526682,57.81050509322249,"Kolkata, India",0.0,0
cotton,48.23548508478133,23.466985958620924,61.50670514170592,5.170663924030789,68.95734736491241,"Malda, West Bengal",226.13666338466976,1
rice,4.87564987376454,20.11518943615016,88.20543907941816,44.81406742462024,69.25094055578774,"Malda, West Bengal",0.0,0
rice,3.968400438198878,29.62764186518993,56.36671871162883,0.0,70.57672894737183,"Haryana, India",655.531702382279,1
wheat,35.57488551550735,22.152188094174377,60.47302674776974,0.0,58.23812939228144,"Haryana, India",330.0653166592207,1
maize,2.2029588184461826,30.822075028081017,73.62542570136438,6.947809428520804,73.46130097803268,"Malda, West Bengal",266.652353882851,1
tomato,35.89016476581297,26.677631128123565,57.945349803712745,11.855618190699236,21.728070832791122,"Punjab, India",204.72838458276237,1
tomato,12.20550815581538,29.431767775072665,61.61107325974264,9.053102363562191,29.750663917847376,"Malda, West Bengal",200.32029305269248,1
rice,42.65327930085325,26.671890891097313,75.36515583504435,0.0,28.63256932338681,"Maharashtra, India",876.5666944172065,1
maize,22.046989847287886,18.910779641449047,56.18734088208495,0.0,64.78518980059094,"Haryana, India",483.01857605593955,1
rice,43.95992993373312,22.224554547803383,60.80096997132409,7.8014056264177825,24.15846638229769,"Maharashtra, India",436.40589383884895,1
rice,30.082805773510568,22.733520110703026,55.60257677332475,0.0,23.343679142059067,"Haryana, India",840.0506929241087,1
wheat,49.78443624538029,15.913306009387943,41.676740750158594,0.0,75.00536018712481,"Malda, West Bengal",286.39314206571555,1
wheat,36.0756136656534,24.832437712075507,81.38175256620599,8.235022135159872,34.74911522135448,"Haryana, India",69.46763078876745,1
wheat,31.761446744469936,21.62517686137091,76.24546802023855,3.0441220131407043,57.3772426510029,"Kolkata, India",174.17013737256116,1
rice,39.010256092761374,23.17211816063005,50.28684278848882,0.0,75.59512299310288,"Haryana, India",578.0654179275606,1
maize,21.236719427249476,21.71915079669125,55.35566074032994,0.0,59.984438281695134,"Haryana, India",513.9906320926592,1
rice,5.919377120415202,21.709876523856074,72.3160110215844,0.0,66.60928203441686,"Maharashtra, India",579.524120386226,1
maize,30.917723282632032,21.129629341955127,67.11328068848637,0.0,43.363386780012405,"Kolkata, India",591.8444109092911,1
tomato,34.39389561210972,24.62828523214037,57.561139346744156,7.29545210803004,34.05950393903161,"Maharashtra, India",208.9127362469187,1
maize,5.630017960799381,20.72191264025147,65.65424432276258,0.0,79.87864733349562,"Haryana, India",502.9410390427662,1
maize,49.022929786916706,32.37546510940849,62.90870112203894,3.2965919566289332,57.9851075897743,"Haryana, India",479.0171111820795,1
wheat,31.375314441335984,24.61209604198743,60.74029352341238,0.0,22.226799197738135,"Punjab, India",461.1009753002729,1
tomato,33.78123924832181,20.603520316601728,82.87970499583194,18.80452133099945,33.02619376819342,"Malda, West Bengal",81.40152176639515,1
cotton,47.07337524098809,26.369286401995627,47.123678035544664,0.0,77.89571609010954,"Punjab, India",513.6928640199562,1
cotton,48.038155343795445,28.188131619225096,62.264990182000346,0.0,59.956829964827854,"Maharashtra, India",531.881316192251,1
cotton,1.1574195711997142,15.834996321649763,76.12349709485754,0.0,24.332791120111278,"Haryana, India",533.5794993970497,1
wheat,25.409410535502406,24.559380794966525,75.88507294353629,12.448543531271234,30.34318172630997,"Punjab, India",82.45403078603215,1
cotton,30.849253833927456,24.045591041527175,65.34008096228146,0.0,35.19193442076862,"Maharashtra, India",587.6057387875451,1
maize,48.95789411480576,11.501647386083645,76.28652947954217,0.0,27.948239380515595,"Kolkata, India",530.2117483128342,1
wheat,27.53925620647712,26.1743853888908,66.73484828753945,0.0,71.36921731967962,"Kolkata, India",358.22069772223557,1
tomato,5.543641821591864,25.15402348745218,58.71651324263122,0.0,74.172081405929,"Punjab, India",451.38621138706964,1
tomato,32.14049055480301,28.905869283053455,50.336159307318,0.0,27.608107947605603,"Punjab, India",654.4318230288117,1
tomato,2.703197444170481,23.94015065443486,37.167785187162025,8.037955554725146,71.19054873546801,"Haryana, India",38.563578153656465,0
rice,40.8239402732829,25.11428754922562,67.37512893622852,0.0,52.141338227361786,"Punjab, India",708.7683439489101,1
tomato,39.944647728671455,33.41606410965951,59.360521368885706,2.5702864584501492,53.25125906028747,"Maharashtra, India",445.8550079945373,1
rice,46.75974215828207,26.99133886089663,62.15507023184109,0.0,56.274446615494526,"Punjab, India",709.5292539788177,1
wheat,28.093327874598195,28.098225801415225,71.89393085100427,7.9303138263130375,32.62758033059205,"Kolkata, India",104.84308600302381,1
maize,14.872913325650707,24.81337348101737,50.07712009470747,0.0,39.725607653267,"Haryana, India",659.0400548787251,1
rice,25.12706313028446,29.76500796382991,50.75707541144135,12.907424366832583,34.253600874066194,"Punjab, India",292.0983155031597,1
tomato,36.277049462534386,19.668916394781487,83.79009013402093,0.0,60.9995817576638,"Punjab, India",408.0522326852042,1
wheat,45.342627726115055,27.20847260995168,63.1614610684079,0.0,24.916306342288767,"Maharashtra, India",475.4029670130974,1
cotton,19.124836801855885,28.42252572846431,72.97994549612237,14.120006785882092,59.53410839449143,"Maharashtra, India",34.225257284643135,0
tomato,26.639370006137906,24.911909099142594,53.33731106279622,0.0,70.22971785170154,"Haryana, India",449.20718189228336,1
rice,36.51305314789206,28.084863950184364,65.52485526348607,0.0,32.04277057482753,"Kolkata, India",878.8128905975583,1
cotton,10.152338507290478,30.8900026208578,39.8686122485819,0.0,61.96308445924203,"Haryana, India",558.9000262085781,1
maize,26.875933048021363,27.91400599150675,54.77181239269652,0.0,27.080361597162494,"Haryana, India",773.6641597120321,1
wheat,1.8597928443927503,28.59531111802463,45.22525363061264,14.902098446766178,50.32122009426956,"Haryana, India",42.72042435519933,0
maize,37.29596833071561,21.61404881173353,64.1555074147423,0.0,29.28716209076672,"Punjab, India",670.2360067283333,1
tomato,36.631214204648145,18.940741458390278,52.61237280111752,0.0,58.97257751621963,"Haryana, India",409.4164534692,1
wheat,23.269092649065993,20.837544108846842,45.93525995965538,23.676997487501062,20.600624633548186,"Punjab, India",81.23761075928388,1
tomato,28.798104478312055,33.0881679486636,65.81046780841177,0.0,49.946519486456395,"Kolkata, India",588.4222931349622,1
tomato,12.432685119908463,25.889450190337072,71.25346032188352,3.0640731397828116,31.9406776649113,"Kolkata, India",444.7646347878688,1
maize,46.0710927671834,25.267703153077505,69.71609563251387,16.579157305784648,75.5999332332122,"Punjab, India",2.9447346838525164,0
maize,16.119896984933987,29.28968146376538,65.45779151602366,0.0,61.55084076567158,"Haryana, India",597.1864961014192,1
tomato,46.61713286307144,26.504975189587704,59.90832230075038,0.0,53.94452156425408,"Maharashtra, India",503.20325011742244,1
wheat,39.13834992813653,19.135080742673033,42.65336078467009,0.0,42.75700350365267,"Punjab, India",346.7697599216099,1
cotton,47.81720703321503,24.999597170966595,49.07498106198077,0.0,49.59684964031361,"Haryana, India",527.0115058535143,1
cotton,25.30755520714577,29.625845650259755,64.1994225146591,6.371944983657839,45.168889105389184,"Maharashtra, India",281.36448194966533,1
cotton,27.434237097173494,30.32622475171971,63.099568133525075,0.0,30.00724011102045,"Haryana, India",691.5377525955419,1
wheat,36.145511008989814,24.625051904363897,51.42432425853856,6.117000737415673,21.084865532341126,"Punjab, India",159.33814804083727,1
tomato,2.3424743761817934,29.21575857311621,70.86560768106878,0.0,72.96938976070962,"Maharashtra, India",487.9418271580459,1
maize,9.933514302601095,32.57524991334695,64.13812664181891,21.91846890148817,40.45686809855658,"Maharashtra, India",207.09982641147826,1
tomato,47.07355536390349,31.98896261071189,82.44714576818409,0.0,70.13241347262245,"Malda, West Bengal",512.900663496407,1
tomato,31.285868320957107,31.35511973180384,73.27289269283412,0.0,68.23159317492936,"Malda, West Bengal",507.19607758623454,1
maize,35.823564630041844,26.634277003052187,46.1070126978901,0.0,45.92697420811576,"Punjab, India",647.9086033545914,1
rice,22.884647455035044,24.406258423769334,44.70188151458155,0.0,39.183250960391256,"Haryana, India",775.5799331049946,1
tomato,44.12190874325354,22.72156140269278,52.64288755143332,0.0,38.69073794083916,"Haryana, India",531.7534171420492,1
maize,31.74380986397352,29.176399949539135,52.93596749281954,0.0,20.810818538370953,"Maharashtra, India",829.4845639865613,1
wheat,42.506024318989596,26.79195344503338,85.01306537077225,0.0,38.98727459200746,"Kolkata, India",420.59679713535337,1
rice,10.12594419952453,17.8091025029777,81.14076223049092,13.552019630834405,62.46519245632389,"Kolkata, India",0.0,0
cotton,4.297808273073128,17.023075499121273,39.6090448675628,0.0,38.92498347552101,"Punjab, India",487.782918296993,1
maize,43.63868281699072,19.711877566897115,67.88340422608854,2.9915478432846676,27.542354390726942,"Kolkata, India",501.88991149670574,1
rice,45.0654558589373,23.35588450453527,78.0427839163253,0.0,58.12567524217832,"Kolkata, India",649.1738312414515,1
tomato,4.117712005794437,34.99160903820517,82.33547813505866,9.302380863036912,22.251719451908187,"Kolkata, India",307.23480134294766,1
wheat,27.257357431751746,29.333530304293046,54.373841813870776,0.0,23.893956772304566,"Haryana, India",498.64179209515606,1
tomato,27.309047678525104,18.18321871059875,67.25878220553713,0.0,57.92734570694139,"Punjab, India",406.42054213364855,1
rice,45.838780644302105,20.927911631112178,79.56238797367314,0.0,60.6478012543984,"Kolkata, India",602.6781744786967,1
rice,36.04603602882312,29.017265125935488,71.09774386790373,3.1232438327306795,30.42029821726039,"Malda, West Bengal",748.6034592511367,1
maize,32.45699570111553,26.549843304923527,65.21845109612117,0.0,79.50990754781782,"Punjab, India",567.0482763541588,1
cotton,21.626123423599008,32.53639298549878,63.55544384585463,0.0,28.430438186515595,"Haryana, India",728.2356048503017,1
tomato,16.81175548181284,33.60930752397126,63.13321037686555,0.0,72.94647148085491,"Maharashtra, India",527.4837677157414,1
cotton,43.73137533315118,19.917095979321452,43.784698525749725,0.0,76.4414112633939,"Haryana, India",449.17095979321454,1
wheat,10.658394321056555,25.720627387709797,72.87800535129942,23.708738572304274,66.4957083383573,"Kolkata, India",5.044391713968537,0
wheat,44.42836369224815,24.034481248310605,46.28788997651544,0.0,26.17430530052004,"Haryana, India",442.18307777295655,1
cotton,19.66867938607201,25.812495884627534,70.0139010715954,15.27127031623113,35.12863735033662,"Haryana, India",109.09631213207149,1
rice,4.238896823266927,34.72905213582082,85.98528622214137,32.88347255732289,72.4501352889241,"Kolkata, India",116.74862562984993,1
maize,2.1080865361631655,31.78147501045673,98.24673305852818,0.0,49.0527883608585,"Kolkata, India",692.9720957684543,1
maize,42.13426044549702,30.13477374128066,72.22946899720908,11.55626630746666,44.34286545085686,"Kolkata, India",151.4402939425048,1
tomato,49.10390843174466,29.52327043499671,58.51424774941985,0.0,49.20506290113893,"Haryana, India",555.9489444921429,1
wheat,27.13698999697075,29.530642745546633,81.90746116025247,0.0,58.85118773420979,"Malda, West Bengal",381.7144992188264,1
maize,35.84091841930619,25.16249931443931,68.05593834995176,9.511528927398087,27.612369683785598,"Punjab, India",254.9219392776041,1
maize,24.383406496119317,27.800528081241442,50.95760433738411,0.0,43.01654242130951,"Maharashtra, India",679.4467170616799,1
rice,30.387741485662843,21.325981463948207,43.4330748044041,35.820261045140306,27.838062893441585,"Punjab, India",190.29495159328758,1
rice,39.13332134981767,24.631353739166197,54.857296470506114,18.483132069787295,66.28840069157638,"Haryana, India",17.681648655724416,0
rice,42.7985140775821,24.314712569776873,71.3791652091806,0.0,70.73064865043364,"Malda, West Bengal",591.7765508373225,1
maize,12.028641013149342,28.397537740008044,77.2894119457045,0.0,29.341555865355975,"Malda, West Bengal",767.4523121903426,1
tomato,23.84908896111487,28.443531195223787,67.31529903802877,0.0,63.78623069442087,"Maharashtra, India",480.9917807570141,1
tomato,4.460904353005127,32.76091871718385,61.265989787652444,3.227393975766656,39.56636339832761,"Maharashtra, India",477.6986824337988,1
wheat,12.892757113757346,28.733056823010784,63.2557781678707,0.0,56.41838697645593,"Punjab, India",376.1313977610755,1
wheat,28.16818539338366,26.216969029538475,39.065610447933416,0.0,61.78174595198183,"Punjab, India",358.5187832067693,1
rice,12.413738691431327,32.2924258595979,73.3560802511997,8.610940788377905,37.67619997642736,"Maharashtra, India",479.1911408584001,1
maize,1.7818554773495148,28.199129035155412,37.495922645524956,5.329850412942288,72.88461993939501,"Haryana, India",318.69789873959513,1
rice,9.59873802934984,20.255742950353557,72.56079878666021,13.940654246732532,53.606958980560904,"Malda, West Bengal",32.09442547028323,0
cotton,37.5018920438326,15.263804876644512,80.33780815743162,12.12860731700546,78.48619060522478,"Punjab, India",0.0,0
tomato,18.839326134445955,30.95875172723278,71.79070531457195,0.0,64.37379488667608,"Malda, West Bengal",503.628765545095,1
tomato,33.62313069897512,21.990453977750214,30.450264587260534,4.1203317494335385,67.43081645201886,"Haryana, India",216.89749832807496,1
maize,42.79277590962117,23.767828492705107,74.25672209502721,4.903499235292984,75.24538706328403,"Maharashtra, India",291.271151655107,1
rice,27.759179327797014,12.054680326557502,80.62212524038256,19.070134232163262,73.97603568579416,"Punjab, India",0.0,0
tomato,10.170268562006115,28.98589871902813,57.272256065056204,13.172627988938542,51.82545321963456,"Maharashtra, India",87.73783859332332,0
rice,18.877910565016993,33.923875195925476,60.13450364619293,7.214929938474136,49.10437454856172,"Punjab, India",494.0901525763613,1
wheat,41.008851749063226,27.21869645634903,55.267238478217564,0.0,53.35224885193756,"Punjab, India",371.5539143869824,1
maize,7.350680505422166,28.539161862569426,95.68226041505824,0.0,40.2799268617094,"Kolkata, India",705.068361134455,1
cotton,20.650300579259522,19.516214164853395,67.13128107694516,0.0,61.846869689858366,"Punjab, India",445.162141648534,1
maize,44.98054707316402,27.549187965999614,76.61102777681174,0.0,25.32639601737396,"Malda, West Bengal",778.4687382715771,1
wheat,16.370685374236224,23.265069582722806,48.24912421039509,0.0,35.07152027626803,"Haryana, India",405.184949317126,1
wheat,15.160749895170428,17.864975395666256,90.22590230569482,15.722026329787393,73.61059828359907,"Malda, West Bengal",0.0,0
tomato,37.34988730795891,32.46053391991213,69.52094695793065,2.6534248038480914,27.902572112381307,"Kolkata, India",563.392366167845,1
cotton,13.033457586813846,32.45379212061214,95.87908973530685,0.0,33.991253265296976,"Malda, West Bengal",695.2411379671431,1
maize,15.813743822960635,20.647552243843748,52.37230224301436,0.0,24.36417570663179,"Maharashtra, India",681.0587713125169,1
maize,11.280149687494642,31.13447309128957,60.995775412453554,0.0,64.45299240331913,"Haryana, India",617.4792040041852,1
maize,18.098724959024377,21.974218821970013,69.10418499685571,0.0,64.72386434849237,"Punjab, India",516.7164070416702,1
tomato,15.48699657706254,34.613722334425674,63.308773143571834,0.0,52.70500477159341,"Maharashtra, India",589.075952333024,1
tomato,45.21204430082625,25.95665814389767,71.87331554267642,0.0,69.42466771473798,"Kolkata, India",458.60992329507906,1
maize,8.12118031399194,19.94098239495614,68.10497499150267,0.0,55.47806893539468,"Punjab, India",516.7050090247373,1
maize,44.498327370474264,32.99848069486174,73.66649812147294,9.978070831634874,71.46584874716177,"Malda, West Bengal",139.07974606173542,1
tomato,11.56832614202172,26.03147310097519,80.40287944035695,10.281983296099348,76.62644722068896,"Kolkata, India",9.283257908776704,0
wheat,12.287179741072938,26.875874746545016,60.34723660400442,0.0,48.62658906163557,"Malda, West Bengal",386.27496195409486,1
rice,34.11899912713064,17.952395084595103,48.02690849300973,0.0,38.25845550925186,"Haryana, India",679.0337841625653,1
tomato,9.191198992913506,21.37906867029074,59.42314397102644,0.0,56.10958091798287,"Punjab, India",444.0859697219295,1
cotton,39.74558224103959,28.1753916909293,51.945299707521315,0.0,26.770432671013065,"Haryana, India",681.8657469077272,1
tomato,31.98722891485912,25.740134064207552,62.9606186920223,15.348204441443306,47.20497383745608,"Kolkata, India",76.50765759814158,0
wheat,3.2098766218499586,24.62598847623656,32.987565265490815,0.0,38.95614934313821,"Haryana, India",403.1153556804877,1
cotton,43.799980137704246,27.837850529004953,86.62259597505667,0.0,38.21023454887713,"Kolkata, India",617.0920170223976,1
rice,16.187194184017944,16.964793025340917,67.25154699330207,0.0,38.770677680340086,"Malda, West Bengal",660.8413620000335,1
maize,26.577449719495462,24.048795777933922,45.02553331394252,0.0,67.98151172016748,"Punjab, India",539.5367535572732,1
rice,41.30126530318229,19.60933429907417,57.58710133473833,2.5605396622536913,59.99154990712302,"Haryana, India",460.86146399725544,1
rice,6.978616358402011,28.158158148187987,62.39675468117834,0.0,51.21941757148314,"Haryana, India",757.6988382802774,1
maize,48.30563697227221,29.043677945622086,49.42869427427769,4.402102090927276,60.56558204987461,"Haryana, India",374.37535285547915,1
cotton,4.905981877352437,30.211486635069512,55.23195978557375,0.0,29.391752804944474,"Haryana, India",693.5018061264316,1
maize,8.390046796184407,26.22441717278446,52.00362330137584,0.0,55.940662652814055,"Maharashtra, India",586.341679769534,1
tomato,21.879967291718526,33.73993526837369,45.711539829872315,0.0,26.434810009750763,"Haryana, India",719.3214407075587,1
cotton,36.906180222495756,21.604192923228347,58.94131553836707,0.0,68.87391272681016,"Maharashtra, India",466.0419292322835,1
wheat,10.431288462255386,20.092160027218007,71.41171183853795,0.0,29.137414824059316,"Punjab, India",397.27910825350125,1
cotton,21.661624100836153,23.682923475910922,77.28137599286538,5.353514185459359,48.69702005066258,"Maharashtra, India",249.83827454052067,1
wheat,1.9746299496147979,32.7930518337085,76.16562349241946,29.592588346211876,26.37671069423215,"Kolkata, India",170.34726981092285,1
rice,25.744261426018106,32.62987550357308,64.08924139646973,0.0,43.01404346043753,"Maharashtra, India",878.1821839292553,1
wheat,44.86369433273359,21.143998502253545,42.260303838878706,4.226082145024575,22.26707039574078,"Punjab, India",217.4338600888776,1
maize,38.38089094378937,21.332630864111326,56.51583271838201,0.0,42.630727507054615,"Maharashtra, India",598.1829894925427,1
cotton,48.90375782833819,23.990277790324114,68.66768603285023,3.8965717873642416,42.761935892251195,"Kolkata, India",355.0288045604701,1
maize,30.959718111114427,30.401918692118358,73.6208874828852,4.360719869235339,53.95331630610554,"Kolkata, India",428.23487877180577,1
tomato,2.4580965748493506,36.522960466486886,53.91887541741131,0.0,58.28839415097616,"Maharashtra, India",577.0265856118747,1
wheat,25.823735227004185,22.912564219208026,69.25586176567964,0.0,42.963751479066275,"Malda, West Bengal",375.7560766496871,1
cotton,29.85264369788789,25.190950980750195,55.12311157351359,5.43009052606246,72.93410486124591,"Haryana, India",230.40498350437895,1
cotton,48.68164502453822,24.66242487327439,72.54540780014904,0.0,25.586429390503405,"Maharashtra, India",642.6991727976315,1
cotton,44.43332443245748,21.516812459891803,92.93949331386827,6.701626904046509,50.536506860557175,"Kolkata, India",150.84952672494018,1
rice,46.68734382677418,26.912918072423818,75.30956649146339,0.0,74.16975842215788,"Maharashtra, India",622.9550168690859,1
cotton,4.243703009810199,36.336949508762665,85.08979199129904,0.0,37.55090122046187,"Kolkata, India",720.3969441690208,1
cotton,18.001968619797616,26.937991641061807,51.73135443930171,0.0,63.267365366885976,"Punjab, India",519.3799164106181,1
rice,42.205458163414185,21.848585996102763,42.41944808562802,0.0,29.442295000994626,"Punjab, India",790.1915676072896,1
cotton,40.209048937374895,33.642520044221904,64.63663711064272,24.660752833656858,44.26946386711457,"Kolkata, India",149.3517684680172,1
wheat,35.435073026330755,25.26428930601772,71.65808389037356,0.0,43.519882633348914,"Maharashtra, India",392.24282098303127,1
cotton,17.85681322712877,31.07056483599053,42.45389121707283,4.7607547177701965,32.493908516492866,"Maharashtra, India",448.86083864446766,1
maize,40.39233920540535,20.71825740859398,53.883662633054406,0.0,71.93870218236393,"Punjab, India",502.9008314945338,1
rice,4.387544018243535,32.460301671632614,62.50828273396758,0.0,69.00760217446086,"Malda, West Bengal",696.3664374716417,1
maize,35.17251583850572,21.36232149070112,58.314028131313535,0.0,57.013085357910896,"Punjab, India",525.2183690569123,1
tomato,33.50208834212461,31.236663427567393,48.72114061044783,0.0,46.74378925417215,"Maharashtra, India",585.8768757027312,1
tomato,49.84198177760327,29.003938578342186,39.52126538976914,0.0,21.07928789434326,"Haryana, India",687.354790523337,1
wheat,34.566836510682926,28.197532563065316,66.17240866775373,7.934284608598523,69.76573222603879,"Punjab, India",22.382727941457233,0
rice,23.653559431045846,26.60463832328595,47.60372961315478,0.0,47.30745386196617,"Maharashtra, India",759.7805362099572,1
rice,45.585798906354604,26.15745781130998,61.900736763366126,0.0,66.71095280369981,"Haryana, India",634.0806089178159,1
maize,12.493519795423094,26.20614625472452,63.04921104047101,2.196378244648499,78.3776980971225,"Haryana, India",453.4486965695447,1
cotton,40.377610296308575,26.972051041413085,65.23874662130004,4.981511815318678,44.409358843907896,"Haryana, India",325.6866539207678,1
cotton,15.235098548837415,27.42319889271607,70.6138547877375,0.0,36.98003812574466,"Kolkata, India",618.6983934644855,1
wheat,49.73241226748604,33.14652441452157,58.85353486488852,0.0,22.590217451776486,"Punjab, India",538.9418057563239,1
wheat,41.86079940198711,18.782214829081372,76.86875223202894,2.2859634621161438,34.68470477821563,"Malda, West Bengal",254.43873407790855,1
cotton,36.156501773716656,26.15506750922579,82.68648087968198,9.279828184071109,74.48502122359127,"Kolkata, India",47.5592658887025,0
tomato,1.0345204232808425,21.712097267574222,63.417914681189636,0.0,49.512069315032406,"Punjab, India",475.0112887396326,1
maize,4.580446964940043,19.52866339212697,54.158687594752976,0.0,74.69547366836758,"Haryana, India",489.8152973133966,1
wheat,43.40933304483977,35.44197338845714,76.11622151508709,31.146408343857196,27.95444464906894,"Maharashtra, India",187.5218852949913,1
tomato,46.71286061321195,30.766987666189898,63.262314899624684,7.852618129683499,57.06879167535718,"Haryana, India",136.53137400029186,1
tomato,5.645989107663284,31.93203105997908,59.40453714710531,0.0,47.70838889372112,"Maharashtra, India",588.1787612034938,1
tomato,29.257945038263827,21.96215604110222,75.68182429527326,0.0,61.958775269318224,"Punjab, India",424.94694159292226,1
rice,31.397507608365387,29.886175845463274,59.582705867501055,25.534772064960837,69.07103980488995,"Maharashtra, India",64.75255886022865,0
maize,40.48309501343537,24.182313666792624,62.25220978347281,0.0,59.156120912926404,"Maharashtra, India",545.5708821900218,1
wheat,20.189780900786463,24.97950325564708,67.03010668253113,8.500868195564134,48.28198906447061,"Kolkata, India",23.359922249193062,0
wheat,7.674160091920277,26.66499740616433,58.02998518223658,16.164447642208174,65.45290358800227,"Punjab, India",11.654981843150267,0
maize,6.988453154382803,26.255263525501395,80.08657804279841,9.306406097242572,26.756553760953242,"Kolkata, India",285.91676964098644,1
rice,9.587191554079727,25.179019100697566,50.059622067102495,17.831022231065468,47.379009233057744,"Maharashtra, India",138.3601245409027,1
rice,25.701112566782342,27.658238335628813,59.528424313097354,0.0,62.88213898293546,"Malda, West Bengal",676.8765426527216,1
tomato,27.657398107131886,27.72342720693924,69.2706465627171,0.0,78.07818780619733,"Maharashtra, India",474.5108448624531,1
tomato,43.03658507798856,25.18858776416293,69.74652725249575,2.4716411506336735,52.632675269667054,"Malda, West Bengal",372.6856707361056,1
tomato,7.569793469100689,22.6608263303529,80.06803093759505,0.0,78.08673418436699,"Kolkata, India",428.94743697317614,1
tomato,34.92282821300135,39.81262620394793,39.46387570424595,5.892716473642906,46.41330357536991,"Haryana, India",382.5137059537203,1
maize,46.50567452047524,19.349857295018747,71.25875305541717,0.0,78.92811106616902,"Haryana, India",487.8484302452062,1
wheat,22.501758909900655,22.164662722998496,63.961617025068136,0.0,20.024092641520394,"Malda, West Bengal",445.6265202405367,1
cotton,19.618701567304935,16.95859611885874,62.69413601476387,35.21906059773446,58.494780874603656,"Maharashtra, India",0.0,0
wheat,43.812930637326524,23.129587114563652,52.188745151119136,0.0,56.360829916164874,"Haryana, India",336.9071098019456,1
rice,5.675861805339904,26.373464332966304,65.3499944212688,0.0,71.39674017349557,"Haryana, India",616.4815719955956,1
rice,17.380498526673676,25.27793470106745,65.4156510317255,12.293937828061306,55.261085023700645,"Punjab, India",92.26028098196502,0
maize,32.83276586331172,26.34865353581406,59.126706355963975,0.0,57.82505710288126,"Punjab, India",577.120031715231,1
tomato,44.44370047124856,23.40666640189395,78.53201545051554,0.0,21.872813620324855,"Malda, West Bengal",612.6563968306109,1
wheat,15.51241079023954,22.06735503453682,58.14114563927104,0.0,22.357516709041548,"Punjab, India",437.0191597602712,1
wheat,16.376288071061317,23.18550885287928,64.98880194179692,0.0,44.160272495239866,"Punjab, India",373.86080696519434,1
maize,37.27014818505167,22.089919762709684,72.2442070473258,10.583976722638136,53.220670012366,"Maharashtra, India",23.90647282578766,0
maize,3.284211368601038,26.14717828784054,58.41785652911025,0.0,40.98820127069476,"Malda, West Bengal",669.5829456760808,1
rice,6.845162959805344,27.462924407158148,60.77285313592333,0.0,66.6399508449316,"Malda, West Bengal",650.7084534651004,1
maize,32.46508496693464,21.195551822169808,75.30369060909192,0.0,62.3594241777196,"Malda, West Bengal",508.1510700438679,1
tomato,32.91115032330337,18.81601158779072,55.54950306366988,0.0,29.24885146018005,"Punjab, India",525.4680481656457,1
rice,25.976141440565463,27.586288626169917,63.55423170328322,0.0,37.88345430768857,"Malda, West Bengal",833.7022564882146,1
wheat,6.487552780805371,26.266060985517697,61.79139979837096,10.887005412139429,25.353330083434315,"Malda, West Bengal",115.25318605583567,1
cotton,42.14631609079939,35.2865810037258,67.45649564236973,0.0,73.69215204233119,"Haryana, India",602.865810037258,1
maize,17.755822237420862,22.992872262139457,62.12036511882924,10.898575078633769,53.59962028781348,"Punjab, India",16.78182760702282,0
cotton,40.724325634864506,22.401119754353708,75.69203929040924,0.0,29.032675283733482,"Maharashtra, India",597.099224401131,1
cotton,11.23230665849086,29.791722555380016,53.034420713833136,0.0,46.8013233046799,"Maharashtra, India",592.8391874349242,1
tomato,41.34417634524024,39.63635046236665,50.05644934369127,0.0,30.908507940016985,"Punjab, India",765.5034418789321,1
tomato,31.004575008255216,19.35602445742179,52.60872939898039,0.0,28.908990980317064,"Haryana, India",533.300945703184,1
cotton,26.5938448904506,28.69033456069825,81.45972162819537,4.026124499708425,45.899612848627,"Kolkata, India",384.45740370047076,1
maize,42.226024660385804,32.68866816283699,75.64503556917798,2.3580815933706667,74.70929561820456,"Kolkata, India",516.6712701226735,1
wheat,22.80994988339409,29.865146680257027,79.55398170978215,0.0,30.092665546012498,"Kolkata, India",479.7141458380562,1
cotton,10.157886591198396,27.490874671197854,74.6680957098412,0.0,49.83445087283861,"Maharashtra, India",552.0231658961528,1
cotton,49.1947267728518,26.616509012856636,76.9684352016863,0.0,70.73307172981399,"Kolkata, India",516.1650901285664,1
rice,2.48616870291997,25.648035194856057,69.05989689360005,0.0,70.06574719434454,"Punjab, India",607.7764223382727,1
maize,14.925049364464407,18.710717839396665,49.24001324215208,10.73635800325333,61.93002022676197,"Punjab, India",0.0,0
tomato,7.438188952445152,24.903066818352986,55.19701936633131,2.557365660687339,63.52868204092922,"Haryana, India",321.25931833080995,1
maize,20.48051137742715,22.075618768211868,87.72691660899915,0.0,55.956651069415514,"Malda, West Bengal",538.7695532586663,1
tomato,17.17396122163406,31.44307350659676,72.09461969730197,2.7534313254465395,71.01906248945593,"Malda, West Bengal",370.3160952870439,1
tomato,33.60328609526578,32.2614183097832,71.61299542662695,3.3901263375799493,53.40910161669845,"Malda, West Bengal",392.696644071468,1
wheat,21.042389039352337,29.978295057143512,43.84968127872121,0.0,70.21566997067742,"Punjab, India",384.8480654000046,1
cotton,1.617144868517666,27.268533597459065,61.02745072501884,0.0,37.11466053840599,"Malda, West Bengal",616.1693826296193,1
tomato,39.455302069369445,24.210789894799586,54.63918204879147,0.0,53.62092046101941,"Punjab, India",482.2222956418752,1
wheat,30.827875061393055,32.22282580177628,92.31498911027748,0.0,35.56695026408458,"Malda, West Bengal",478.4007620009219,1
cotton,41.878806755817145,27.27270474446322,53.34215066853555,0.0,22.197781855929165,"Maharashtra, India",694.193113845481,1
tomato,41.62298573544065,29.435836392704832,51.19507564449223,0.0,45.07444902772457,"Haryana, India",575.2942272945006,1
rice,48.08606424414291,18.122976570891417,52.5288220633236,0.0,56.22465731379539,"Haryana, India",588.7597724402813,1
maize,20.741898169955263,23.77174848485003,75.53818690086595,0.0,46.97593436046424,"Haryana, India",606.3619432317281,1
rice,25.640922092167354,34.840396752443006,66.25901388394959,0.0,59.827497436486645,"Maharashtra, India",791.131951753222,1
rice,44.75792703725488,29.429289093042094,48.462694262085385,15.71657258356797,20.501282250328316,"Malda, West Bengal",376.4530712923182,1
tomato,46.66053624721008,39.52581929377071,62.897922980068536,0.0,42.26636546597234,"Maharashtra, India",698.2356397478344,1
rice,6.447883307413286,34.956852092084524,63.92913510548216,0.0,63.84074069170341,"Punjab, India",763.7970010263343,1
maize,4.171721681918454,27.174705191839493,56.060133187568795,0.0,73.68571922074969,"Punjab, India",573.9217571102344,1
wheat,49.51601546344616,20.008466123544725,65.18793017451722,0.0,74.24209918727355,"Punjab, India",315.0592628648131,1
wheat,33.67757181419578,28.33975211065926,58.29719293603225,4.372529455608322,38.79092304221811,"Malda, West Bengal",215.27296227514663,1
rice,2.4343949570967816,25.63413538932333,66.45871565151675,0.0,77.69787539751843,"Maharashtra, India",607.6096246718799,1
cotton,5.067315725856757,21.725715987272118,82.84795423834306,0.0,42.372590552130674,"Malda, West Bengal",526.259634624335,1
rice,20.602444034876616,25.94587869282688,50.46960841785711,9.493359743742406,73.18211882573246,"Punjab, India",136.68255712680224,1
cotton,2.67041919858318,33.35757967790519,49.93465969809601,2.24174043172858,47.00145437166815,"Maharashtra, India",518.1663515738965,1
rice,18.110817167932677,29.408204818202424,47.354330167973025,0.0,27.193281889030725,"Haryana, India",932.3828602076296,1
rice,34.42930585737892,25.841042031152494,69.48021848354786,0.0,68.47628180085701,"Punjab, India",619.3885948945813,1
tomato,5.953519952554839,23.224257311367356,79.86373254301382,0.0,63.571369031726306,"Kolkata, India",434.01831580230623,1
cotton,25.267738839027313,19.274927580346656,61.38950327834424,0.0,61.568071917794526,"Malda, West Bengal",442.74927580346656,1
cotton,38.60372921558648,30.979467077946225,71.59608247400831,0.0,51.05778970387803,"Malda, West Bengal",581.8629539280722,1
wheat,37.5911100795505,37.605019980309024,61.03478041667984,0.0,25.61944715644847,"Haryana, India",566.991046708378,1
wheat,8.885126731763139,35.28743755872686,73.04106528623359,0.0,64.30107662727168,"Maharashtra, India",422.012062911088,1
maize,29.85274501389695,28.924852875365783,69.52756352076695,0.0,61.37205253432491,"Maharashtra, India",593.1733816290235,1
tomato,14.224291609284714,18.317157498425402,73.36657357758983,2.315493644127407,53.250875326927925,"Punjab, India",310.13785639620147,1
tomato,1.2847504959915654,26.643622000760814,58.61352360757047,0.0,36.76816647377891,"Maharashtra, India",584.3922555681672,1
wheat,7.656695656859443,22.033528340743107,74.32844553850278,0.0,23.281077245201935,"Malda, West Bengal",433.6643980479963,1
tomato,9.281768770998527,28.81692852479094,55.48527484064278,0.0,23.28722287541293,"Maharashtra, India",674.2803668626398,1
maize,46.71710585358029,33.23184198037499,85.41619846718793,2.0078982292124055,68.60840544472768,"Punjab, India",540.1553503235045,1
cotton,26.063994924189664,28.837699970958525,86.13581464599795,13.214642865391824,28.008132756927708,"Malda, West Bengal",183.69500473843232,1
maize,30.171811830367275,28.671039311873372,47.732580951179806,0.0,59.74231159476521,"Haryana, India",591.9027769286398,1
rice,34.561824130714335,25.965077054508157,64.68974724852693,15.798163862921516,35.722100270412476,"Kolkata, India",221.21802077231382,1
cotton,44.64510046462733,28.31131232227102,42.674239453845175,6.968193373559306,62.799303770076335,"Haryana, India",184.70345454474494,1
rice,26.627784859283064,27.58508448787775,64.37323782429314,0.0,40.32499425287043,"Punjab, India",818.2765359814609,1
cotton,15.278122336117116,28.512754488590893,73.42670109412602,0.0,46.24085434595569,"Punjab, India",582.0001459773772,1
wheat,31.80737401936813,30.518063791471526,41.183343731063026,0.0,37.61794350559245,"Haryana, India",456.1777150301443,1
maize,1.7073541589497885,32.63807725802653,92.09183966688678,7.60168945761876,59.13584035662621,"Malda, West Bengal",259.41331198903896,1
tomato,0.5354845059756992,21.134851451986485,51.29272228356258,3.3130772234466574,79.18099537664972,"Punjab, India",249.5598018955455,1
cotton,19.370882662356397,33.10320349346081,75.22882877345903,7.3650889456527135,56.9054772421993,"Kolkata, India",212.7775876519724,1
wheat,23.245362195230715,30.65207753933253,42.062582929315795,0.0,59.19737245408176,"Punjab, India",389.56454277532777,1
maize,31.73619169774642,28.276303129085715,71.11087352140102,0.0,53.40393846555307,"Maharashtra, India",624.6948495343455,1
maize,47.23269190355305,30.55596226710788,55.77685894546035,4.237300329689079,44.80794600260961,"Kolkata, India",492.0915781040102,1
tomato,8.335169674925353,37.191765808854306,60.61045852031132,0.0,42.9841621835904,"Malda, West Bengal",668.9610896334443,1
rice,22.255635132153813,27.69451245997066,57.51200203979946,0.0,56.87246109327893,"Maharashtra, India",715.3440610183234,1
maize,6.363854402176851,30.906919961375166,61.694161911868854,0.0,49.73923525299483,"Haryana, India",678.0773724549919,1
wheat,20.82087782539568,23.447788966167245,51.22882126306552,2.5692214580874584,31.88784450941462,"Haryana, India",289.05474808207646,1
cotton,20.41260098785596,21.24557853836843,70.45000580162427,43.63177319744509,37.86524922033466,"Kolkata, India",41.69643167532263,0
wheat,37.58331224723832,33.14612914622946,49.103392280335896,0.0,20.926845663984675,"Maharashtra, India",545.7084462945011,1
tomato,19.73729837474253,34.641643775489996,69.79486781228783,9.18637112346452,53.85168750792472,"Kolkata, India",133.1967555414426,1
cotton,10.897343195957445,19.973914921520283,55.72949908074666,0.0,29.029729884355135,"Maharashtra, India",566.5376210821942,1
rice,40.18130819665268,25.684680278829912,36.15675632821798,0.0,62.36348687828185,"Maharashtra, India",654.6626704682839,1
rice,13.255934585364393,27.965040951660235,84.64601757303694,5.13505652950605,68.18798533617476,"Kolkata, India",390.3444766495618,1
tomato,49.60856325792659,26.456013775690163,56.36426705084971,0.0,49.532970997248015,"Punjab, India",523.1549700507957,1
maize,27.105940806825107,31.95827103046763,53.812338371861536,3.2076969494142404,44.657636482154196,"Maharashtra, India",562.2823288091481,1
rice,48.611566840360375,26.749353170384836,73.7400649989981,12.036588613172091,26.348021565448395,"Kolkata, India",292.0676358760942,1
cotton,5.200205547207385,20.46729467471283,71.76230563906836,0.0,22.241176186133295,"Punjab, India",603.618456301336,1
rice,25.732974811593134,18.982981328863698,75.93122975881957,0.0,41.810867442156,"Maharashtra, India",676.5768268625864,1
wheat,10.87196388553122,28.136456006427316,71.11698535644108,0.0,30.283898739485146,"Punjab, India",463.88801395457375,1
wheat,41.40945579652151,30.396476780955332,79.59667233304265,42.12137432953608,73.87388628645513,"Maharashtra, India",37.77533746668729,0
tomato,1.7948379450092824,30.442789368106972,86.07046683126963,0.0,34.04031722962219,"Malda, West Bengal",640.9946820718707,1
maize,8.501065842337294,26.182360883271045,79.11027308999928,27.475483400285587,65.44814304338618,"Malda, West Bengal",13.005969715981564,0
wheat,35.60444483782303,23.028945638091667,63.838565419510566,0.0,33.183365006623816,"Malda, West Bengal",409.55071779384843,1
tomato,16.492017886084682,23.508444479397323,63.348547592001886,0.0,28.21893333857167,"Haryana, India",586.2389100102133,1
cotton,30.624866154675463,29.672005006469426,75.69367833030093,0.0,35.573025996384956,"Kolkata, India",652.9312120633135,1
rice,5.671775679320925,30.79408153233836,66.27686294516428,27.58412036161807,54.10833212940918,"Haryana, India",175.92829993085059,1
tomato,13.239590190880886,26.657767536667922,75.28775564080999,0.0,46.89025082127911,"Kolkata, India",537.4927393242164,1
cotton,11.451272080430842,32.50665082444775,82.16340080540411,11.616200672882002,47.37955542934391,"Kolkata, India",118.88913274965535,1
cotton,25.1445244354588,28.014722867518017,59.57040065596367,0.0,33.8050695114485,"Haryana, India",642.5115652798668,1
wheat,1.0282782485172888,29.07456077078678,75.28707921363731,11.439382313768961,42.69240703238468,"Malda, West Bengal",75.10886326636711,0
rice,43.78352043272569,28.069136615716594,75.2399972444535,18.707264860744562,52.00870855437756,"Malda, West Bengal",151.40351582310836,1
rice,13.779663012451056,20.37055048054425,58.863333109185646,0.0,21.870494546715275,"Punjab, India",806.486064579157,1
tomato,22.23255369664682,29.700298253528498,58.60449868729908,0.0,59.14908370436945,"Maharashtra, India",508.79933515318055,1
tomato,18.23894551506251,27.478490105818253,49.0009122682766,0.0,71.60441113938757,"Punjab, India",472.3064109523643,1
tomato,21.956453136789623,30.15723206344915,73.51134773304578,2.0989562561165815,34.285112768427055,"Kolkata, India",531.5302332060458,1
rice,28.747896659549056,17.090177571306434,60.00818798042302,0.0,61.15257650518788,"Kolkata, India",549.7688859691001,1
rice,30.671661232826146,16.9591103873492,66.8259435906989,0.0,38.82692859834373,"Haryana, India",660.4686459347679,1
rice,11.083159927805275,28.572254111453283,68.22407570221549,0.0,77.03638229479236,"Kolkata, India",642.8670493374394,1
wheat,12.365599373001013,20.500468418943598,68.85881592526064,0.0,28.06940638973014,"Kolkata, India",404.2781026173293,1
cotton,4.610418511604228,26.717987222338518,51.629248921121615,0.0,68.97367111176801,"Maharashtra, India",517.1798722233851,1
wheat,19.748149075468763,20.66551643536703,79.3866796255826,15.559989197149651,66.22470722411862,"Kolkata, India",0.0,0
wheat,1.393980878118046,17.663425566381783,62.88702382961575,0.0,38.765643645308955,"Maharashtra, India",347.126906741626,1
maize,39.79772140722257,21.253063000275656,56.906875864979924,20.256548775653446,21.93939591956542,"Punjab, India",152.4298400227301,1
wheat,28.572871022852464,19.669057270316088,86.39308869162178,0.0,28.01258537033307,"Punjab, India",397.06856676913765,1
maize,30.97843964553605,22.863365991754506,91.48164824570691,0.0,44.929603801754865,"Kolkata, India",605.8422136858084,1
cotton,2.2922594436255554,36.9262843303825,69.37512242298023,5.644663123846971,66.87541722697114,"Maharashtra, India",337.0296871114764,1
rice,26.94391029159674,30.861926161539515,56.39430210577438,7.146574191867483,66.99740554633198,"Maharashtra, India",333.1420895047621,1
cotton,6.769465705936099,24.856648764845698,38.8186680130772,6.512825650064632,23.13612005369579,"Maharashtra, India",331.7878322220352,1
maize,49.34149140598098,35.665019753634695,77.1273751426243,4.748478647594091,59.56101818595501,"Maharashtra, India",432.82067735653504,1
rice,12.182392551023746,22.801500245320955,54.04576797123958,0.0,51.20961338146374,"Punjab, India",681.4030434105279,1
wheat,7.191561181485788,23.466176051737968,78.63287276343989,6.319178651409365,65.46409667013762,"Kolkata, India",23.304299791697588,0
cotton,34.60549925693413,35.10449337894676,76.64638829579674,28.72173694320594,26.65521385248839,"Malda, West Bengal",271.409834922545,1
wheat,38.66639932712031,29.16079909682055,69.08369206444843,0.0,72.49636433616028,"Malda, West Bengal",379.1255936777439,1
tomato,44.9571298182875,22.056517453953667,83.73405942350254,13.668217065562484,78.7192448802779,"Malda, West Bengal",0.0,0
cotton,46.47210377922811,23.69397698193883,59.16600914761105,6.183461158727456,30.095626660280246,"Haryana, India",299.036010098408,1
rice,48.784800944680086,23.808915318089205,69.95507468797224,5.758228304258091,51.605557261532915,"Haryana, India",405.53310435759965,1
cotton,5.996228689681047,17.966824126911696,66.27327727126827,0.0,26.105271710060943,"Malda, West Bengal",553.8197121319881,1
wheat,35.65357669621295,19.27717524050982,55.78346880221738,0.0,32.968148738655245,"Maharashtra, India",378.22579642556735,1
cotton,45.70369510980153,21.656540115784136,82.86597023926696,0.0,35.108882120547904,"Maharashtra, India",559.3704750868861,1
rice,4.737177864727032,28.84092001670199,63.03979838399048,18.97602604565759,20.836941121514688,"Malda, West Bengal",363.72915870277643,1
tomato,24.266248336203354,26.88719979333233,88.5679436780797,23.68945449708017,58.953726772457806,"Kolkata, India",33.54535501312142,0
wheat,2.165661308251817,29.55591370550122,54.73505723810413,4.558773474203044,21.50838354537885,"Maharashtra, India",281.8543238292802,1
maize,39.943984750220096,29.473159440404352,58.01035854672353,0.0,46.21729166502186,"Haryana, India",681.7913973961519,1
tomato,5.118243846098804,33.268327935764894,75.77795147995032,0.0,77.36797138054214,"Kolkata, India",524.4149514218841,1
wheat,41.51224784928467,22.57162541204935,63.20298374508965,0.0,32.891276385499886,"Haryana, India",406.6237321532725,1
tomato,10.456258858223675,22.41692900619946,49.76746776624415,0.0,50.51233348986247,"Punjab, India",477.9100109233019,1
wheat,13.898392995281823,28.412208833174212,61.30681229841811,5.54779822797936,72.01646256983074,"Maharashtra, India",96.49555043325148,0
maize,42.95939464443589,20.49112818530113,54.85022226370369,0.0,32.36442679623052,"Haryana, India",638.6914843778769,1
cotton,41.35276591993763,25.459305048042918,81.12100619221339,0.0,57.166704429089194,"Malda, West Bengal",504.59305048042916,1
cotton,28.53165911434233,18.21100651764489,62.652343052592144,6.0847699681699225,56.47756104994052,"Malda, West Bengal",127.87156676795274,1
wheat,8.599388010406575,30.601902075337392,64.28299204825841,0.0,49.382241911471304,"Maharashtra, India",411.0783769858532,1
rice,41.75219240936736,30.878232463968715,71.99409725311382,9.503682486048557,79.98245826930986,"Kolkata, India",195.35466526519673,1
rice,1.0121070253986475,34.289605120593905,84.0210751874311,0.0,78.07174106979278,"Kolkata, India",711.4752614471269,1
rice,8.23840620044551,17.828755702445385,52.577507685308774,0.0,54.84422838784111,"Maharashtra, India",591.8374092124498,1
wheat,14.228664705369148,19.775551402536937,55.008490524646255,0.0,39.438756482605974,"Haryana, India",362.20228794779155,1
maize,41.56859967312221,36.44661310990273,81.89897413257945,0.0,37.48904821055219,"Kolkata, India",828.067136196536,1
tomato,47.83417481554853,24.39271558712067,70.47663282007484,10.619480039480006,41.46879678215657,"Maharashtra, India",88.02538179353496,0
cotton,25.202290558752026,26.680873373739146,77.05173321909717,0.0,47.268963977321405,"Malda, West Bengal",556.7634031109783,1
tomato,12.454558229375033,14.107841700633358,71.92651532648024,41.44970851545388,41.01634224015966,"Malda, West Bengal",0.0,0
maize,47.78451703022351,25.328856106840323,82.12759778953743,15.699969486056744,42.696433620972385,"Kolkata, India",99.41297444202007,0
tomato,11.789059936550986,23.469356939069474,71.48463123751395,0.0,38.51795891143704,"Kolkata, India",540.8396823200343,1
rice,10.354574484983909,22.643378848657587,71.35053165812226,0.0,77.68998075422884,"Malda, West Bengal",571.7205461838911,1
cotton,17.02383812960725,32.490526967433084,77.08246673543557,15.756148924805593,23.1827528718217,"Maharashtra, India",257.8243000795327,1
tomato,13.373106028088436,17.28129956950449,65.67184209461786,0.0,38.58369102365191,"Punjab, India",471.54083232386273,1
rice,33.83908094745432,27.733488142508318,48.148840203572696,0.0,76.69908713335059,"Haryana, India",632.8018577100999,1
rice,19.408012250415826,25.443405756010996,57.99085734021106,0.0,74.08915106604495,"Haryana, India",605.3208690721319,1
rice,47.68934398149564,26.487428061700317,58.686909798116325,0.0,77.84324780788936,"Maharashtra, India",617.8491367404038,1
rice,14.455875774917043,20.732469938141193,72.85045161921049,0.0,62.294667963880165,"Kolkata, India",591.0757031423238,1
wheat,39.20665454012152,23.29053311945995,49.104852247233794,0.0,26.624569860603575,"Punjab, India",433.95225726100085,1
tomato,2.2613162167764007,27.926789439696687,64.69820624683831,29.219457855536508,25.185477946834247,"Malda, West Bengal",204.08551161484422,1
cotton,23.69825603132107,18.748432085203433,62.10815077959191,0.0,45.46956996059211,"Punjab, India",479.17845798421627,1
wheat,34.69724846482077,24.345427361354698,72.4752172833707,36.485383191241255,75.37580468603639,"Malda, West Bengal",0.0,0
maize,22.878381261779136,24.648044122778796,43.9532437086235,0.0,35.81042921125141,"Haryana, India",678.2346219119626,1
cotton,22.890012142897653,20.201896942301005,67.44549568618484,9.709291459377752,21.350259645721188,"Malda, West Bengal",118.65760601705222,1
rice,39.17713281056241,33.36270899786379,79.28760162036771,0.0,21.0819205895138,"Maharashtra, India",1042.9515039785972,1
rice,39.4737679962805,18.18355426080513,69.60824865403865,23.8536285292026,48.24574354325618,"Maharashtra, India",30.933784822053667,0
tomato,29.499680060441833,30.170549952518005,65.9203682581998,0.0,43.88329044073626,"Punjab, India",588.9734189948412,1
tomato,6.218136055295616,24.147629880347157,73.1269582020511,51.37964755781381,53.78077659029978,"Kolkata, India",30.896293771684782,0
wheat,38.71557340563156,25.09297734764293,78.79949557672799,0.0,59.36876551084653,"Kolkata, India",350.6508414335005,1
tomato,14.990706654866417,27.88003947558609,56.70890286564521,4.257509037651859,77.15852784805168,"Maharashtra, India",263.0449033976819,1
rice,10.333207307716387,22.59422427548963,63.05957858539777,0.0,37.6376825846179,"Kolkata, India",755.9618184829491,1
tomato,8.352540739155135,22.66693708509574,51.83143710072376,18.32919956898053,28.273696544874593,"Haryana, India",125.8341085764389,1
wheat,39.978352709839655,15.458987108344678,63.80195893511437,15.348604821546115,56.083219158907156,"Punjab, India",0.0,0
cotton,0.9291199473339864,21.788448610618993,47.99195975152168,8.873426780281719,65.16853967066059,"Maharashtra, India",24.21314709210401,0
wheat,24.64208398161079,23.5949117257367,77.11580792076755,3.6820063382066097,42.17858705735129,"Kolkata, India",199.6779452801327,1
cotton,49.661605077207184,24.75152913766603,66.31550124633972,0.0,77.49966118888321,"Malda, West Bengal",497.5152913766603,1
maize,1.2424257686682658,26.053181341743407,56.63997107565072,0.0,21.22409664129238,"Malda, West Bengal",779.3446496039993,1
wheat,17.600326997679307,23.689046420760864,54.01503879916001,0.0,34.405082116198635,"Malda, West Bengal",411.01560884665747,1
cotton,27.356119183881976,28.20408205890551,60.79850945206344,0.0,73.22639075112022,"Punjab, India",532.0408205890551,1
wheat,19.242797978502654,34.39343853802829,42.54770208597938,0.0,49.78393530062505,"Maharashtra, India",437.44007103548745,1
cotton,36.070885164164686,21.90022151343191,54.143781648342724,0.0,33.666700497068085,"Punjab, India",569.0558623643085,1
wheat,22.317907171108796,30.781674657524064,54.493413434177896,0.0,77.1994558932283,"Haryana, India",390.4717226026684,1
wheat,48.70213479845698,27.53725073955229,65.29989595477521,4.498454881649053,50.74638612463305,"Maharashtra, India",158.48113360477083,1
wheat,3.473621833571631,23.6806701680215,60.769393989742206,0.0,52.02352482028667,"Maharashtra, India",350.9074676302354,1
cotton,49.94551470878552,35.016155983112796,65.94815092850894,12.456224606568853,38.565948258168994,"Kolkata, India",198.7924211083556,1
wheat,21.68695794576237,18.758647450655985,68.36520156038982,9.31757797530451,56.345569361538324,"Punjab, India",0.0,0
maize,45.71879285814644,21.39415339808946,51.65977141399029,11.875347626460254,67.06448699709222,"Kolkata, India",0.0,0
rice,25.468841465903044,27.11169619659304,91.93547133413672,14.858363647794436,68.35820772025724,"Kolkata, India",35.60714401910036,0
tomato,33.37422409452584,30.745745808374224,53.209412239488536,0.0,51.525919898578536,"Haryana, India",556.7699574586801,1
cotton,44.22581020059415,17.080016584265227,74.54498144619714,0.0,33.203975287081505,"Kolkata, India",512.5178739817187,1
rice,41.6934620392241,34.54031823076036,86.22892123303924,12.709547834932929,45.48074074510751,"Kolkata, India",289.669958627382,1
maize,12.97745939908349,15.010432772129946,46.17439588554471,0.0,43.46553464889323,"Haryana, India",512.885383072322,1
rice,4.946374752318159,36.45917418762292,80.45237712763686,0.0,45.910621538721784,"Maharashtra, India",915.1716870822675,1
wheat,26.069052264268482,20.039868290084073,70.16120897460654,3.3190128266113255,26.06169478947551,"Malda, West Bengal",240.56485856544163,1
wheat,10.225891293944471,23.46223857352947,69.6120969542329,0.0,71.27704778911013,"Kolkata, India",339.2356700147063,1
tomato,21.173130790500785,22.324816678042016,63.27654791986692,0.0,35.19244889854144,"Punjab, India",542.2325865846293,1
tomato,29.723857777591107,27.340159935429902,38.17413112701433,0.0,70.78611057843841,"Haryana, India",471.0614394188691,1
maize,26.9950103641508,22.011294606816,87.70447283658618,5.265170884409583,66.29533186806884,"Kolkata, India",253.86569645449686,1
wheat,16.31631186447005,25.847960447952655,62.91619668973077,2.162393661784751,27.022704362379567,"Kolkata, India",347.3972295879992,1
cotton,33.57494276691631,30.1617635710017,57.82818099277529,0.0,44.2129172488213,"Maharashtra, India",611.1210865441519,1
wheat,25.58511701553051,26.663612675432326,64.25338960567137,0.0,35.49586147322981,"Kolkata, India",432.18108681707855,1
tomato,27.831960935065116,21.849332947097704,64.62712096063784,9.380084973034839,29.320598150601015,"Haryana, India",111.54295250440316,1
cotton,2.3077587793780063,20.568591345326112,73.6911723698333,16.2473878828011,38.84264018105865,"Maharashtra, India",29.31272613413421,0
maize,31.552195378719247,22.259020924711457,74.17984634553297,6.868179607079339,52.05482664322299,"Malda, West Bengal",217.74317234888133,1
rice,17.480678286754006,33.98952930098204,63.526227293520336,0.0,76.61391302941863,"Malda, West Bengal",707.8743516117845,1
cotton,40.014513329042124,22.90681243195236,81.8676710022665,10.205824242486615,20.50193959904865,"Malda, West Bengal",144.3373352089776,1
wheat,36.756504142119624,27.975384627113012,80.37478704606428,2.459193561811828,75.20682879935772,"Kolkata, India",247.86801429919967,1
cotton,34.646143030773715,19.669839141861598,59.48457791392349,2.666641712180377,54.45761238251441,"Punjab, India",315.78914257215905,1
rice,40.94655558362944,29.604987818430114,75.02236166702926,13.881967556634729,45.07995301522109,"Maharashtra, India",218.55091726578837,1
maize,32.62948979993478,30.269166115311897,72.65234648561183,13.132543847202943,20.261574797394825,"Kolkata, India",299.55488587363595,1
maize,6.068954595285529,24.61555322115598,48.282792107419226,0.0,32.85800433937272,"Haryana, India",693.9042497578218,1
rice,22.424247853077198,25.887819740097132,69.42049458237283,0.0,61.38209209171212,"Malda, West Bengal",663.279422182011,1
tomato,15.893164558460148,23.58209438929232,55.01048876274082,0.0,78.82824786698427,"Punjab, India",437.2388495036309,1
tomato,7.432218200644337,30.92592541155188,57.22319037629799,30.709921384648737,41.90502039706404,"Kolkata, India",156.99472508532756,1
cotton,1.5153243496577804,30.536748304401847,43.014392606429894,0.0,61.242465061867854,"Maharashtra, India",555.3674830440185,1
tomato,7.8134430596790745,18.3316963866088,56.84977051714987,18.348320316278123,21.171354241879648,"Punjab, India",101.16089718493129,1
rice,48.746581334952246,32.463299082535734,66.59828297731148,21.812560337887145,70.35154057229231,"Punjab, India",89.55958899042878,0
rice,8.29627712975229,33.10823797975661,76.34141008885491,3.317770167059941,78.80311657858908,"Punjab, India",531.4103474040822,1
tomato,11.7573755718147,28.50458664542929,60.17675727723224,0.0,58.61312737924505,"Malda, West Bengal",500.2581759713873,1
cotton,16.011785618302717,13.57111377752525,52.174086374518666,0.0,75.75565851187352,"Punjab, India",385.7111377752525,1
cotton,39.185394911886824,19.851334173769022,70.56309012036492,0.0,20.319451434263854,"Maharashtra, India",604.060229042836,1
cotton,16.472843500352102,30.83897234501713,73.98992157501695,0.0,71.19037871880334,"Malda, West Bengal",558.3897234501713,1
tomato,22.801558683820264,28.14997119346588,62.421706233639675,0.0,55.514864265144205,"Maharashtra, India",511.76311941929606,1
maize,34.08175295982876,17.3268462473004,75.59048578637362,3.8420033243256033,61.63072317633598,"Punjab, India",273.4951425040242,1
tomato,32.36664510101161,31.882452188175158,62.2829031294163,0.0,58.24672272307412,"Malda, West Bengal",533.7163854148773,1
maize,34.97710558210601,29.793619184722427,73.43522623876842,0.0,55.26166817187873,"Kolkata, India",631.2891495056487,1
rice,10.584010967244495,24.45519992701046,48.954172012346675,9.234610282851179,29.922225530791156,"Malda, West Bengal",369.57840686208976,1
rice,28.359224242204686,30.142776143489446,59.11567976589602,0.0,53.5511527987909,"Malda, West Bengal",770.5575256060416,1
rice,29.12237441539093,38.55397149520266,59.36254714496034,6.572182426538838,25.03387763773456,"Punjab, India",776.9716156788354,1
rice,13.046127918814305,18.709900443668314,68.79138324039539,0.0,49.09953707464997,"Punjab, India",634.1456637672554,1
tomato,26.12312731662701,33.48271397987607,44.86999367690319,60.05982261534481,45.53335266180305,"Maharashtra, India",165.64742833183243,1
wheat,35.65538749165511,32.30628129256059,70.66610433313846,14.713898226413868,26.447192986513194,"Kolkata, India",165.68183237641915,1
rice,31.88755128145203,16.814556814260687,52.82817514192925,12.900442752786317,49.38968363280335,"Malda, West Bengal",5.192031134651984,0
cotton,47.67966831914427,33.68190901726594,75.70088475208567,0.0,22.447100806131086,"Kolkata, India",777.8457170469438,1
rice,43.02695280768605,22.423757405912045,63.05823264114648,27.574631014662174,71.15996918610324,"Malda, West Bengal",0.0,0
tomato,14.167872305951178,25.038002067883845,61.1171957368172,0.0,35.97400967106809,"Haryana, India",569.7996989148132,1
cotton,5.790822126708497,30.90316257554967,74.67204657245925,0.0,51.39551077631944,"Malda, West Bengal",579.1818604628197,1
rice,35.42173265464242,28.94928912821958,66.59011176363462,0.0,46.46696984590002,"Punjab, India",799.7422992802329,1
cotton,31.438825996611282,27.733533616859596,74.0580545527854,6.762423944656129,22.082969131033675,"Malda, West Bengal",362.79727432537356,1
cotton,35.25713426809147,31.42611131830816,55.385551687843176,0.0,25.174950278237894,"Haryana, India",732.5522707505039,1
tomato,29.032074796954852,22.807937906652306,65.61086628158863,0.0,28.12513098906968,"Haryana, India",578.1766854500185,1
wheat,40.08408147585327,23.550034265275585,31.85285300508187,14.18588956671031,68.16594028772228,"Punjab, India",0.0,0
maize,31.382502686567033,14.817288137391154,73.00808029897195,0.0,53.03679787910861,"Punjab, India",468.4883102840095,1
wheat,23.658534572956125,29.73722485713528,72.97876191023845,34.6393800318867,44.94716372415098,"Malda, West Bengal",71.67907917776489,0
maize,35.63533330698241,26.7076606607485,71.73526841717593,0.0,66.59641038778344,"Haryana, India",568.7842672682335,1
rice,33.21820412215895,26.93161615565069,44.79182415414053,0.0,44.29464885619064,"Maharashtra, India",783.3698453173913,1
wheat,48.10120436960755,34.69832625985225,55.8528406873324,0.0,41.307905841542976,"Haryana, India",475.1059411166187,1
rice,20.755233867389666,36.13401184468453,90.59917908414474,0.0,28.087147095046284,"Malda, West Bengal",1041.0842436485298,1
rice,8.870643070822249,35.19651941684548,85.78719050803015,25.966858155502464,58.27582937477993,"Kolkata, India",207.04874476464204,1
maize,48.02058810054671,26.59186469757333,62.88251577869327,5.160310789345557,37.13759598101463,"Punjab, India",439.24151823499125,1
cotton,38.64680508723072,33.85579776769096,91.480027900567,0.0,55.41879033950411,"Kolkata, India",588.5579776769097,1
cotton,21.751476902357666,23.32556653643315,62.769301882092925,0.0,62.12583130276946,"Maharashtra, India",483.2556653643315,1
maize,0.5026149331486917,29.595843331777186,88.19771787312598,0.0,46.57622730406616,"Malda, West Bengal",681.1713176626942,1
maize,4.266193974892609,34.918168262180096,60.11880434517792,0.0,54.98111884664818,"Punjab, India",692.1792890817671,1
cotton,47.12857662075165,25.264302475929465,48.433759292002954,5.996072847670785,52.21209307823613,"Haryana, India",216.85260205478312,1
maize,31.90947920162233,14.310378811696005,77.11590107470698,19.30117874126025,47.084460226014144,"Malda, West Bengal",0.0,0
maize,26.28102216176671,18.838886296377403,71.54478625748777,3.037365762589613,65.44775140044132,"Kolkata, India",330.35946113067087,1
maize,39.977111631446355,27.884423516494664,44.58186631995402,0.0,27.58881540147857,"Haryana, India",770.2738081091859,1
tomato,34.92667872929369,31.37610770590958,65.47276408559463,0.0,74.89316900729024,"Haryana, India",507.38496935318625,1
tomato,22.78812707808359,22.870419911576988,60.21745061939522,12.03853061381627,34.91214463562557,"Malda, West Bengal",99.6915790719139,1
tomato,38.6553188223839,20.263292418393355,62.310583751060776,16.91025751083043,27.782375479401615,"Malda, West Bengal",98.79869093284469,1
cotton,34.525800677942875,33.74857664613315,69.93169834238837,5.516031483785829,36.80804712652278,"Maharashtra, India",418.5593260450718,1
wheat,15.833383050073719,36.43187708775676,57.78912365081943,0.0,63.168213878802874,"Haryana, India",430.0231396142973,1
rice,14.869042027080637,24.88964057455152,75.3649993182616,7.412325020125559,76.57476268350538,"Kolkata, India",228.05943588834032,1
rice,42.12573026678628,32.11099078777886,71.06573858074688,0.0,57.58913839824544,"Haryana, India",770.3874817660907,1
wheat,48.46736250197639,38.34703707004312,59.03227056544817,13.040931441034196,57.795230243675576,"Malda, West Bengal",93.42925949030183,0
maize,5.375484763130461,26.81709980061577,57.621953841535,0.0,50.30994269136395,"Kolkata, India",625.2202711366544,1
cotton,24.929776096514736,24.72990130491512,64.41020915374216,0.0,40.85598886751906,"Haryana, India",567.6370408165409,1
maize,18.708435466568652,20.422614854548538,61.2645921906069,0.0,42.19331753888749,"Punjab, India",588.6196321195532,1
maize,36.406785282260714,27.530672765513778,67.68940463159102,0.0,45.72350850508889,"Malda, West Bengal",660.3323077461214,1
maize,48.87976850849297,23.32082250206682,63.58628578561903,0.0,40.44000924930468,"Punjab, India",635.496080055441,1
rice,26.740720469248107,26.26354630923321,55.39270736192324,0.0,30.451051284081004,"Maharashtra, India",858.4528793883987,1
wheat,33.86306786795775,34.025588698072255,66.45649121929632,0.0,23.497832231741423,"Maharashtra, India",543.3395007315887,1
maize,37.74392145911363,29.872206122259158,74.01206780492308,0.0,26.742978495722564,"Maharashtra, India",804.3317426343136,1
wheat,15.132312736458955,25.605091926173074,78.8053471793804,0.0,30.77652432963817,"Punjab, India",440.0438283981169,1
wheat,9.83671569261024,25.5996794513642,50.06879176179619,0.0,23.002150186085405,"Punjab, India",467.5334222197375,1
tomato,40.23261855394299,25.003455300023873,72.27167214983577,0.0,46.59080450867957,"Maharashtra, India",521.6274248050772,1
wheat,39.01022908642849,40.0,66.90701174106735,0.0,75.35738894774644,"Malda, West Bengal",455.0,1
cotton,1.959079430160159,30.98733846603912,89.96116367066621,23.12876089808704,68.76541119782956,"Kolkata, India",59.87338466039114,0
cotton,17.286975366492783,26.67294487968889,47.777812310500586,0.0,25.654421028634847,"Haryana, India",668.3666972618798,1
rice,27.210984604790934,28.38791860567285,54.147320602144504,3.9888514063639784,70.49094344372739,"Maharashtra, India",441.2124529498752,1
rice,1.1234543893866242,24.575476166892344,49.32738285342418,11.079023438751616,25.21177447917097,"Haryana, India",307.4022548889585,1
rice,37.81991537985049,26.59144653929211,65.11262681580182,11.117571380136084,35.86425787577872,"Kolkata, India",274.55226725039995,1
cotton,11.046338861283804,18.404951373356887,84.13549404673921,0.0,21.820354809099094,"Malda, West Bengal",578.0656023431977,1
tomato,31.369577726635146,24.596114607913503,65.9073213440222,27.857797594838225,41.254760191354656,"Maharashtra, India",91.19635282921774,0
rice,49.97506934572672,30.55389263324906,49.09338797679146,0.0,29.877634793924912,"Maharashtra, India",934.1211398610251,1
wheat,1.2067105934487017,33.29790622226113,95.37545624828951,3.6359713727672975,67.5606492676776,"Kolkata, India",226.28677491746305,1
maize,4.091077142839269,31.876972103325812,80.19514531581947,48.22905901152861,24.551093436941294,"Kolkata, India",297.4316048014381,1
wheat,22.687286719041403,17.22743711055541,47.880061667779316,14.57242884011414,63.29459156510161,"Malda, West Bengal",0.0,0
cotton,41.84766981249329,31.72131583058555,60.689294237101564,3.8476651463343687,38.94773867049507,"Malda, West Bengal",465.88043945573145,1
maize,48.95337275132261,24.19861576561512,76.22531343937194,3.1905505031465067,37.47339911469656,"Malda, West Bengal",503.5677822251959,1
wheat,40.31385614181004,26.25314116051651,68.08571006890116,4.061841490643127,25.983572231202075,"Punjab, India",259.7827283800283,1
tomato,2.648160339638762,21.70394145813549,69.99738983413324,0.0,47.8563421594604,"Kolkata, India",481.88796158979693,1
wheat,47.82297566908507,28.436207189103047,50.06569263965274,0.0,53.41066478807375,"Maharashtra, India",379.9984135211413,1
tomato,19.209433604243568,20.646894884370575,59.23143809952945,0.0,37.29271810688636,"Punjab, India",514.3791271799442,1
cotton,27.45429899877315,22.99068911580959,75.61086172598313,0.0,57.426331439051175,"Kolkata, India",479.9068911580959,1
maize,23.73702567662517,28.192325701618973,92.84882399032351,5.891073163932547,56.62363199864322,"Kolkata, India",310.31757982701777,1
maize,18.486973820655837,28.00241067105058,69.70325057667735,6.423621644914419,63.7655656389629,"Malda, West Bengal",261.84543513583543,1
wheat,18.475063217843378,25.647425590479017,86.4252356087813,12.057863492467634,66.468645156559,"Kolkata, India",4.531979133353104,0
maize,9.743283207819864,19.572477384860488,56.974225210464624,0.0,40.048184712570404,"Malda, West Bengal",588.120453158911,1
cotton,23.777329723773338,32.951665917660854,68.15887267046116,0.0,26.415191862789282,"Haryana, India",745.1703843254154,1
wheat,39.42149818351575,18.411004533998007,74.96584190835608,0.0,62.59430274677648,"Malda, West Bengal",303.87703173798604,1
wheat,22.240920291127793,24.814168393951345,72.25249004976716,0.0,72.30786626147976,"Punjab, India",348.6991787576594,1
wheat,3.04105138052204,17.33658014538133,48.714093269029654,0.0,64.56929009509196,"Punjab, India",296.35606101766933,1
wheat,11.44560151300624,29.815021424030384,47.78922479039531,3.4380249674164824,76.62733335247748,"Maharashtra, India",211.80390159738857,1
tomato,20.6251064913218,33.88266626893883,59.16277866437399,0.0,27.670984219608023,"Maharashtra, India",714.5182745609677,1
wheat,35.539174120983105,32.39465469126278,61.027149745722106,8.737798924292104,41.49736781743293,"Punjab, India",106.01110664674923,1
wheat,24.928704541699698,30.312680166993065,66.77144098481568,0.0,34.77624404619039,"Kolkata, India",465.4928713083389,1
tomato,48.61026525976559,30.30911487918205,72.83846940311385,3.805307606491027,75.2860177414672,"Maharashtra, India",307.51665358808714,1
tomato,14.298412073697143,30.197886874059158,69.41571456745646,10.270009045518695,68.17797806651402,"Malda, West Bengal",46.780981866532386,0
rice,49.729024544960154,22.365591769339176,75.34809843388086,0.0,36.53340020727373,"Maharashtra, India",758.606937674885,1
cotton,45.953779313094664,34.323284535112705,69.29836151048089,0.0,31.589465067258793,"Maharashtra, India",732.1118278445473,1
wheat,7.042007987488672,33.52531019304165,44.19997391617868,0.0,51.84503614328854,"Haryana, India",422.60233803662265,1
cotton,26.831807089767242,29.086405963042328,70.15347787819032,0.0,61.94637232398187,"Malda, West Bengal",540.8640596304233,1
wheat,45.155050793146685,22.687279498627287,39.73677228569492,0.0,41.54970945682513,"Haryana, India",378.7095000032997,1
rice,2.8521289817519637,29.559787333586325,45.309489484624166,0.0,47.3191046037157,"Haryana, India",803.2132275258267,1
cotton,19.703632348417155,26.321091290229347,53.7879867316115,0.0,76.88319691117341,"Maharashtra, India",513.2109129022934,1
maize,16.781529021430856,24.78705353612922,75.07727893175685,19.140661825103095,53.23650403127825,"Kolkata, India",34.6983878448973,0
wheat,14.63349104990931,21.62680092925973,39.88945966087134,0.0,78.0327924084961,"Haryana, India",326.3876065048181,1
maize,16.294211129875947,22.44269603070873,76.4857767260271,0.0,51.37889090634995,"Malda, West Bengal",566.8606087373341,1
maize,20.341839164847208,25.00706397949017,59.15514885642195,0.0,60.31352093818236,"Maharashtra, India",550.0777037743919,1
maize,25.357019532800845,25.999650726229355,81.21676319314369,4.457783845365171,58.860200162718535,"Malda, West Bengal",344.5011990161729,1
wheat,24.210199715145865,26.98413610989609,63.49946122936559,0.0,27.958632467237933,"Malda, West Bengal",462.2895018987307,1
wheat,39.063841960793745,22.444816147724246,49.95085157705772,0.0,53.281950594998946,"Haryana, India",337.8195907047784,1
wheat,23.149657959861596,30.616794236364736,70.09932001670876,20.245173446712982,45.713876756107524,"Kolkata, India",75.4700680541896,0
maize,31.287149894483335,32.9215281702722,64.59899640990133,8.1149649852882,51.060720093857434,"Malda, West Bengal",288.34400342819845,1
cotton,17.783439135004613,31.779970083804134,68.82385840370534,0.0,70.484986161521,"Haryana, India",567.7997008380413,1
wheat,17.404601978860157,28.92020987837771,89.27623037307576,0.0,34.85036771418824,"Kolkata, India",453.49453727626144,1
rice,10.271484819661856,28.76692229992346,61.33789062865105,37.35444385739495,76.84863406373748,"Punjab, India",45.203067599081464,0
wheat,11.12054780583511,34.49574910273834,71.67548080369995,0.0,30.825429324882226,"Maharashtra, India",517.1501371278939,1
wheat,17.270657911392092,23.50242481226261,47.64296977950591,0.0,47.89098822224313,"Punjab, India",363.6532753326482,1
tomato,20.808322347419985,25.596090291356926,64.57803178150922,3.0042148230478842,59.53200001532132,"Malda, West Bengal",318.6692990386774,1
cotton,2.136083646532269,30.358009830037762,79.6649290498534,8.696201560236302,62.72176142326708,"Maharashtra, India",118.77002028856248,1
tomato,46.73480628762102,20.8028380098687,56.02238108653149,16.9687510980566,78.28905290253863,"Punjab, India",0.0,0
wheat,28.2142166960607,28.40519798022261,68.2610983669387,0.0,79.18293029773353,"Punjab, India",373.83638586155826,1
maize,6.0987349468351315,22.338691369142122,67.04129848049276,0.0,77.42642576000308,"Punjab, India",520.7256050605633,1
tomato,23.28911569591451,17.96353278253799,47.01896096312842,0.0,65.07638701626476,"Punjab, India",386.6717950428419,1
maize,39.68618357306162,38.99411450037291,52.75938189131965,0.0,59.67591837590549,"Malda, West Bengal",706.2165843256769,1
tomato,30.379788944706792,27.08647865456253,55.02663126624198,0.0,27.100720023072675,"Punjab, India",634.7224535725226,1
maize,20.732681319527067,28.67140182475064,64.56558726424353,0.0,68.91238265393899,"Haryana, India",590.385420072257,1
rice,0.8358848723529657,36.56962900213497,67.00261871536507,0.0,76.9752060538751,"Maharashtra, India",738.8355480256196,1
cotton,28.24669794463016,21.374576897606822,50.497981083341564,0.0,51.2959707794673,"Haryana, India",480.9230477679259,1
rice,48.927111084029846,31.183178739506562,88.2923824940323,2.351131921380196,37.28750773128151,"Kolkata, India",777.1885648228455,1
maize,10.660961069788186,30.130068021978357,91.64990700082699,5.033031910108818,49.77821620918859,"Kolkata, India",416.76719266259363,1
tomato,39.0389104535646,28.553399596795263,71.0518325133315,0.0,53.760172441058515,"Haryana, India",524.1048693615543,1
cotton,33.83287821197684,28.58794314943601,66.51407396072018,5.508723103704414,63.022876322426285,"Maharashtra, India",260.44327630913943,1
wheat,36.08589375793712,25.529049884665437,67.83844567302737,0.0,60.7890875131982,"Maharashtra, India",353.70334919265804,1
tomato,2.5589998346952405,24.70583572934239,57.79068275060387,10.173156342072623,75.04093409040493,"Punjab, India",0.0,0
maize,45.55845267707052,31.67753263051596,73.56731604188147,0.0,21.100303340638995,"Haryana, India",865.9741298757673,1
maize,7.916987642304421,28.72686146000899,57.57076553823519,0.0,52.59320566202965,"Punjab, India",634.7692955185793,1
rice,30.897491529797232,20.542282550727478,60.697042694292804,0.0,79.970311382511,"Punjab, India",546.5073906087297,1
rice,41.24970478270172,25.901519878917753,71.80023470648976,5.6170202266350255,26.516444140789552,"Kolkata, India",595.5727171720976,1
rice,4.595386611580934,28.641144072688153,79.66315886693836,2.830974726024962,70.22132783889984,"Malda, West Bengal",502.1449925710097,1
cotton,13.04830029723577,20.969888142959405,66.14029266102223,0.0,46.40890683344795,"Kolkata, India",499.19204061880805,1
wheat,19.662960194071843,24.56670395413341,59.88414794793702,15.540458792968135,65.40229460668817,"Maharashtra, India",0.0,0
cotton,12.084394677690293,32.63406331788633,79.02558205229559,0.0,52.99873918303185,"Punjab, India",587.8747124429381,1
tomato,37.011353253703895,21.01051002136198,78.70480245263755,6.106675339114553,54.06968667033896,"Kolkata, India",143.67029467091334,1
maize,46.658343098995154,29.27011930281435,59.76938968542047,0.0,43.38651917733725,"Haryana, India",696.1490268218596,1
maize,29.18496204811793,23.45526847969117,94.16318820427338,0.0,56.49279634277451,"Kolkata, India",551.7016277072227,1
maize,29.380063918188807,24.889740993715698,66.61597963283948,0.0,70.10141530230163,"Punjab, India",548.7871509308727,1
rice,22.055543491062934,30.115571990583074,44.00301412594338,0.0,30.793779124090328,"Haryana, India",920.6916585867851,1
maize,46.70208720752745,30.05201632462581,63.29119588533889,2.55480745776627,65.77816332254139,"Maharashtra, India",477.8318066825704,1
tomato,46.426598051560966,25.200595412182892,39.08135905449133,2.0698190417062423,34.407597227091195,"Punjab, India",475.2373877426331,1
cotton,9.26364307915567,27.503745085903976,62.6759007694996,0.0,20.320348518181312,"Haryana, India",707.1186089659798,1
rice,43.952713877002815,29.496182309592204,72.42444238646956,24.41007034929315,37.491015689071546,"Maharashtra, India",266.54805200007,1
cotton,49.66469033038719,23.167184915122014,92.72181452664768,6.585290515075954,21.526828597702345,"Malda, West Bengal",313.6381670604269,1
maize,44.690755878319585,28.73845451509615,81.70613568603426,9.175046676287018,28.215129439739776,"Kolkata, India",320.2583461474908,1
wheat,9.792539737164546,34.68057974947516,72.81445055721893,11.378582560419456,62.16746128267076,"Malda, West Bengal",67.7640582463261,0
cotton,12.542017681299582,27.77908167638498,75.5278385622193,0.0,69.1041588498694,"Malda, West Bengal",527.7908167638498,1
cotton,10.012550294115222,24.73825480856377,63.60211109010467,9.405115986915341,57.98173432446455,"Malda, West Bengal",27.126748739870663,0
maize,45.48678953295544,29.704504999568233,67.71929224358674,0.0,21.014588795382025,"Punjab, India",836.3440934321079,1
rice,3.6231867185691775,27.49454570022624,47.19867345729304,0.0,40.88180916249517,"Haryana, India",813.3600923579914,1
tomato,48.93963054553901,24.582129265725865,64.64525922344333,5.6038489252989745,36.126877889696246,"Punjab, India",283.7339165918309,1
wheat,30.539560486145962,14.113274885028284,71.85678088779498,8.587565585041006,40.46616282814748,"Kolkata, India",0.0,0
rice,16.321097212649526,25.385737064818564,57.670991915082226,14.188280033767516,49.5269994251517,"Maharashtra, India",128.41451164488512,1
wheat,5.575459636575879,21.007302427206195,62.21567527608239,0.0,21.23065515922347,"Punjab, India",430.80566925051886,1
rice,4.111932479821542,27.855751399328657,78.30159355354728,0.0,56.04438646702361,"Maharashtra, India",722.7851495348367,1
tomato,12.0006095232389,22.46280227593906,77.09855665748464,2.145763623743017,27.15371466907152,"Haryana, India",470.8640769628712,1
tomato,14.75494109265877,22.830726808613885,53.08071929590899,0.0,73.29139717785124,"Haryana, India",430.476541277525,1
rice,19.873215621505473,25.559686008243606,79.31022958010894,2.5458356898709567,67.73491019253697,"Kolkata, India",493.1671151388719,1
cotton,18.628938466113944,21.71253522651413,73.11327685085884,18.632059352248906,69.68357256397258,"Kolkata, India",0.0,0
maize,2.1656914406853036,23.392149673935094,81.8513350095257,0.0,72.42036363078589,"Maharashtra, India",532.313646413286,1
rice,1.5490161882787117,25.308087106945997,39.531803346773266,0.0,71.62220823682884,"Haryana, India",603.6970452833519,1
wheat,23.73150320365177,17.023467303598913,34.83062078361052,0.0,52.315003151252206,"Haryana, India",302.0625725350457,1
rice,7.802429791778668,20.554640531852804,71.81665944583723,9.340098973458485,60.798712919045684,"Kolkata, India",129.95009675769995,1
tomato,46.49939225844755,30.76588127164677,77.8907520139991,4.668269608022248,51.276065229443944,"Malda, West Bengal",324.8115862871069,1
maize,42.629985879453955,29.555051393851585,74.19699397796059,0.0,58.67378927790933,"Kolkata, India",608.064229683668,1
cotton,25.50871065118286,28.222612497835144,78.62879829465004,0.0,73.44960521445611,"Malda, West Bengal",532.2261249783514,1
cotton,16.09529658207617,21.592831473865022,70.90309799206435,0.0,63.50576113385905,"Malda, West Bengal",465.9283147386502,1
cotton,43.46424011076683,23.679749169719923,92.49410221900274,0.0,56.43376701790344,"Malda, West Bengal",486.79749169719923,1
rice,19.2917279405389,33.69289821858848,57.39838851773326,0.0,47.10450521092652,"Kolkata, India",865.5711320613794,1
tomato,4.650363041221811,21.182676348476548,51.790025472847745,6.540628613672175,36.42259503037055,"Malda, West Bengal",197.0018482875297,1
tomato,16.249672870680804,30.201769969389566,59.790314487689045,0.0,21.19408902440467,"Maharashtra, India",702.0302753690869,1
wheat,13.019134375036213,25.482686050765384,65.10429352969328,0.0,20.705905662019862,"Malda, West Bengal",474.5668622055284,1
maize,13.917618011948004,28.713303075780253,45.713375807443285,0.0,75.57249046404102,"Maharashtra, India",590.8463338335828,1
tomato,47.74128343029768,33.6090982013651,59.99607860415607,0.0,66.74563660290622,"Maharashtra, India",527.4818838122859,1
wheat,25.090120599794595,26.47606365423392,64.81632672372349,11.256511985076386,68.02465174962069,"Malda, West Bengal",10.332445579637408,0
wheat,19.049185615520113,21.555701509821628,53.40251502008413,0.0,28.621496435704035,"Haryana, India",411.85479224381044,1
maize,16.171519246426012,27.088015063087216,85.24868940495847,0.0,72.44622776397264,"Maharashtra, India",572.9681656939593,1
tomato,2.7515838028775925,25.987385012654588,76.74531408344484,0.0,35.51505329316643,"Kolkata, India",582.7167331697473,1
rice,2.8038053003438694,17.57961872685793,48.127974761515354,0.0,31.5681676805964,"Haryana, India",707.3249567784641,1
cotton,21.6417748604336,23.95092951361633,66.05541121296382,0.0,45.365526625294294,"Maharashtra, India",536.6709378427665,1
cotton,13.06298330652161,31.970112979716838,56.22869396222431,0.0,23.57753146323613,"Punjab, India",748.715288061272,1
rice,24.82177996830487,26.942114471564324,66.8222108091283,0.0,25.34019067896078,"Punjab, India",901.6723650225705,1
wheat,8.737507073391523,24.556909757187704,72.8897012504692,0.0,41.02821213907568,"Maharashtra, India",395.36627241224176,1
wheat,7.532049667431581,27.775448497207933,62.80637366782687,0.0,49.28553561589855,"Punjab, India",390.5389789359147,1
wheat,26.80236116891571,22.766529367087006,46.02755885330027,0.0,48.22083552278802,"Haryana, India",357.0329067055632,1
rice,31.31998835441501,34.02060037898593,71.82791286121127,15.529263274039716,55.96570352662511,"Maharashtra, India",207.64471699846365,1
maize,43.45142025845106,25.64622450437609,76.21188142569905,0.0,56.37901684247192,"Maharashtra, India",577.2812733996375,1
tomato,27.96911639652999,23.738599879746598,57.83093005259364,0.0,57.97996663081568,"Punjab, India",458.47440772185934,1
wheat,12.528594749374896,28.04150240952282,79.16670475677228,6.253099952227789,21.154937830933637,"Malda, West Bengal",184.29902551663918,1
cotton,15.82232859717336,18.271313455957362,74.2054380256579,0.0,68.56056972432214,"Malda, West Bengal",432.71313455957363,1
cotton,3.034714284921289,27.183099631791116,91.86093154338994,0.0,50.15838829853212,"Kolkata, India",547.0960268975256,1
rice,30.629868919873296,35.384614967287746,63.36660325448849,19.026265896041878,54.070457633103274,"Kolkata, India",240.04329349907164,1
maize,9.249464937461306,26.930331680476254,65.79702364728757,0.0,24.34533877164109,"Haryana, India",774.9050706750452,1
tomato,41.37073657598416,24.466825831060405,77.39872752284725,10.193951551051585,31.244677279026618,"Kolkata, India",134.35057695942146,1
maize,37.41404659453888,23.707769807391415,65.62925719852032,15.732850985270836,70.81535597305441,"Kolkata, India",0.0,0
tomato,15.182732660778953,32.22335088408747,78.52844270094342,7.673387405590824,28.648139839363708,"Malda, West Bengal",305.6813061618499,1
cotton,38.09831077873846,30.57038582112017,45.129538210636845,0.0,60.62491831706649,"Haryana, India",555.7038582112017,1
rice,0.5506038299251758,17.185291149446318,67.25103641916512,0.0,39.635018474349025,"Punjab, India",659.9381641622132,1
wheat,13.840775750305715,27.25856149053334,44.03539911830325,7.527439825988285,47.65832313533893,"Haryana, India",42.666513465019534,0
cotton,1.3319603511465536,34.59809814398761,61.97927549098967,0.0,30.747157049417307,"Punjab, India",740.5233128838307,1
maize,22.084058354191036,31.341218747892544,58.86287208232594,0.0,32.50164734449144,"Haryana, India",790.1753834655949,1
maize,15.085120701593773,25.908218879031317,48.52182698771911,0.0,35.090782380584045,"Haryana, India",699.4796369635561,1
maize,21.027556856103843,26.952169540053944,62.533624339795935,20.073376750709187,68.87322722119981,"Malda, West Bengal",21.473864940593444,0
cotton,7.48771864325297,33.88284880660945,62.484887384846616,0.0,50.56896427063487,"Haryana, India",614.9196887569836,1
wheat,23.39688376153308,32.593034180065494,74.61418324786462,2.682027080599008,51.909410648648304,"Malda, West Bengal",281.50963450093417,1
tomato,21.870774780221033,29.033382010821814,30.568584345282666,0.0,36.41017194978242,"Punjab, India",613.1753862044618,1
rice,8.773054657022593,31.00170136116911,62.084438707354856,0.0,39.33784840417451,"Haryana, India",878.0763351452671,1
rice,43.13367347136081,28.078240757383295,76.93114633690024,14.520123667655138,72.0534372467323,"Kolkata, India",36.93888908859958,0
cotton,38.06031006386349,19.879161999062006,94.11606067063322,2.9466080702145665,53.75924718027855,"Kolkata, India",307.0296111595989,1
cotton,5.675445678475701,34.24205835061195,81.84719387888417,0.0,74.32239129574565,"Kolkata, India",592.4205835061194,1
maize,43.33875555159296,21.873540195845678,65.07081725050747,7.13995154686453,54.543158319872255,"Malda, West Bengal",186.74732847301766,1
maize,37.62435572680877,23.154246336303366,65.24254553886992,0.0,38.585874991111226,"Maharashtra, India",643.1266252823236,1
wheat,0.9371762494253559,27.681826540365694,75.05800119116094,0.0,52.636184737416094,"Kolkata, India",377.4898931771439,1
cotton,17.499320498468357,19.158185096054325,53.21633575305218,5.1682910845200425,46.95559351585035,"Haryana, India",218.68993578603914,1
tomato,6.8049157836513645,25.308716778764616,87.14508011777804,0.0,48.33685785972806,"Kolkata, India",516.906106605791,1
rice,26.72385830521153,24.36687526509718,72.79099749078893,0.0,68.16054875157721,"Kolkata, India",603.29945842162,1
tomato,29.88753715718252,27.640718805988012,87.57349801192177,6.0755131309326975,31.03239444325947,"Maharashtra, India",319.07377651216837,1
tomato,3.3068802428173094,18.936599370129684,58.11484670336292,0.0,40.13245653119213,"Haryana, India",483.87723599663474,1
wheat,21.158722055054998,31.341016278979506,42.55282083308619,0.0,35.38433558049704,"Haryana, India",471.7487667396116,1
rice,29.909012591709814,23.826531476095713,82.72915235105162,26.217675311440587,75.98815210437311,"Malda, West Bengal",0.0,0
maize,0.8215032919631969,27.883536756132536,65.55783285723189,7.056920298808125,38.20219673432075,"Kolkata, India",355.6748316994359,1
tomato,29.166156358842464,19.116798839996378,72.02484719454924,0.0,60.949582024228924,"Haryana, India",403.207142575918,1
tomato,34.8340730702525,27.81912556749858,78.25821920397843,0.0,30.074191796125334,"Kolkata, India",629.5153852708146,1
wheat,24.510238882320277,26.98132986033055,53.24050685452338,13.631575068022368,48.217308602190556,"Malda, West Bengal",38.54944134463898,0
rice,49.19030528612418,17.919151401348355,42.376789146839954,0.0,73.68495325854789,"Haryana, India",515.0298168161803,1
tomato,30.200716635291457,26.84461140069377,56.83103018522072,15.116950743716409,69.95170092754293,"Malda, West Bengal",16.601502606243855,0
wheat,36.64708623037774,35.2346590797506,56.08618419059086,0.0,59.08934921177678,"Haryana, India",421.6426135582542,1
wheat,20.96692657403744,16.69360625633992,57.393308560831876,0.0,24.413028738576752,"Punjab, India",381.124923338723,1
maize,43.8142092966403,20.99204589163275,79.3995140340311,8.461237139199827,77.26075709739806,"Kolkata, India",82.8506478479689,0
rice,5.648616487111476,18.30122373351925,54.5072966387973,0.0,38.51398985533502,"Punjab, India",683.2206171722305,1
tomato,3.8832443866856385,27.78817279220472,76.94955092412188,0.0,48.673439656744975,"Kolkata, India",540.7826522167858,1
tomato,7.083430060194639,24.123083736572415,59.04717494699424,0.0,69.96650187364094,"Punjab, India",442.1077536291517,1
wheat,33.27820134273576,28.715501038215496,55.017069416789305,30.163494188693722,65.72429920638353,"Maharashtra, India",26.00850726750849,0
wheat,10.173418038598275,19.49356755080086,67.32151226054735,0.0,73.26908689789991,"Punjab, India",311.454972855606,1
maize,8.69426934374282,26.91926405236612,72.39719074584349,0.0,53.16982136554397,"Haryana, India",610.1198678612141,1
cotton,37.94935667286191,18.05476057193332,67.93178085528223,16.967874218063734,49.184545939465195,"Haryana, India",0.0,0
maize,10.161143444480308,27.39070287777904,54.22771274289429,9.479038624512205,47.09278165838339,"Punjab, India",176.72980695252727,1
maize,41.67845915595811,27.311583063373195,61.919407278734084,14.824649444159263,39.281066011383274,"Kolkata, India",144.6498396934128,1
tomato,14.601124738356088,25.94233679402634,51.712371768447056,4.058367582915599,76.07221889847219,"Malda, West Bengal",255.56265200045718,1
rice,12.983902505537186,29.95504412424794,57.00649227269585,31.624789535888482,33.48877397061108,"Malda, West Bengal",300.2376539880303,1
rice,21.9679981887945,22.968570049353772,63.69000644106032,5.580440458149537,64.93505842871117,"Malda, West Bengal",325.75577823175854,1
cotton,10.522143333739626,27.015300583692863,80.84622952486741,0.0,62.405916911697865,"Kolkata, India",520.1530058369286,1
rice,31.813366781097354,27.707819658754048,52.69931298027806,0.0,50.544998401397095,"Haryana, India",755.5455217914406,1
rice,19.15437115771339,31.020212013959814,82.12270978097933,13.130906906193108,35.1458716461224,"Malda, West Bengal",306.5468233610368,1
tomato,5.299093935022378,31.051896566416318,65.54242540203151,30.53252422326062,79.17901053632077,"Malda, West Bengal",54.467069097746844,0
wheat,8.716725803418699,28.843083884716552,56.36780066261518,0.0,39.27445266731522,"Kolkata, India",436.17142468469376,1
rice,13.179468816100568,22.889511062466944,69.02356826321243,0.0,63.32126860160174,"Maharashtra, India",613.0550744920239,1
wheat,7.168662031987848,21.500586914771517,52.89451500261967,0.0,59.310328590675155,"Haryana, India",325.5041084034006,1
rice,17.479266086779532,34.036466517649714,77.32219429675368,10.368925183338629,43.89259784707971,"Kolkata, India",374.9459918125085,1
tomato,20.38368314379991,26.54097754257482,69.25651999048196,0.0,25.82988091795793,"Haryana, India",633.9700384513701,1
wheat,46.922446746122965,26.00731427406895,48.26343128396808,0.0,57.55150382420703,"Haryana, India",357.05119991848267,1
cotton,28.061520026471996,22.397724646624706,74.1135763115144,0.0,56.36657599117839,"Malda, West Bengal",473.97724646624704,1
wheat,6.242860662588655,21.378010717691993,78.54276909465663,0.0,31.777232008584566,"Punjab, India",400.0378798198677,1
wheat,32.46509879076905,25.516148239307796,82.0432626310705,0.0,79.95979528958514,"Malda, West Bengal",353.6130376751546,1
tomato,45.55597421981045,23.63491166364523,36.569331851397145,0.0,26.013912690577165,"Haryana, India",597.4189919649316,1
tomato,19.039539546326534,25.02398606585416,62.739427033627905,0.0,50.81916030927977,"Malda, West Bengal",502.8048691660333,1
tomato,3.246455132361576,32.2346279060634,59.28381608430734,21.34378576817266,25.513765524626375,"Maharashtra, India",255.6320542605688,1
maize,8.06791222457591,25.07909167146512,67.37866551485902,0.0,55.32556781390057,"Kolkata, India",576.6200533616856,1
tomato,24.990483359497315,22.79750906625497,70.04979937016523,0.0,75.76554470159084,"Kolkata, India",430.1775815962948,1
cotton,9.410893230014935,34.6664727795925,62.11557828972427,4.929129626275424,57.19797748777003,"Maharashtra, India",350.20824648215387,1
tomato,3.480908040039195,27.132621592739362,48.37104243454056,0.0,78.25863149534882,"Haryana, India",469.1935943346542,1
wheat,24.31042960012286,22.44861464184124,73.0198619975085,0.0,68.30067794490341,"Kolkata, India",332.1403024928887,1
maize,13.171047562728361,19.73974866197169,82.66116684649613,0.0,23.36481015582025,"Maharashtra, India",672.4326457210328,1
tomato,24.296675164281268,26.560928795457126,54.575732943821066,0.0,76.95023030645783,"Haryana, India",464.04835915911417,1
maize,17.906562838638266,19.596060916663948,46.980303982170824,0.0,31.2291315559358,"Haryana, India",631.6940842765528,1
rice,47.31864297023555,33.89873803207722,61.71204582430552,0.0,43.68725055024284,"Maharashtra, India",892.7593847943183,1
cotton,44.90384571640445,26.04904678913499,81.69014171857482,26.39996668876507,25.553326751661697,"Kolkata, India",160.81292793522903,1
tomato,7.454617085609681,18.98608853937049,37.4560493771926,27.598211712005934,20.160090080557175,"Haryana, India",113.48782923623696,1
wheat,36.96450839333013,39.5297329298387,51.006578341512295,0.0,55.53141082575309,"Maharashtra, India",451.7081305088709,1
tomato,20.3116203050639,28.992708801075544,72.7987453784476,10.471471343083165,35.22375196742705,"Malda, West Bengal",168.47904575845587,1
cotton,30.92481953727686,27.66276720722409,76.93611755172589,0.0,41.56670157093435,"Maharashtra, India",597.3711388717462,1
maize,13.23026823320915,32.375622023305716,94.73958780416716,10.946342009594865,38.88713742301748,"Malda, West Bengal",217.06474031178368,1
maize,32.253773268682245,27.81484646198334,62.77082258465256,0.0,50.76128433972869,"Haryana, India",634.6368594831633,1
cotton,20.065077938561426,31.65295698832015,53.94364757302603,0.0,31.60855096486209,"Haryana, India",699.0490454914166,1
wheat,47.674300714001916,25.827178800780985,79.05717600497366,0.0,53.987996358778055,"Malda, West Bengal",359.3908619068269,1
rice,5.125968677109458,24.51448529692666,78.75170087126287,2.1579648398143876,45.079895583532235,"Punjab, India",634.344318819649,1
tomato,47.28689317578683,18.78399603107103,76.38186998848573,0.0,66.51894523282257,"Malda, West Bengal",394.0559642796393,1
maize,34.93419067808733,27.023989386409585,59.09140922775994,0.0,62.7816921373458,"Haryana, India",572.2638832505055,1
tomato,19.62757031061377,20.16067346354145,66.71624740583198,3.4315611821183367,59.2772897478233,"Malda, West Bengal",247.96658094891052,1
wheat,17.644993403870465,29.221552500541,56.46475611653318,14.645922111198493,65.29872398894979,"Haryana, India",29.550867503787003,0
rice,43.13184456656172,27.59007982053953,54.00428357419691,0.0,36.06000558616656,"Kolkata, India",845.2697996863343,1
tomato,18.7290080986597,26.658918541343816,73.44819367747667,0.0,44.49330935529392,"Kolkata, India",548.6488217413588,1
rice,41.04864275476337,33.39060613049742,55.176032130042316,0.0,43.52177208821547,"Malda, West Bengal",886.2168468096354,1
maize,5.709473954843793,29.721519082679706,65.61250713604522,0.0,64.06810315251937,"Haryana, India",601.9367099094767,1
maize,47.92011165365043,27.2242536170875,65.28090019912308,51.42523515154691,24.316781554366422,"Maharashtra, India",229.45502928561984,1
rice,5.651759842703225,28.816673403387693,79.61717016257118,12.664664525334672,58.49719992286454,"Maharashtra, India",120.0851730377318,1
wheat,2.004672033170544,34.28738604647865,42.26280875410757,0.0,75.69300773885567,"Punjab, India",415.01170232535054,1
cotton,6.18403707020779,25.37444630649886,74.33613795088641,0.0,22.085004904042762,"Malda, West Bengal",669.5519283789858,1
maize,41.85900731277425,20.41495218884837,48.35863232987,0.0,66.539278119562,"Malda, West Bengal",499.5644740773321,1
maize,47.474295415762604,27.212167212248392,70.89328047074422,0.0,35.35909722744671,"Maharashtra, India",715.8548822750761,1
wheat,39.41198200707972,20.864135208240484,58.496219725359865,2.1433041539984354,66.92540087741659,"Haryana, India",213.88373875776165,1
rice,8.520109610039766,23.765020339927595,86.11114982411956,11.712343861834032,30.709044460825087,"Malda, West Bengal",229.4859605125962,1
cotton,33.3047599567248,20.16240439961577,63.10863732760524,0.0,70.08790955479643,"Haryana, India",451.6240439961577,1
wheat,10.832921178732146,20.665577075582668,59.70311209714021,0.0,63.08037260645887,"Punjab, India",319.6590395290787,1
tomato,28.30322877354821,17.328510619316678,67.647143405969,0.0,36.42203776931575,"Haryana, India",480.3023126828992,1
rice,10.372296682154387,33.02436134529999,84.46912336078988,5.942730039272961,34.25685201167855,"Maharashtra, India",648.0326343190995,1
wheat,37.34852834476058,22.732846771707717,70.21919882486017,11.743404928149863,31.32033747368196,"Punjab, India",63.25076661016817,1
tomato,16.69102954708111,29.532527317736264,69.80877820146293,6.936834233770618,56.387466532612734,"Malda, West Bengal",173.95090501727412,1
wheat,45.815912884889,22.466654479634297,77.19599497624891,6.841413865993066,28.4929310592694,"Malda, West Bengal",78.27001984521218,1
tomato,33.22596404787298,23.895495307125298,39.395804695230865,0.0,45.765127211135194,"Haryana, India",513.7028482163226,1
maize,21.644305194701666,24.92293735695869,50.45431885221166,0.0,36.26902167063318,"Punjab, India",679.4715268277412,1
wheat,42.17776375761043,18.15477859346183,61.74188419756294,0.0,70.08011130738231,"Malda, West Bengal",302.0834501542328,1
cotton,2.0391837861812725,17.625890410215902,43.494756129652174,0.0,60.25753406261314,"Maharashtra, India",426.2589041021591,1
maize,29.62123458433924,32.452150651472586,57.993868207176746,5.81805711639519,77.76532084545957,"Malda, West Bengal",341.07080134643894,1
maize,48.56327882807298,25.235835366316895,62.86041592513688,25.091722484279526,54.21427787462289,"Punjab, India",34.56575328771294,0
rice,44.84204344668766,23.25687744906785,55.57877904647191,11.475579586229603,46.29996653686123,"Maharashtra, India",142.54630332167358,1
tomato,33.8728690596716,23.581571424854573,70.40102157344755,10.28700594758445,26.825747748839106,"Kolkata, India",143.21415386281592,1
maize,22.09564495415854,28.245832776173664,61.84499236690319,0.0,58.02392030345821,"Malda, West Bengal",597.2781415361005,1
wheat,47.39057399294351,22.31122376583559,35.49587798342593,0.0,55.26014308839562,"Haryana, India",331.1785663608491,1
cotton,27.914630335457264,25.88222299889623,52.254220002470376,12.916693213376046,32.84314737364605,"Haryana, India",121.56122161774431,1
tomato,27.64993749458166,29.18712242861467,67.49452810996952,3.1446892964196653,50.53257508456008,"Kolkata, India",388.81286575088654,1
wheat,47.269354924526496,30.470200096062,78.52942047770699,0.0,41.37071205970526,"Maharashtra, India",441.2127537174837,1
rice,43.09978661808439,21.039789873412516,58.82599959328727,0.0,24.10085709138147,"Haryana, India",806.0599058668538,1
maize,7.444108133004356,26.66380239318505,65.5982844882806,10.342914615017467,38.75937886131317,"Punjab, India",171.8669334281011,1
maize,43.02951887084986,17.824012450078754,39.450511765658504,6.829927049656418,72.29701077973101,"Haryana, India",129.56778446804537,1
tomato,47.60437634373951,29.283916286623615,62.71527456190459,2.0438357612927867,36.43230918232226,"Maharashtra, India",513.7185296668897,1
maize,40.06366531501842,28.682957586991964,67.29562614855962,0.0,66.15120739975569,"Maharashtra, India",590.5125334569116,1
wheat,38.043559491801766,20.322154901492773,68.30940516034282,0.0,45.1803375294361,"Kolkata, India",348.40846276043845,1
rice,7.383426726799512,27.958514528106946,55.84466070711821,7.695474876898288,28.113671057309833,"Malda, West Bengal",516.9169616732319,1
tomato,9.942339322291563,26.76905092386479,66.51409862102796,0.0,43.00777007286155,"Punjab, India",556.7399402493772,1
maize,19.339066147439468,18.31837406742096,49.24593207886158,0.0,46.17499470258899,"Punjab, India",542.3785573469365,1
wheat,30.887844189291712,38.299274056200254,56.57054338400047,15.205973170679409,36.15260347253732,"Maharashtra, India",176.6067746560434,1
cotton,44.215086585209164,25.653179473228608,74.32723899426834,0.0,23.200939672991645,"Malda, West Bengal",667.6041457146839,1
cotton,9.99789729856666,26.991480168572267,81.8797624380741,0.0,27.17782637096422,"Haryana, India",664.5664005337815,1
tomato,33.9350530921509,26.30424070954143,54.12802054126113,0.0,55.67300606870269,"Punjab, India",493.26100298351986,1
tomato,13.691611400635841,22.069932590704628,78.48550891714811,13.867519336906462,24.776975079646267,"Malda, West Bengal",133.4352149270086,1
rice,33.848726562182016,25.93987985543406,67.60444141062901,11.871840807194362,78.76519238827113,"Malda, West Bengal",17.68651790549052,0
wheat,40.9661636980205,15.530032035788917,95.44065010959781,0.0,73.3979521248009,"Punjab, India",283.7102242505224,1
cotton,6.296807959511251,32.21196845095174,85.6843534052108,0.0,45.04847336468997,"Maharashtra, India",629.0543272993336,1
maize,41.404977650395,21.414915992621893,60.40723241788764,0.0,45.84566950170411,"Malda, West Bengal",582.8310026299639,1
tomato,11.912257128983157,39.65623616631558,62.462864124198624,10.135505542048863,39.15540231487381,"Kolkata, India",267.74976939918304,1
rice,33.768177335000125,21.84262728044628,81.68353967843458,0.0,23.515453262608126,"Kolkata, India",823.4065230197712,1
maize,49.9287323000109,35.75567798707222,69.22597807770562,11.412720195276039,63.56636410216511,"Kolkata, India",118.31245785779447,1
cotton,6.200613639274016,19.152296268349716,69.55586014932527,9.81332458052468,73.35114199045256,"Kolkata, India",0.0,0
wheat,12.859179205035304,30.225639193969208,76.07102451764615,0.0,61.36843396440584,"Kolkata, India",386.5794743577845,1
rice,40.04422890360923,24.112797548571105,45.998387664901976,0.0,49.38232365187987,"Haryana, India",710.8645823117157,1
wheat,15.763575996299359,27.704408297307804,77.43715820399812,9.842418903790573,70.43215279695163,"Malda, West Bengal",18.93085808115461,0
rice,17.308870489804395,24.45485862091478,53.888085645126544,0.0,71.28920317953128,"Haryana, India",593.4583034509774,1
maize,37.13177927671676,18.914617210390887,84.55242640820464,14.35545527676734,71.27391013647443,"Malda, West Bengal",0.0,0
tomato,25.608258982774075,29.130624731775168,78.9561707614827,6.104884553976641,35.14654778167805,"Malda, West Bengal",315.190746030512,1
rice,48.584391506127986,23.620448937989845,50.36239401624483,0.0,74.3752542042721,"Punjab, India",583.4453872558781,1
wheat,37.30767562280069,24.015975470734514,54.979470155226416,2.7586497974633652,47.735314570646025,"Kolkata, India",230.1053334185205,1
tomato,30.833628320738477,26.975238050795394,65.74164578192928,0.0,70.51832712243774,"Haryana, India",467.7771424571585,1
tomato,28.458232663766022,26.220492217511932,62.73911086847179,20.877484157461893,44.84411716642655,"Punjab, India",92.37530079193903,0
maize,43.55354411668933,32.62043891806047,67.08121145965389,2.039370614877606,49.72755157417666,"Malda, West Bengal",596.9656259312835,1
cotton,26.2660920840536,21.871543481945576,68.8494848709835,25.468802738464444,27.66760929546932,"Haryana, India",96.82656875674934,1
cotton,28.80818811917245,25.776397865786798,35.57079099484214,0.0,21.397224766554913,"Haryana, India",678.3867671226693,1
cotton,25.748424853060044,24.181845668357123,53.15491469820511,0.0,51.53298020901377,"Maharashtra, India",508.86989991251363,1
cotton,45.03810096072874,19.729886737857417,60.01063623754409,0.0,67.81925928553912,"Malda, West Bengal",447.2988673785742,1
wheat,6.9713696031635735,29.156121784858914,43.48773342492856,0.0,70.18839149995827,"Haryana, India",379.0928524940124,1
maize,40.37902780110846,34.288065562883254,59.665475542241,3.8284179741440276,22.003592291951442,"Maharashtra, India",708.5485087328852,1
cotton,45.22618553301545,24.3286201435529,58.469694245419454,0.0,21.500246771035528,"Maharashtra, India",658.5358616289639,1
wheat,14.065683267762616,24.55398351154166,76.1029298048287,0.0,45.10213460792043,"Punjab, India",381.21139067149153,1
wheat,4.340981307819376,28.22041571250164,47.08696524066636,21.410234211014217,61.6638396487948,"Haryana, India",22.542909987511507,0
tomato,41.881230230127,26.55928525672341,68.69119694654617,0.0,73.13143032519181,"Malda, West Bengal",464.03356731051065,1
wheat,20.447153606108014,31.262736553673744,36.57063093752325,3.9236804871615787,73.3816235196536,"Haryana, India",197.65513151763724,1
wheat,47.53906048343904,29.861149667416456,65.66435967236451,0.0,57.77847405394744,"Malda, West Bengal",384.02804767191515,1
rice,2.657948628733422,31.466795164486392,59.1341349126396,0.0,24.621919999046835,"Malda, West Bengal",985.0841117784166,1
rice,7.651546981432965,27.43193371977695,68.11405170852512,4.482058944477103,38.57416113429389,"Malda, West Bengal",602.8063574728794,1
rice,26.938033659250344,25.21989988920932,60.33451553795009,8.982192753158369,36.27066714267221,"Maharashtra, India",356.7952073435718,1
cotton,23.461328460727955,28.34453066560486,63.67395921759503,12.598405187504778,36.77566223139392,"Maharashtra, India",130.66218115182335,1
cotton,43.30596610856379,19.37229877865729,99.71247044911232,0.0,53.417367791644125,"Kolkata, India",450.7454907071622,1
wheat,47.50002387108851,31.292373860594818,72.94167538001602,13.697788421293767,44.530619703504094,"Malda, West Bengal",85.30085590590028,0
rice,20.436304127998376,27.09535781268834,65.24607757785458,5.731029259691118,27.264877894487764,"Malda, West Bengal",605.7490080383745,1
cotton,24.92549182449556,35.793464184774315,93.27441941113796,4.1384927155379785,64.707964909904,"Kolkata, India",401.0100060708442,1
wheat,5.641752618801119,20.33440455656929,66.73472796158231,0.0,48.51364802010441,"Punjab, India",337.92467522868736,1
cotton,35.57466669071746,35.47785868241213,77.78434957965715,0.0,37.55676364540792,"Maharashtra, India",710.2715451458148,1
maize,22.180888520829928,24.877009169889288,78.97637501776279,2.4372544320857568,34.64380706257552,"Kolkata, India",565.9003967063687,1
rice,2.315858267029844,34.69771993844867,70.72388602404007,0.0,76.15227751786747,"Kolkata, India",716.372639261384,1
wheat,25.70763989989232,22.638032078367488,58.36499788820901,0.0,34.92150856826811,"Haryana, India",400.4212118722773,1
rice,13.220803923762164,26.587083084415084,60.77341971382879,45.27280465995899,38.3603663125366,"Maharashtra, India",214.908566428457,1
cotton,27.505345936304018,29.106236893454902,83.46839945469165,10.246604048658813,62.89135845202455,"Kolkata, India",41.06236893454911,0
tomato,33.493653537235595,18.71697540757804,93.64270367885672,0.0,69.09272008222779,"Kolkata, India",393.45277866820237,1
rice,49.60385194623513,26.372697304239146,61.627575840811545,0.0,33.50242394265196,"Kolkata, India",841.4698389067803,1
wheat,7.062817918968369,20.08229314594538,51.15375823935819,0.0,42.40785300756332,"Haryana, India",355.31385236510823,1
cotton,29.108512171968222,20.8269334600765,75.99616159846312,0.0,62.13791717827345,"Kolkata, India",458.26933460076503,1
maize,8.50278060990872,27.483774592194003,58.85250137708669,0.0,33.29560582636684,"Kolkata, India",731.4917350014408,1
tomato,5.074934386800975,36.54496925116193,59.61622366668187,0.0,31.30928299631832,"Kolkata, India",726.6715779626528,1
cotton,6.965911912291272,22.020253183794,62.00613782290071,0.0,31.941061520899225,"Malda, West Bengal",578.6262443816248,1
wheat,49.954993005966884,28.487507843173614,62.03781170316094,0.0,58.04182355630201,"Haryana, India",374.4125549022153,1
wheat,9.046541354330692,26.155317131994657,68.38232718834331,0.0,60.23979896012597,"Malda, West Bengal",358.0872199239626,1
maize,2.0131341837076806,26.09799208268991,80.81670072888794,0.0,77.24783618345452,"Kolkata, India",562.077912909589,1
tomato,6.440136106035959,15.19348056848819,59.82533709821185,0.0,65.4877523898107,"Haryana, India",361.74132511639374,1
cotton,1.2340930403695396,23.024765739152162,63.09046835024035,2.210655690753727,57.72471354968426,"Punjab, India",369.71487285383535,1
wheat,22.993282688432462,14.689399445369688,55.20343092192741,4.758395795102403,29.273840398992967,"Kolkata, India",111.37991408444671,1
rice,7.352910406044249,26.813123457177422,53.10555462490658,8.373424413976874,27.132266335891774,"Punjab, India",469.61960198742617,1
rice,12.57003543494905,27.65898699240311,42.19789830184072,0.0,60.480439521389705,"Punjab, India",692.0626932788214,1
maize,25.210969424896703,18.704675442759033,49.94684874002765,24.606677761391882,61.50911516750305,"Punjab, India",0.0,0
wheat,3.7197749079884606,36.43325676833949,58.09859162451105,0.0,66.79773214332675,"Maharashtra, India",430.0327973783765,1
cotton,42.90030916678712,30.001147338017383,78.46892803682094,0.0,27.81970187538154,"Kolkata, India",699.5062315645116,1
maize,2.8761139801913993,20.30664463533703,69.01433236944378,0.0,61.174996151450436,"Maharashtra, India",498.3730909887073,1
cotton,9.251682489971186,26.420326035322613,55.240751884645555,0.0,39.41179485068834,"Punjab, India",594.3583194615361,1
wheat,37.29726866629298,30.832472431988958,74.60783991313791,0.0,42.75792756033125,"Maharashtra, India",438.6726690637979,1
cotton,26.136404451694162,30.14880365936826,78.29699604589015,0.0,36.66293835443436,"Kolkata, India",652.6147378317858,1
maize,13.433724336673475,21.535315007040094,73.40481511172945,3.035682255552471,39.63879132978127,"Punjab, India",464.331030833015,1
cotton,34.352256685590376,27.13081956162097,57.25804193406817,0.0,25.27718050212374,"Haryana, India",676.2556896268513,1
cotton,2.750499046643829,25.627928960382395,54.29813743782586,0.0,73.88705501621368,"Haryana, India",506.27928960382394,1
cotton,43.94903793854028,25.65938645491076,70.57332539356763,0.0,25.699198698638728,"Kolkata, India",655.0299262055289,1
wheat,31.318392929853154,25.572380294093897,58.914721574351525,0.0,75.02130271283339,"Punjab, India",354.0066620586573,1
cotton,14.114492817566301,21.139188910283373,70.7957954655656,10.898235027429198,36.541153814162016,"Malda, West Bengal",46.559508226258004,0
cotton,38.84872031916241,26.89441893901418,58.33553990530063,0.0,59.25837929204336,"Punjab, India",518.9441893901418,1
maize,36.13946693611985,33.28848917656625,71.29232432027077,28.261390087145106,69.26852548983261,"Malda, West Bengal",91.17338094222873,0
wheat,43.7720205480507,21.873227161602443,48.37393880747895,0.0,74.59730379635656,"Haryana, India",328.1125901312171,1
wheat,33.94939013062707,22.937494209487966,64.22745618797659,0.0,60.060437060497215,"Haryana, India",335.56245946641576,1
wheat,34.94647370508916,32.76576810939588,58.090591984561065,0.0,32.530424985367524,"Maharashtra, India",495.2184349526066,1
wheat,23.17509313894866,33.38572993331749,77.07040422541269,0.0,60.72690165421081,"Malda, West Bengal",408.7001095332225,1
wheat,5.855216646561919,27.817186615382052,92.09130233217113,0.0,63.5964812708765,"Malda, West Bengal",369.7203063076744,1
maize,22.135365096495015,27.87787042462911,64.7524924992361,0.0,67.57961908355068,"Kolkata, India",581.6565746709201,1
wheat,32.5168801872803,27.39489484495218,72.2717125953395,39.82819433092064,71.80658801062,"Maharashtra, India",16.764263914665264,0
rice,3.879160359847299,18.463571635777857,50.13103142510775,0.0,75.22833803683329,"Haryana, India",521.5628596293343,1
tomato,22.34167088334328,25.397778141257543,55.44072823293391,0.0,53.226593755954895,"Haryana, India",495.6423196164203,1
wheat,40.4739997744654,18.009722540355526,51.158767409904996,0.0,58.05140461527146,"Haryana, India",301.06805778248867,1
maize,16.571608338721152,29.11235458094373,74.13234080784669,6.153576096936543,73.99708423438557,"Malda, West Bengal",287.5570955435539,1
wheat,6.374288357554302,35.003730346180596,63.37764899599464,20.949577069687884,46.256937724301,"Malda, West Bengal",106.74925700662766,1
wheat,47.73070563746315,27.979924008597063,63.12010512606716,6.237617762008525,65.17580396029169,"Punjab, India",58.97857995975323,0
wheat,43.943124143594865,32.444784314335834,59.495860128352696,6.067610147378332,51.07789706728334,"Maharashtra, India",114.50428782343158,1
tomato,49.459186040948374,25.84786150599642,85.084730109817,0.0,36.35187014241241,"Maharashtra, India",577.2926372615159,1
wheat,6.120949920252945,24.414485837130172,46.96565725828743,0.0,56.47827005588975,"Haryana, India",345.90140085991123,1
rice,42.68570798630759,28.350068306233307,56.03381996212095,0.0,30.51049182225086,"Haryana, India",893.0129747142968,1
rice,32.6006310785866,26.12008210324067,59.38910869019003,0.0,49.246428425587304,"Maharashtra, India",740.751899177223,1
maize,16.539383803875477,32.51899293885563,61.033712399886255,0.0,55.02393500960749,"Punjab, India",664.192929502436,1
wheat,47.3518698594589,28.722017241902567,53.7745365148828,0.0,42.61370101311283,"Punjab, India",422.63330843490183,1
cotton,27.89330132825404,20.167568396823167,61.05583434741094,0.0,22.354614562432783,"Kolkata, India",599.1269519274289,1
rice,9.586380624892682,16.52709835120616,41.78610243335897,0.0,68.57523624857316,"Haryana, India",505.4251367464022,1
tomato,44.57056558257574,15.01249497368985,82.6871389457657,14.521884794538721,62.171049403761955,"Malda, West Bengal",0.0,0
rice,3.4206650329554646,31.03903229272653,74.61009063613974,0.0,50.15401860736385,"Kolkata, India",805.9263385698529,1
cotton,33.10181419367317,27.124805758413686,73.2077392669841,0.0,35.88603042468526,"Malda, West Bengal",620.8792527226879,1
wheat,26.313686774441532,27.86993243797808,76.36111084032714,2.049848892635172,60.672387228119916,"Maharashtra, India",267.597082434088,1
rice,23.602408458993153,23.54961696828723,52.92534780956523,0.0,47.93712169027773,"Punjab, India",711.1327185580406,1
tomato,13.221779351976723,22.9912470249432,69.73978161813727,3.9335405166908384,39.35470367020014,"Punjab, India",335.21364441655123,1
rice,2.128922387558097,34.02775247118636,84.16828902814274,0.0,65.73711171390346,"Malda, West Bengal",738.5284754019194,1
tomato,46.830668856368646,27.402322434695847,48.47385942615033,23.194757907846014,50.64279721670188,"Haryana, India",77.54194862041902,0
rice,0.9509422221689818,28.261780125733424,71.95768151859397,6.696051745211138,20.468401669333417,"Punjab, India",620.9157061959372,1
rice,26.908675013658417,34.25852940388412,70.09701589739419,16.998276024753885,42.28501471959393,"Kolkata, India",308.1842652666685,1
rice,18.48068583882777,21.37537092140363,57.68775789148641,0.0,24.660344796370314,"Haryana, India",808.8216503588685,1
cotton,2.5239113257881423,29.200018874244563,86.77299563001105,0.0,58.78583467952019,"Kolkata, India",542.0001887424456,1
wheat,11.089182089736026,19.659924281661468,58.41823312390357,0.0,65.84075753994324,"Maharashtra, India",312.6194699716303,1
rice,44.451140997251876,36.52896716722866,51.89809919599907,0.0,32.58959498543368,"Maharashtra, India",1014.5664358292212,1
wheat,25.05802386000152,27.870159379405674,59.127269231071715,5.735061645009621,38.46756533287548,"Punjab, India",144.52310530999262,1
maize,14.062534723393208,29.935287672972677,75.0654865780454,14.717661298298994,56.86886049217894,"Kolkata, India",73.20926985939911,0
wheat,23.368975614528303,25.868345822651488,68.72379431573246,0.0,74.41845758410872,"Malda, West Bengal",356.0784207585604,1
wheat,48.32180467235152,22.059453511022493,61.92685742305087,10.634792105691961,62.03682910445233,"Punjab, India",0.0,0
cotton,30.842378408673337,25.392629907249777,73.52352110314054,4.086822139434776,50.02969370459683,"Malda, West Bengal",324.6318726677515,1
maize,33.15671084690747,20.225529819170642,57.16928010269612,0.0,48.01996517199321,"Malda, West Bengal",557.0792044692366,1
rice,39.602439353468405,32.61522413613381,69.06094018848667,5.96294693928151,52.2272448972044,"Maharashtra, India",516.1130949212326,1
tomato,40.65223494858153,23.375914018535674,59.048656929636095,0.0,66.48966599927729,"Haryana, India",435.3832261668211,1
rice,31.838787724527716,27.653716729560653,69.5894459407192,19.753940666289616,41.326967814828706,"Kolkata, India",213.01360648939806,1
cotton,2.982129142054605,19.78399460071707,51.930987710512824,26.276306722090123,65.05570361100334,"Maharashtra, India",0.0,0
tomato,34.81708415673157,26.182060615907854,67.20800994592537,10.018249597047578,47.1039550925625,"Maharashtra, India",81.55866287596416,0
tomato,41.28726039335976,26.804820486166594,67.5180806577221,0.0,77.64427033396828,"Punjab, India",466.2433843754993,1
rice,37.02654765641696,23.48950674630253,50.497941996371175,0.0,64.22526143026113,"Punjab, India",615.4757879358888,1
cotton,27.140919374786108,36.92788870231268,60.22050734297881,0.0,52.43175506533614,"Haryana, India",635.183485670541,1
tomato,2.656253688334791,26.658143530205155,68.56629616101603,0.0,28.56709100837388,"Maharashtra, India",622.6852892496595,1
maize,42.731014593465865,32.93726556348841,76.142330745223,0.0,62.05817927468723,"Maharashtra, India",637.3099211983725,1
cotton,33.450849943349915,27.427780086149575,43.834863994713004,0.0,53.38514786672897,"Punjab, India",532.7441121129741,1
wheat,32.764105117362824,26.61414445008664,64.56720412111866,6.588998560439808,42.53533244059544,"Maharashtra, India",76.8838037639552,0
wheat,41.72602755877641,29.777576302642515,72.09169810688752,3.291280431548597,20.3652518585354,"Malda, West Bengal",351.6835416739996,1
rice,2.6049693591950853,21.2674221158738,51.37768840159808,0.0,48.07493791673265,"Kolkata, India",676.9389976692779,1
tomato,39.66461055260952,15.994927588032285,78.43875193233924,15.090208855097465,72.2682890097293,"Malda, West Bengal",0.0,0
cotton,38.23042408728738,22.905974012046432,56.8531434676233,3.4698731831159413,53.079832981538075,"Maharashtra, India",314.76482809318975,1
tomato,11.001982515085945,27.01901565414632,56.649009883095786,0.0,52.76276440148695,"Punjab, India",513.7580678797614,1
rice,21.825460843962727,24.653511732418888,53.19831423692452,0.0,43.27918880571934,"Punjab, India",755.0559942452225,1
wheat,3.7062238764974866,21.85909718063246,61.85656392513711,0.0,23.848115134242995,"Haryana, India",430.19612428433385,1
rice,39.74866277731697,23.15324288209431,75.9166804969313,3.4414571905646416,24.450357817095345,"Malda, West Bengal",668.969613044007,1
wheat,32.951900586619544,32.78052218763542,62.46730451086932,0.0,68.40288608268365,"Punjab, India",404.46365531344793,1
tomato,32.917812454832635,26.57798369339954,69.70233511663598,0.0,77.39293452375239,"Malda, West Bengal",464.2018532405959,1
cotton,20.45991113340064,20.948134727757303,57.263958344017205,6.469307571534291,79.33025796680562,"Maharashtra, India",136.01596870085842,1
cotton,43.68445223609174,30.145326600828867,57.829465707424085,0.0,47.871131888703125,"Haryana, India",590.7656420374587,1
maize,13.992370227727234,22.31978010615515,58.50034219386889,0.0,39.98439776317649,"Malda, West Bengal",624.7023097869697,1
maize,20.112897151848156,26.833265905519376,56.21896901660958,0.0,22.96910081323225,"Malda, West Bengal",781.3034938302168,1
cotton,21.59450164831083,25.78285290882482,62.29729632325391,0.0,60.79237243683049,"Maharashtra, India",507.8285290882483,1
tomato,7.15562351796969,31.8524422980669,62.41735370632712,0.0,51.86018778457775,"Kolkata, India",566.1129185861626,1
maize,32.05084709347832,27.091693752210805,79.6793194876499,0.0,34.92242935798807,"Malda, West Bengal",716.7052755669619,1
cotton,45.15860885994245,31.58003709859249,54.61215162152612,0.0,23.571571812309347,"Punjab, India",743.6225342669237,1
rice,40.66467138368248,19.405347935230765,75.4695453442821,9.801036670554744,43.27070598115081,"Maharashtra, India",185.24317381144164,1
cotton,40.19505941667114,28.820079783203056,67.65318870448219,0.0,32.989434035967044,"Maharashtra, India",656.6618394578013,1
cotton,47.4218954072576,31.141650228708983,68.5716173614405,0.0,43.25959403352795,"Maharashtra, India",627.3290788183621,1
wheat,4.228410892286539,34.73393693300976,34.40218430789911,0.0,36.64254879999808,"Haryana, India",494.8969567872886,1
maize,19.727147450778922,26.0096318492532,88.00625401055959,0.0,73.73120722284956,"Kolkata, India",561.1059503417852,1
tomato,13.865247325018192,30.357642420876196,62.45100384511155,0.0,24.902237576133725,"Maharashtra, India",685.5378957155758,1
tomato,8.205968214327783,32.884429430879244,77.62808689573295,0.0,76.43819304837459,"Malda, West Bengal",520.9598648779132,1
maize,15.833737993840428,23.53605506145021,62.26257114634184,0.0,54.50675401636169,"Kolkata, India",563.2248595240279,1
maize,1.9284667101381643,26.31691696318859,47.7160968675829,0.0,32.91983165172389,"Haryana, India",717.3498691476162,1
rice,14.573824505425428,28.691221094501476,87.03400945048787,0.0,36.36936013281213,"Malda, West Bengal",860.9750676130664,1
cotton,12.427503282923386,22.152520099727788,62.52753969061446,21.331504782817596,54.977176961871216,"Punjab, India",0.0,0
tomato,2.8603156403632823,25.929175291643862,61.88491822966368,0.0,50.315323415054614,"Punjab, India",514.2125752947951,1
tomato,13.678300172714676,34.21136140582948,65.04337943641703,0.0,46.75097805192306,"Haryana, India",616.8291453844984,1
tomato,43.183811240219136,25.70735736968279,57.644424246318366,11.236870943765256,53.514405302495966,"Malda, West Bengal",47.373434862636884,0
rice,43.23352398483365,32.30757590235626,79.11402616099363,23.469983988058527,30.0224098172011,"Malda, West Bengal",362.61316488356,1
cotton,37.51494359446899,21.421012958909294,60.340490219279495,0.0,75.28385528001178,"Maharashtra, India",464.2101295890929,1
maize,34.296467774309235,37.43360779628777,49.994054128912474,0.0,50.89684109086669,"Maharashtra, India",749.2874215935778,1
rice,36.246701176173076,19.734179254149325,63.470464575968705,0.0,76.15433511918897,"Punjab, India",536.8101510497919,1
maize,24.667935906954813,32.32535744737481,56.805132613493306,0.0,28.45310723422392,"Maharashtra, India",829.5069913778558,1
maize,24.07814263898374,26.655542815424177,49.631075555960976,0.0,38.99168901187819,"Haryana, India",687.5824988195999,1
wheat,6.543228371736019,30.336766894594387,79.97877815794254,10.215945487021282,25.080569314561394,"Malda, West Bengal",153.2524875642971,1
tomato,45.40231224941655,29.254061681659,77.09686063574487,0.0,69.71231455562295,"Kolkata, India",488.28655513493106,1
tomato,15.649930311700706,22.64492577168773,44.04160836996042,0.0,30.359392149943936,"Haryana, India",566.6246507197457,1
maize,23.66901270837549,28.390189075961416,40.603918692011725,0.0,64.88536194218759,"Haryana, India",587.2920798355756,1
cotton,9.734911051915656,23.618323524778912,64.33749685960962,15.86355079878018,30.536932059869983,"Punjab, India",105.11857039997801,1
rice,7.28486315575218,29.939307912032547,64.59204181599529,0.0,72.47458860309204,"Punjab, India",659.2716949443906,1
wheat,7.9614811550428355,18.837197187546597,78.54433433361828,0.0,65.70049432365101,"Punjab, India",306.8603803128262,1
maize,13.308206437490064,22.62277535668127,70.06657049925744,0.0,55.195364033269364,"Kolkata, India",549.0196398480608,1
maize,41.11778988405534,20.56440290468939,64.4261187870024,15.190837436970346,56.846909267746845,"Malda, West Bengal",0.0,0
cotton,6.474021605517653,25.758186817077462,52.89080960192877,0.0,61.702362589844235,"Haryana, India",507.58186817077467,1
maize,34.70814352692619,30.148667904450438,65.19008470557351,11.17960294081842,49.474326557060216,"Maharashtra, India",120.48780255824636,1
cotton,37.62452639101432,24.16081190662654,50.42792089198912,4.799844065652746,45.84231990190431,"Maharashtra, India",296.63581466398205,1
rice,37.338972804060724,22.985996473179867,74.67964025626321,0.0,73.77186789676372,"Malda, West Bengal",575.8319576781583,1
maize,30.034813893157832,31.496062193359933,48.923586894768036,2.570897679184333,20.15165298991454,"Maharashtra, India",740.552016176024,1
tomato,49.12997647442557,19.918238087129797,64.97311300792039,11.519052775629373,32.80984363465976,"Malda, West Bengal",74.2907989057901,1
tomato,46.69630404525227,30.043010819652945,67.99985164906712,6.7079953200691955,26.644910469830542,"Kolkata, India",337.6088186588037,1
tomato,4.363451655794654,20.254524988732406,88.93784089832049,0.0,32.792851739608665,"Malda, West Bengal",528.2851843950388,1
wheat,10.02098624551356,31.462321706821637,60.515086302129,0.0,47.300661938417434,"Maharashtra, India",425.6668271271371,1
maize,47.86144281317722,24.624898101267657,47.92685334278285,0.0,49.514985185142606,"Punjab, India",603.1088362094781,1
maize,6.769594062953954,20.48854302156839,62.57387366195972,0.0,37.48750505947382,"Kolkata, India",613.0206386459986,1
maize,11.265475516217412,26.415654111597625,58.97943609371152,0.0,44.04195687459517,"Punjab, India",655.826450047289,1
tomato,36.630610032722,32.414947970727866,71.22080877033541,2.6378553615795184,53.40942265294825,"Malda, West Bengal",431.81591594401175,1
rice,48.29312280146967,39.007872577420095,68.09708824363341,0.0,57.47511470907049,"Haryana, India",864.2974223388755,1
wheat,15.15668353721187,31.570451434137727,55.047973787501206,0.0,77.7644351634107,"Haryana, India",395.99316003896405,1
rice,13.782140413734762,26.760337177345566,52.45750588448708,3.052342102986915,53.70033242597346,"Haryana, India",569.7480957200321,1
wheat,48.933605273122055,22.819025746479145,72.34171634353008,22.714575913066295,73.23746010663976,"Kolkata, India",0.0,0
wheat,44.371639365194284,33.27374767685294,88.80761146202649,0.0,67.17857316261679,"Malda, West Bengal",407.9162337379706,1
tomato,28.924316409219287,21.240972012546784,44.02976004225124,0.0,34.63595382861297,"Punjab, India",532.1302002379887,1
maize,19.10620125641733,30.465676010314137,75.50452773372032,0.0,58.736246770677646,"Kolkata, India",617.8328781026595,1
cotton,47.004303941886334,16.433298326385987,60.349544194238206,9.328297547111159,57.91948064788813,"Malda, West Bengal",0.0,0
rice,44.13300144646544,26.304953660962045,74.24580071266627,5.367410793091402,42.00251887353463,"Punjab, India",519.6580408950103,1
cotton,8.909202320460832,22.006746548260963,65.13625407947657,0.0,21.100919700417954,"Kolkata, India",629.4160130687695,1
tomato,15.846081387697069,19.548762383504766,76.46414291842603,0.0,25.122126759593918,"Kolkata, India",550.801280856428,1
tomato,15.938562415319014,20.907383685883886,68.48975985029715,14.942391478256907,54.18316439200914,"Malda, West Bengal",0.0,0
rice,1.867672912516547,23.60722866641141,75.15660630083394,4.706913336825254,45.56600923885161,"Malda, West Bengal",490.46130629488897,1
maize,44.22763110892661,32.98077899243345,78.43309628306109,12.014657303926258,23.147629574719645,"Malda, West Bengal",322.8287748640697,1
rice,9.000692563642524,25.533979822963733,47.80587787173198,0.0,24.600342918097397,"Haryana, India",881.7148004691255,1
tomato,0.8033680420271991,23.821445838076315,54.67125514847566,0.0,51.10445268407455,"Haryana, India",489.46425118985894,1
maize,19.483696712390582,25.797455122092167,63.639713400560986,0.0,41.98739878039878,"Punjab, India",659.4213795723458,1
rice,39.588588907634886,23.431228939083706,60.23679656030524,22.94214355923004,69.17105628503518,"Haryana, India",0.0,0
rice,49.737608376680065,21.75117565483577,62.0329666394744,0.0,44.8839581822084,"Haryana, India",701.9186457913623,1
tomato,16.410353251677698,21.313017752470095,61.721402648813665,0.0,68.70103397974681,"Malda, West Bengal",416.81715977223087,1
wheat,28.217965676859418,21.41205689828879,71.7125571704139,0.0,35.321937591217996,"Maharashtra, India",388.8153529395343,1
wheat,6.0714481145930295,20.27456487645732,63.58590545932201,0.0,37.96476681479797,"Haryana, India",370.9103480372318,1
rice,37.76324959917421,31.88965037987357,51.82556118700961,0.0,52.834762526017236,"Punjab, India",799.8587275883688,1
maize,48.80467792750764,20.942792429780887,69.49068431135001,0.0,30.490357358934396,"Kolkata, India",654.5038092464935,1
rice,7.935637325612826,21.317916505680117,59.25320388555482,0.0,53.90049695916987,"Haryana, India",645.298450583535,1
maize,18.8740156892267,21.748868486653777,70.15121820765398,10.61351531583993,45.069311170227174,"Haryana, India",60.340996498197114,0
wheat,10.119154516751827,25.68488511310055,72.15885958035597,0.0,56.598889568868294,"Malda, West Bengal",354.7941957917039,1
maize,25.58106356400872,28.108206859015322,57.67140357059651,0.0,76.66627774129961,"Kolkata, India",584.1902754491684,1
wheat,13.956373732218015,21.60633550399907,83.43167204001216,4.123012766494554,71.3780116218287,"Kolkata, India",120.0937102032658,1
cotton,18.232961676830712,29.178287939935988,61.33852159198815,0.0,36.46294662024502,"Maharashtra, India",642.2134609559928,1
tomato,43.19380152420802,24.618322975367327,72.30140651267175,0.0,32.87241327219719,"Malda, West Bengal",578.8713118299803,1
cotton,17.930854936232056,34.25032241871984,62.248797068133506,0.0,42.49952869679538,"Maharashtra, India",666.5689196972812,1
cotton,41.861960598582655,25.350658366263605,51.20450465232324,8.525352822726235,63.72264110538672,"Haryana, India",77.2389425263242,0
tomato,10.223379499100647,31.54728112898057,70.96638942960836,0.0,28.80781384262294,"Punjab, India",680.3936671850284,1
maize,45.6156473332308,14.66123845274554,55.256664550537124,22.158050759451154,43.654782490435664,"Haryana, India",0.0,0
tomato,33.578842141804635,28.112025414159607,58.178507511982026,12.60737218949342,79.70316514875483,"Malda, West Bengal",28.008228727436403,0
cotton,44.329218835934135,24.01759690750819,50.26924356935386,3.1909074345365163,63.60443391375918,"Maharashtra, India",330.63059734825606,1
wheat,18.923251404870864,27.730673402936457,62.22242386955943,0.0,38.02338823759827,"Punjab, India",431.77788574377104,1
rice,5.557529990261248,37.18924629584291,32.95459493832192,0.0,58.56696135115648,"Haryana, India",831.5924023232536,1
rice,5.403293493691405,26.32428430610904,63.6466576607689,4.089928110694104,53.69795199706279,"Maharashtra, India",511.7979197155537,1
cotton,26.83993308013297,15.989287233797246,43.313525700596884,0.0,33.162083903916205,"Haryana, India",499.4049338829667,1
cotton,21.250400359901356,26.641349800651458,46.30268338045009,2.47018268744264,26.696191967113506,"Maharashtra, India",539.0690487660606,1
wheat,25.45675260673313,23.8022282245712,75.80518545595704,0.0,77.29447453610021,"Malda, West Bengal",341.61559757199836,1
maize,18.50933951948717,28.603951162505552,57.49977318434283,0.0,70.99854602657572,"Maharashtra, India",589.643462787561,1
tomato,8.078573987540597,22.144123537749238,68.02783276821043,0.0,25.972882310532924,"Haryana, India",579.2806172344559,1
rice,11.96918257970499,18.546677268510336,57.227158396222855,0.0,74.26126041501885,"Haryana, India",522.560127222124,1
tomato,11.222493770916275,27.96941747987935,65.31234905074001,8.66213403420922,32.585510900680106,"Haryana, India",186.22783117037886,1
rice,47.06194449634592,31.91125019970123,75.42604431624457,3.2621358525513315,72.24995727712101,"Maharashtra, India",519.8282097688482,1
rice,19.71077297320047,29.634514143416865,58.349967649191626,5.728121065729679,71.00239129959161,"Kolkata, India",369.2081164345185,1
cotton,7.711285102803735,21.66017146757539,61.719388688465955,0.0,58.7964342103576,"Haryana, India",466.6017146757539,1
rice,19.513287326451714,26.730545466639384,70.78124068598133,0.0,20.598258293397365,"Malda, West Bengal",927.4360310578226,1
rice,36.42506433493714,20.116674213072564,67.50708118269151,10.69314335282954,49.02082674547199,"Haryana, India",120.32418591349108,1
tomato,15.027189579271212,24.566977340758996,56.543106885534776,6.259592011328803,22.19418874177749,"Maharashtra, India",312.9285465007409,1
tomato,37.46513700866174,30.90500265501973,47.74816501428326,0.0,54.87112056392681,"Punjab, India",541.5293511567423,1
maize,1.5612733978441062,27.113217256800453,66.9346537098824,3.8928797387938996,56.078501828882246,"Maharashtra, India",401.0812103631066,1
wheat,16.19515158347138,37.50324520861044,68.93295138166481,0.0,71.24093182732756,"Maharashtra, India",437.52271646027305,1
maize,3.7009444206032476,19.31162906956158,76.12171618618584,0.0,77.41330655797798,"Malda, West Bengal",487.42791976517736,1
cotton,37.5009013161293,31.276123737131805,64.18453644130643,0.0,58.289303929209844,"Maharashtra, India",562.761237371318,1
wheat,11.386748534613773,21.47122218886401,57.39391667666042,0.0,32.80687287956254,"Punjab, India",397.4924772256168,1
rice,12.113802216810964,30.45532484731235,59.62247072060829,8.241257320807126,21.202063044632908,"Malda, West Bengal",578.1336856160178,1
cotton,34.10289605892864,23.490381001860037,73.22882801629237,3.0414397431890814,46.00477063550701,"Malda, West Bengal",376.45003276748486,1
rice,44.435655040583484,34.15573537627316,66.69684489316505,0.0,54.284683582654054,"Punjab, India",821.426956435948,1
cotton,33.126930674846456,25.951349162458282,48.47296094864653,0.0,39.571103676674554,"Haryana, India",588.1258000006951,1
cotton,25.739682498678153,26.785988563440245,75.57768647302237,0.0,71.38244589288814,"Maharashtra, India",517.8598856344024,1
cotton,19.94113408516614,30.20897059510797,55.51040184059826,5.6877801844977345,60.76451345570779,"Punjab, India",267.70069672619303,1
wheat,27.97127907520113,23.35693933415503,58.71146813457216,12.995212903295851,46.823693332449416,"Maharashtra, India",16.175256924098562,0
maize,42.783906976803756,22.44553303581902,72.27191530349802,0.0,55.481488539581186,"Maharashtra, India",545.4830137184923,1
wheat,24.194996475289262,32.96272652390381,62.501776848872105,24.61864452091078,59.1249609727846,"Maharashtra, India",55.73908566732666,0
wheat,29.630065103695788,33.35874109859407,71.91547953498932,0.0,71.42583137359145,"Malda, West Bengal",408.51118769015847,1
wheat,45.01730074641095,25.414372269961657,62.896535209003005,0.0,25.028506009229858,"Punjab, India",458.670189777364,1
wheat,4.433847459797484,14.713035088945102,54.04155629294815,0.0,72.60077112249957,"Haryana, India",277.99124562261574,1
wheat,32.95836149232866,24.087776431607843,78.64406173547867,0.0,53.22228337332232,"Maharashtra, India",349.7229259642923,1
tomato,36.337993768918345,33.59397608946371,72.86384960925076,15.110633383598742,44.64057489696202,"Malda, West Bengal",171.52671027648103,1
tomato,34.500439202684134,38.61230716820075,60.56670554589863,0.0,66.06260309345058,"Kolkata, India",572.5107645138067,1
tomato,42.09789451657328,26.603248764715392,61.290688963923316,3.5176736129700155,75.03818872784304,"Maharashtra, India",288.54555823393775,1
wheat,4.3444601580285,27.80722230429976,55.328593016821095,0.0,72.1855549740613,"Punjab, India",369.6505561300983,1
cotton,17.65150562725284,22.295314431584387,63.55893305405213,0.0,26.474343033378567,"Haryana, India",607.8661358762315,1
rice,14.15923529692599,19.2717096034768,66.43242832094217,8.765786992676798,37.71482327077514,"Malda, West Bengal",264.4895618462621,1
rice,19.2195048154201,27.66407967163032,71.99696196625398,0.0,33.62758193551194,"Malda, West Bengal",861.8313467953292,1
cotton,29.02335588300775,23.89434882599458,59.47930732772947,0.0,55.76976787464065,"Haryana, India",488.9434882599458,1
maize,21.323770733525958,23.572793154479502,58.905244551602564,0.0,59.46670443429071,"Malda, West Bengal",537.1501267716484,1
rice,26.730009202347873,23.697965392515133,60.9657234488355,0.0,29.327137529387436,"Haryana, India",822.0578625911918,1
cotton,19.743850279787047,27.386288330729595,50.626098598254615,22.899317557537223,54.336067331866914,"Kolkata, India",27.340980125796932,0
wheat,39.77535877292055,29.149641392103927,75.54228175563202,4.424191034832229,36.766110218813786,"Maharashtra, India",226.95303950152277,1
maize,47.25573832822381,37.7919550883642,58.23292787727647,0.0,72.29484351526897,"Maharashtra, India",690.7115059720061,1
tomato,20.51433793770334,28.00050935839024,65.42673785357549,0.0,62.16766158908014,"Punjab, India",478.58985368074207,1
rice,3.271024100653476,35.021581409974765,67.45235847894236,10.981037420701988,49.697128022299495,"Maharashtra, India",317.44036387649953,1
maize,37.50494448467846,19.9291183251758,89.28934738076904,0.0,35.440519291371935,"Maharashtra, India",615.5982412008443,1
tomato,49.872039164562544,28.827830964571948,69.28523295747092,0.0,27.335176392406858,"Maharashtra, India",654.8066349755136,1
tomato,3.4521594391241894,22.798628116449876,62.80936205505426,0.0,79.04837882250416,"Maharashtra, India",430.1876530480489,1
cotton,19.055187503441825,27.43857713099341,64.3765562890825,0.0,48.140865833167275,"Punjab, India",560.3540949158631,1
wheat,46.25641629481819,29.876209959320295,58.2427654247887,0.0,27.877212264958356,"Haryana, India",488.32117532535773,1
rice,45.04470615482197,24.035197774567862,61.898841692207746,0.0,63.70167816420335,"Maharashtra, India",625.4831081187544,1
rice,20.28210488344982,30.940786322179328,57.935244992342035,9.231268619541083,23.832547031713304,"Maharashtra, India",519.6432394736805,1
cotton,28.027719303617047,18.844058333821238,50.767837137902475,8.085902253114082,77.19529134325006,"Malda, West Bengal",34.14547068250829,0
maize,7.689027019279019,39.59357049647232,92.80624955917214,0.0,38.88133843227959,"Kolkata, India",860.5835484854211,1
maize,48.44881420076351,21.460655957612953,59.51368031445466,4.28488759436164,66.00270046524305,"Haryana, India",296.8228358156605,1
wheat,1.5587479104164494,23.8247369988207,40.219977446958154,0.0,72.75109506674588,"Haryana, India",341.7731589917449,1
rice,20.83954529709442,19.148370928734916,78.36712295420611,30.00562545326156,31.201939092630365,"Kolkata, India",135.32499325532342,1
rice,10.348010628763532,27.577085994627637,63.25932672803449,0.0,34.810934317895075,"Punjab, India",852.9416558281673,1
maize,44.344502919082196,30.198051909744592,51.48082607057615,0.0,79.98900316176068,"Punjab, India",607.1785710071905,1
cotton,41.414511940911844,24.51915263991722,71.81551509669224,21.211146591664008,55.323385418424444,"Kolkata, India",0.0,0
wheat,30.660953499389606,33.427559434327364,34.58638403932022,29.500213222216537,74.1644276655201,"Haryana, India",58.992916040291504,0
tomato,29.076925841833692,21.823859449022898,84.01976107358018,13.209282884413723,26.26534676953449,"Kolkata, India",124.11290294547211,1
maize,32.375144114127565,34.47607248934285,82.69820903157786,0.0,51.18454918623604,"Kolkata, India",711.910720461594,1
tomato,0.5702018966288153,36.30344466863959,83.63048321276752,0.0,41.68870004565653,"Malda, West Bengal",666.5533957887765,1
cotton,10.489079276438416,29.103558765525893,40.73287694233369,0.0,48.27420123749886,"Haryana, India",577.4245525144672,1
maize,22.467844628496575,29.832512275276095,71.92310563493098,0.0,29.84239682458478,"Kolkata, India",785.0555211220117,1
rice,46.34007219362331,30.414630270200462,77.46812460894594,11.736902562797729,23.357351624877598,"Maharashtra, India",388.29264884616396,1
maize,24.350156103002774,24.658615393377772,56.18317484560876,0.0,38.07580387120176,"Haryana, India",666.0045438977426,1
wheat,28.87453639903406,25.764782758507597,69.5431010179649,16.397769885201722,30.11414866352677,"Haryana, India",93.78621788951375,1
wheat,4.7403776053251585,25.499136156066218,57.14925964776706,3.382699206696067,76.76013160034287,"Haryana, India",184.3589927576602,1
cotton,37.21221399154539,9.72872573579501,74.18614305715879,10.206194708674758,34.81498970652743,"Kolkata, India",0.0,1
rice,7.991392305230885,26.139678373343372,67.80891126601172,4.376488941531474,53.413438296385664,"Maharashtra, India",496.63946510464086,1
maize,16.058586496872266,26.63716756520405,66.50091747239874,0.0,33.2998305852433,"Kolkata, India",719.6681666470486,1
tomato,25.778135420610077,19.99019766379887,70.84002471082407,0.0,57.87735873996385,"Kolkata, India",423.6293979357971,1
rice,16.247560301007795,20.85339812819315,65.91571018453098,0.0,69.67222277037044,"Punjab, India",552.0443415152249,1
wheat,13.976253050338329,29.16707730553654,58.76163482637226,0.0,25.695920573937087,"Maharashtra, India",490.2816846334951,1
wheat,22.74926785440832,30.98085575732036,57.046709152629326,0.0,65.80994452590232,"Kolkata, India",391.8659903012425,1
maize,7.720027133452939,25.94230696937933,45.77828682579662,0.0,66.47024638131961,"Haryana, India",560.3653766631727,1
cotton,7.5093274928429254,17.785192799266312,51.76890992884486,0.0,49.30127721687202,"Punjab, India",452.23402329123337,1
cotton,9.940504023734892,33.49346645496712,77.8191802075105,0.0,68.17952107202917,"Kolkata, India",584.9346645496712,1
maize,46.915264056893776,35.0953220667876,45.50409827273967,0.0,61.82838883674699,"Maharashtra, India",661.0485427346637,1
maize,13.154280450784368,31.017892954138652,47.41425499757242,0.0,69.16007744183712,"Haryana, India",616.1968224955251,1
rice,46.50977592698959,19.77459606045761,74.69267802503634,15.687858858217352,78.66006306194362,"Malda, West Bengal",0.0,0
wheat,42.60393125620124,19.663471486523143,79.52653078384694,0.0,38.11891478514403,"Maharashtra, India",365.42205117653214,1
maize,14.015422227869253,25.614750439369985,63.87445019119629,0.0,70.98518293605996,"Haryana, India",556.7622548330698,1
wheat,6.552506209706799,25.219358185800893,85.87904274305822,0.0,76.57821136585736,"Kolkata, India",351.53550730060624,1
cotton,24.777746495295652,14.100928587848191,47.65760052308358,13.634754350370981,79.57420945395586,"Haryana, India",0.0,0
rice,31.415652477911028,33.46156509552438,57.40278828923468,9.176527143514349,36.7436166307962,"Punjab, India",476.01885051222575,1
maize,35.099762854637035,34.66092288588783,45.661834946550734,3.5055741461981866,55.00492611560745,"Malda, West Bengal",513.7726233957229,1
wheat,5.264403870267418,28.434137477264194,56.01672987118372,22.865525359119466,51.45715900248507,"Punjab, India",37.29056804534048,0
maize,15.829187935397066,22.7484143283893,54.027077302773066,0.0,63.427713810487134,"Maharashtra, India",525.2325576122823,1
cotton,40.03808287312404,29.43070962120883,55.881917792586776,0.0,66.9464981120116,"Malda, West Bengal",544.3070962120883,1
cotton,32.895764694880796,17.24651649725729,61.5747479534886,25.778159777297038,35.83800420413556,"Punjab, India",3.4179221236091166,0
maize,7.40219719392371,37.51357845377089,75.92665338644107,0.0,62.687254511853745,"Kolkata, India",687.6493629914798,1
tomato,1.1654801771791046,28.176227683019782,49.737576246971,0.0,70.39157436044252,"Punjab, India",478.5860491471781,1
maize,46.58591551573935,34.15371912415631,64.93195688489878,0.0,27.364403280477227,"Punjab, India",863.0477717632672,1
wheat,13.116656842353589,27.235817065428602,71.82516917670313,0.0,50.9441713024427,"Punjab, India",380.4808862706025,1
maize,26.058271764177746,24.758362758310454,56.052307727794265,0.0,54.93205404543725,"Haryana, India",575.080986598546,1
cotton,5.872125632615477,35.05972173218151,76.54023817219425,6.766237511051394,76.04878490276674,"Kolkata, India",262.2853417692453,1
maize,12.699763547056502,26.91307891832698,43.755965042597275,2.3971188934150396,22.159389732120072,"Haryana, India",667.2744080177964,1
tomato,32.69100449431157,29.354960598588693,45.11089641465418,0.0,72.38037847733389,"Haryana, India",489.1946453872983,1
maize,14.65341420287242,31.812636848284292,47.184225409495276,0.0,21.374129687894737,"Punjab, India",866.3271350600891,1
wheat,44.98530616320696,26.12778032857359,67.52570746750796,0.0,41.043110567255056,"Kolkata, India",407.84539668914533,1
maize,39.28169329619663,25.333701614649357,63.74864279134364,0.0,33.36644841609303,"Punjab, India",701.132893981045,1
maize,34.416935047211005,34.09362077462674,56.91928304495195,0.0,59.03329872873437,"Maharashtra, India",656.3136751368115,1
wheat,2.48983521726489,23.24359598809403,62.297611284893485,0.0,26.217127259897993,"Punjab, India",434.90642178617264,1
wheat,34.287817407209346,29.343261206311105,78.46675362544994,4.249237709938785,36.05429248269325,"Punjab, India",240.01095021183454,1
cotton,21.504737919915645,27.97868531178062,73.59414254759453,15.87851280853475,24.390505926080124,"Maharashtra, India",191.9519285273077,1
maize,32.77269883918655,35.35657488879973,64.33838446194417,0.0,43.30201266029285,"Maharashtra, India",774.7839893465361,1
cotton,40.097433340472925,29.43636703198729,70.83612330303325,0.0,26.24103510770613,"Punjab, India",700.9170271535673,1
maize,7.888463900945907,23.140357269007836,63.153241668090146,0.0,33.005462679319095,"Haryana, India",672.491863761292,1
tomato,17.730729601639766,32.355150497155705,51.72926569136214,0.0,34.688644403654045,"Haryana, India",659.7575581926516,1
rice,14.79705678102063,28.292758010020055,35.00517471723648,2.2632579657853307,29.168348559096994,"Punjab, India",787.4739561577177,1
rice,40.21684727363266,29.434948812007505,56.69156143309207,0.0,60.79264923338529,"Maharashtra, India",713.3635858650744,1
rice,16.8520820423671,19.044486836631183,72.25405161982204,10.25866227817359,47.91671432072044,"Malda, West Bengal",132.3183663801659,1
rice,7.761678503766166,24.04674625906056,61.83723951877671,0.0,46.97127035574218,"Punjab, India",724.0990662523769,1
cotton,15.345695899614817,26.888058860860543,51.95667381819561,9.504456521752566,36.515471866658984,"Maharashtra, India",139.57039090078013,1
wheat,0.5119131522736622,23.092640208511117,80.46156165223377,6.829880627459552,57.81575168504484,"Malda, West Bengal",0.0,0
rice,11.130590298142367,27.03596956346294,51.604820764349626,0.0,36.89603661411508,"Maharashtra, India",831.143254502903,1
rice,2.544753025112508,26.126611087004537,73.47617085802308,0.0,27.580694121692,"Punjab, India",873.7699755505671,1
maize,28.353749265867847,29.574937677102504,71.24090183184136,0.0,37.42465532853479,"Maharashtra, India",735.849597581403,1
wheat,36.38605484133185,22.433543401676527,70.01426366753506,8.656197109194144,45.321413958181225,"Maharashtra, India",14.17107798743865,0
rice,37.61226644292949,27.704104445947777,57.24478150621489,3.5210021263975424,27.553878592503505,"Maharashtra, India",724.8493249498251,1
maize,26.01650301467097,24.588050041803825,53.38029262285225,8.81065746773162,65.36099494791091,"Malda, West Bengal",104.93567707326105,1
rice,23.625119600946103,19.807295714821223,71.12798195612906,0.0,23.633135374475636,"Punjab, India",786.996406335249,1
tomato,17.79654307834251,29.674917777489625,83.39910999168883,0.0,50.679472619667585,"Maharashtra, India",550.2400326319682,1
maize,14.8034120474655,27.46008156993695,63.87018876893389,0.0,72.37239714602757,"Maharashtra, India",577.0608972693063,1
wheat,38.59600077906119,29.518479544513248,55.22596671651737,0.0,60.06768756839419,"Punjab, India",381.6293568115927,1
maize,5.808172187591414,26.34352726473437,54.85067637018796,8.859022336159462,48.362413918177346,"Punjab, India",187.554302115758,1
maize,43.58505591213394,22.66886304141444,49.585470482251814,0.0,21.825338863597054,"Punjab, India",724.5291897255547,1
maize,46.647258022489275,23.1612399824264,67.66177597621218,0.0,24.637609589027953,"Punjab, India",717.1142626095491,1
rice,30.31117349566348,26.81122646158068,76.34024066180845,15.957850249216113,67.56202703367913,"Kolkata, India",36.8924418747996,0
tomato,43.437444530819064,10.126255309332619,66.8265154455538,0.0,25.382682563182044,"Malda, West Bengal",433.4776109654826,1
tomato,31.010311591161827,26.23473843126173,44.483162885559224,3.5890549769600604,54.38809607924423,"Punjab, India",319.064911833703,1
wheat,13.200374686507313,23.86219740331099,59.70265521837836,0.0,22.328271441856707,"Kolkata, India",453.7842533452543,1
wheat,2.7908540347177513,22.374293967642217,65.75905105642487,0.0,57.71792959417098,"Maharashtra, India",331.62005777349555,1
maize,27.7693211005937,31.77731722016334,66.95020057265285,0.0,58.706192309475995,"Malda, West Bengal",632.6309716851413,1
rice,26.12816252667088,23.277116400395457,71.5588399069139,0.0,75.71637977462117,"Maharashtra, India",579.3253968047455,1
maize,46.984524591907494,26.379114654902192,37.30912267964143,18.409784010577358,73.30590230864576,"Haryana, India",15.170261203924156,0
tomato,38.05435729199566,22.740540153885785,75.33068825851305,0.0,25.835252951331945,"Punjab, India",587.2003959687823,1
wheat,26.92193148988436,24.70934509349139,61.32127535656575,18.07415358885391,36.65233916863812,"Punjab, India",61.80892992915494,0
cotton,21.864968109931283,24.478728423417728,72.87830788675058,0.0,63.781208347658314,"Punjab, India",494.78728423417726,1
maize,41.83023598051569,24.658967023153444,43.991711321992,6.875661257125182,66.22626848749871,"Maharashtra, India",202.46557439842877,1
tomato,10.050254596493366,22.19722715142899,54.69591259872434,0.0,67.87588205067894,"Punjab, India",424.7750443628609,1
rice,44.713726133266675,32.07873303830056,70.20979605147626,0.0,46.967551591024474,"Punjab, India",842.7043533341282,1
maize,48.90981790797189,29.26596533088435,65.24835559476658,4.690829278391955,42.4502656154948,"Punjab, India",467.1430152644667,1
rice,11.64203739743667,37.46977161759264,68.25445188276467,0.0,22.576169292063025,"Maharashtra, India",1105.1439642378555,1
maize,4.6634499158294425,24.49335488590955,46.65839244250775,0.0,28.752147617233767,"Punjab, India",714.5486189593091,1
wheat,34.08419651697886,26.28654552068366,72.86398085830464,0.0,63.44583456634309,"Punjab, India",359.0058186447856,1
maize,46.75865181101605,32.935244606340774,70.31768497229638,0.0,42.209801338182636,"Kolkata, India",750.6624368872049,1
maize,20.83673728530503,17.765116422444198,50.853351768355864,3.485970624503281,27.937022480576324,"Punjab, India",446.94721573324216,1
rice,15.680097200499263,25.429633046662033,65.05419559074491,0.0,42.348016869540395,"Punjab, India",772.4931200337325,1
wheat,49.1383273645241,30.057857751498787,83.96797482605301,0.0,55.22155291602576,"Kolkata, India",385.40500426049147,1
wheat,21.384325032856363,28.371381430513956,63.34048048475099,0.0,67.54924532995878,"Haryana, India",373.5996700135977,1
maize,5.168476247406006,29.503963551572372,64.5526493958478,22.909416134882992,70.5919484974211,"Maharashtra, India",49.5435990672961,0
rice,30.580039293691833,31.40908679148587,65.36585008966343,4.983667369357527,65.40434469413763,"Maharashtra, India",458.8340793114113,1
tomato,39.09190062860721,27.902601526581513,76.90700889348636,0.0,51.39068059037004,"Malda, West Bengal",529.0174845555591,1
wheat,42.27230580044879,19.963102989461476,80.68916018425313,29.434980592211335,55.16722092832981,"Malda, West Bengal",0.0,0
cotton,41.56139669228735,27.955950794131255,59.18569326229448,0.0,41.960923255512554,"Haryana, India",598.6091785895105,1
maize,41.76357415506789,28.147863205371266,67.7563636819654,0.0,51.60136153558107,"Kolkata, India",633.7271609630977,1
cotton,38.78291511912423,23.54980357003691,73.89160462807271,0.0,51.773785618900234,"Kolkata, India",501.1612431480912,1
cotton,2.5047839808550156,34.13329917155265,69.51488482474946,0.0,53.27484029213746,"Maharashtra, India",601.5344302279009,1
tomato,30.72005561507005,27.737188857077754,46.67192021176501,0.0,64.0464188528676,"Punjab, India",474.6346997136998,1
wheat,48.47748545767288,35.96851034074378,74.44517543732951,6.78965170379643,66.16274878779035,"Malda, West Bengal",87.29698719538493,0
tomato,2.486899714187804,21.69278285267857,70.97488939023697,0.0,73.83779531199768,"Malda, West Bengal",420.23504567410714,1
tomato,31.609158564446606,18.2962467869219,55.91782804482338,18.284204200108576,73.17989949484195,"Maharashtra, India",0.0,0
tomato,17.760545820401013,30.410374076447404,52.7648894098431,0.0,52.65523456105178,"Haryana, India",547.7885588980567,1
rice,32.11286612171042,27.152853208832397,67.89574272440768,0.0,44.65650999323885,"Malda, West Bengal",784.4424762006438,1
cotton,31.930208792128315,22.209591978430662,58.26792776178937,0.0,79.58112075273874,"Punjab, India",472.09591978430666,1
cotton,15.942591350404827,26.886896702921398,78.46159262740284,23.990925052740245,79.6016513032846,"Malda, West Bengal",18.868967029213877,0
wheat,43.181455600973116,29.62584656631084,51.11468537522314,0.0,78.40275174650704,"Kolkata, India",382.3809259641759,1
tomato,4.485569650279837,24.61190650431741,70.35272192645304,2.7621605669013407,44.31354697576004,"Malda, West Bengal",389.6029448313275,1
cotton,41.84325440013406,21.80507472966661,49.19732940219308,0.0,64.7759636799323,"Punjab, India",468.05074729666615,1
wheat,31.02813180108258,33.76033671666012,53.21046747159957,0.0,58.308674996794345,"Maharashtra, India",411.32235701662086,1
wheat,2.963476231134489,23.422803542820212,70.26603121253564,0.0,73.11696974581403,"Malda, West Bengal",338.9596247997415,1
maize,31.715119346705166,23.84065746687105,56.57982654195225,0.0,30.20641292072456,"Punjab, India",697.312454072893,1
rice,23.832723707223785,27.590629114045804,70.63673654270156,0.0,76.51463269108879,"Maharashtra, India",631.0875493685496,1
maize,10.829047413323796,16.101056693048772,74.43163147793051,6.475485639452809,69.58155261050024,"Kolkata, India",128.33734165089606,1
maize,26.422869446112067,33.74037199272054,69.31977109295121,11.455434371012139,34.367886772068005,"Malda, West Bengal",261.7644771764344,1
cotton,46.01816370925761,18.545700837015787,68.94557767576508,0.0,70.79487655310265,"Punjab, India",435.4570083701579,1
wheat,26.481422291276328,34.64536048497048,84.86410576273252,0.0,38.46497099646922,"Maharashtra, India",486.55416698294584,1
rice,38.15997330083832,23.733137896850813,61.54478312910108,0.0,49.91415301781332,"Haryana, India",702.2592168531636,1
rice,42.50707603668842,28.798523877669897,84.27306777825868,4.070667111665896,40.86590125487767,"Malda, West Bengal",630.1335117880069,1
maize,38.68002484463819,18.754146901765548,56.50369723773278,0.0,51.94106759102834,"Punjab, India",520.0829042937111,1
tomato,7.464423481106942,24.51192560550773,44.84473538614411,8.208897495901237,45.13645052480766,"Punjab, India",112.53570494220259,1
tomato,2.7573348293912674,30.4267856215594,57.67586387882905,20.815429174909937,55.56203827027396,"Punjab, India",83.4504731640045,0
wheat,34.013198941906516,21.29864004900833,81.27399926969075,7.368161878611268,31.194802369587485,"Kolkata, India",51.24085969007655,1
maize,13.050713908629506,23.794683887671095,55.659666456764,0.0,71.17546149070698,"Punjab, India",536.7415227643821,1
wheat,34.02090965185088,29.706171858417136,83.78277351744187,0.0,35.12088402074315,"Maharashtra, India",459.0689264697442,1
tomato,38.99330719904561,31.00218338648346,69.8136174440566,6.6097280032317585,73.32414736319751,"Malda, West Bengal",173.5332503167632,1
cotton,26.048166918023092,19.886248606309124,45.8436770364154,0.0,27.190439692472232,"Haryana, India",573.689169822675,1
tomato,16.105184740054078,17.78328545180169,70.83932497054083,0.0,38.82912681962969,"Malda, West Bengal",476.1941642414414,1
tomato,26.84562495999655,28.763543468030925,67.8327021693673,0.0,67.21940500308952,"Punjab, India",483.87189121227834,1
cotton,24.880323159978158,20.504044544985806,87.97347025157504,32.095892016516096,26.92341374059543,"Malda, West Bengal",82.80026863176624,1
tomato,41.88758384392054,31.88005492598853,81.34768614866765,43.509000878705805,70.50051255628932,"Malda, West Bengal",61.920494333896784,0
rice,16.845653645421358,22.40823886999759,66.09807352856933,0.0,28.753354788997235,"Maharashtra, India",803.5505634898824,1
tomato,19.814700378870167,33.347236940620945,64.95857415055846,17.689338548487704,30.245273059771783,"Maharashtra, India",244.50281003687587,1
cotton,27.969673017931264,24.148302767333863,57.70348649180516,0.0,22.517009089403007,"Haryana, India",651.131414879596,1
wheat,15.71875495058692,28.642220164973104,60.99983556814748,0.0,22.91764829811666,"Punjab, India",495.96334129298856,1
tomato,39.44863615845129,33.454221649597194,61.58108927084527,0.0,57.487742440031745,"Maharashtra, India",552.4568801401476,1
cotton,19.45686704768351,29.822491020237486,63.38248699823589,0.0,20.720549785055848,"Kolkata, India",736.1533953611201,1
rice,33.595126718634845,18.84006619459864,63.46810298363427,18.48501441802239,77.98870730787114,"Malda, West Bengal",0.0,0
maize,39.21401066146327,37.25469154265431,75.91931404398218,0.0,46.305131882114694,"Malda, West Bengal",778.5842839127882,1
rice,9.904827205513083,33.72079235895957,49.2170962384959,6.378351417849833,35.06673720914037,"Maharashtra, India",631.8890019065876,1
cotton,35.07928851397127,38.06868067732121,85.17043085954795,35.29144508431868,54.39719945642503,"Malda, West Bengal",134.48859027269668,1
rice,3.5677642814812085,30.021191473413374,67.06462065712782,0.0,68.35433882113412,"Malda, West Bengal",671.1198463396897,1
wheat,6.113217203572982,19.638713182585136,52.149798960679384,0.0,26.33496277426568,"Kolkata, India",402.0409185342336,1
maize,10.3283439750861,37.541531365282815,78.06858884146511,0.0,66.31352877951527,"Punjab, India",687.956845018111,1
cotton,36.325446077685385,26.29571790845896,51.0234918580456,0.0,21.043324575526036,"Haryana, India",687.1403834528812,1
tomato,48.90405187369244,40.0,74.29261657535943,0.0,49.0723088675388,"Malda, West Bengal",663.5519931248981,1
tomato,43.48903439001224,33.54761996349427,40.33246931259269,0.0,64.3135698869477,"Malda, West Bengal",526.9285796714485,1
tomato,1.3362210760401636,31.734814341275847,54.351285589466386,0.0,77.37357182456924,"Haryana, India",510.61332907148267,1
rice,29.21215598725587,32.4558320214009,56.99464014821232,0.0,52.28860580488726,"Punjab, India",811.5847310255164,1
maize,15.79155730495099,34.88269257216714,66.23133350540252,4.082350770423777,52.451574729504664,"Malda, West Bengal",504.31428305912516,1
cotton,48.727234022623705,31.919907711137483,62.90141971386955,4.09744971157852,57.01406774238424,"Maharashtra, India",364.3265915324489,1
maize,4.023251543752001,18.203252556081857,79.8412792003923,0.0,60.319272284139565,"Kolkata, India",475.2357781169004,1
tomato,25.31140363255499,30.517170539234556,50.425425354914395,0.0,46.80329335939241,"Maharashtra, India",578.0838414054962,1
wheat,11.343797507462755,34.5722228722808,64.93216360000679,0.0,67.65684304176047,"Maharashtra, India",417.0055601059656,1
rice,10.967877924641023,15.65782783485672,48.334334578280064,0.0,37.813509763965726,"Kolkata, India",644.929867453278,1
rice,22.8143889471519,18.991321754256816,68.82839399979392,0.0,62.58805592414843,"Punjab, India",567.0232070509231,1
maize,36.98768581192513,30.86607053067043,56.62096555277258,0.0,58.83922840522594,"Haryana, India",621.6600280935758,1
cotton,34.32353080389906,24.384884271759127,61.861266342242374,11.006535789561022,24.031825886162785,"Haryana, India",146.78481218954494,1
rice,35.3053578927303,31.95411560627203,62.07912545859333,0.0,58.74589704157621,"Maharashtra, India",760.3654849879392,1
cotton,43.18966824335352,22.51409945410924,46.957282589871845,0.0,29.066611091886806,"Punjab, India",598.3611565173107,1
wheat,12.022228036973228,26.790484582023545,57.7778819839271,0.0,65.80034319456259,"Haryana, India",362.5333920741648,1
rice,12.891560904866319,28.595392798806945,65.15911308134011,2.1439386649205057,63.951969758061516,"Malda, West Bengal",574.8453671167487,1
rice,10.41317465854081,19.84956972547785,84.45769569113685,0.0,73.38282320746384,"Punjab, India",538.1948367057342,1
tomato,47.35861699714015,28.17179845364491,80.34376562840048,2.9745790475316918,67.44488711464857,"Kolkata, India",329.81723370621967,1
maize,27.10050020074872,21.65220047061339,72.73322222903963,2.8002923306093197,32.3056252234166,"Kolkata, India",515.2799762846828,1
wheat,22.900415379450383,23.40329344559435,55.072829870504194,4.978236254614231,52.63390524278885,"Haryana, India",97.92811590818505,0
wheat,16.6288542554552,22.482258615856896,77.81238392451368,0.0,39.42297282936603,"Malda, West Bengal",384.15008059175733,1
rice,33.85380021530219,33.84586809127752,88.28408462559202,4.864519389384746,54.3103573913925,"Malda, West Bengal",573.7169243475414,1
cotton,23.166998776381234,25.061491970629817,44.6126556583733,8.98223411360484,53.67653089137273,"Haryana, India",58.12869784154816,0
wheat,32.771740076716426,20.732429193763377,83.73376391879333,4.515320118945452,77.13043024737688,"Malda, West Bengal",94.36099840907102,0
tomato,2.9348550164850917,16.332148857892733,38.70189816140133,0.0,54.28109394241672,"Punjab, India",402.56279409693076,1
rice,39.30366283906807,31.697644860817093,57.765955792861405,0.0,73.34252706140967,"Kolkata, India",680.3717383298052,1
maize,19.725462429002402,34.87860225186883,75.18790511307941,0.0,26.22691569060031,"Kolkata, India",881.1159838105085,1
rice,38.917771621468276,16.668770325752053,62.397155613784065,11.234280087119934,79.9883086480281,"Malda, West Bengal",0.0,0
rice,36.5812308941849,29.96333920106887,66.86213263276251,0.0,71.11036861176815,"Malda, West Bengal",659.5600704128265,1
cotton,37.1847985606692,20.95132266305094,47.48772084622324,0.0,42.45586807104405,"Punjab, India",517.1551720100429,1
rice,8.92001168631441,30.511657286147592,71.67549821737647,0.0,55.00339222217433,"Kolkata, India",766.0382736038633,1
maize,12.254710907525913,34.143212720072775,69.39334979639338,0.0,30.667900313914924,"Kolkata, India",841.4027471594566,1
tomato,34.30659888033221,25.98893645020122,38.29705994244149,0.0,53.76000683937999,"Haryana, India",499.0082940775952,1
tomato,37.26814632011015,19.77514661712503,68.17647123722884,0.0,77.47475305340888,"Maharashtra, India",402.9763195541253,1
rice,30.39889083047132,29.164860901670274,65.31435319936985,0.0,74.30159584659191,"Punjab, India",649.9783308200433,1
cotton,46.27005018867823,25.512917844215984,50.54060734779592,0.0,36.28490045118035,"Punjab, India",599.664607037745,1
tomato,18.63200569048578,28.34265628452562,56.522693758075,27.114911782853508,56.54489930126081,"Haryana, India",58.67338663486311,0
maize,23.856227254461878,23.81343882902391,70.27959002257798,0.0,21.211695385059976,"Punjab, India",745.2207859255843,1
rice,32.26348214475259,29.116179483194088,71.37121790001706,7.895179341243022,41.305685981791385,"Haryana, India",440.97438444295915,1
tomato,27.208993663322033,33.46622676845032,63.539935430991704,2.129409076316491,26.598754145925028,"Maharashtra, India",608.6365214239095,1
cotton,10.054100632301681,29.134720818015897,77.47401194915905,0.0,49.248188498932635,"Malda, West Bengal",572.4844791609725,1
rice,19.091537737758134,20.901892027288376,60.05954019878182,0.0,41.09045264055813,"Punjab, India",710.0630549015661,1
wheat,9.424567121667783,27.925616954762713,84.8124653006443,0.0,48.44385301433073,"Kolkata, India",394.76848736772473,1
tomato,27.95724176594009,25.260798694354207,44.51943830864259,0.0,56.34051333039032,"Haryana, India",480.20945300975075,1
maize,20.307200630585676,24.786667692864388,80.80291898690774,0.0,53.5436772659151,"Haryana, India",583.0116120142831,1
maize,9.727067996371497,31.385812382204023,71.77989379603304,0.0,24.196640608317878,"Malda, West Bengal",842.3121017885655,1
tomato,28.128003923445643,23.263685110475137,74.06137546901203,8.328856240617537,35.697216637440434,"Kolkata, India",134.35445262993647,1
cotton,21.180720468563678,22.23082896394631,69.66241858273256,3.183744835944762,46.46208835073723,"Kolkata, India",353.4463123237864,1
rice,32.19719364173798,32.7233249212437,73.98649689616188,5.101453716061428,79.09195642069056,"Kolkata, India",437.60721325185295,1
wheat,38.651066457675014,23.28378618678111,55.745447519009424,0.0,62.64003475657011,"Maharashtra, India",337.98650330746773,1
tomato,46.165867058214914,26.199967525633408,54.66838870934809,2.3581926110722,23.578252764805413,"Punjab, India",522.2413746805494,1
wheat,35.38682252566248,26.100619514978536,55.196196126743416,0.0,34.848063770080245,"Malda, West Bengal",429.7886864091166,1
rice,48.41043867175372,20.211549684728958,81.36495357290315,0.0,39.81604329937496,"Malda, West Bengal",706.2982111829895,1
cotton,24.03033769405463,22.656307406654307,68.72153027910753,0.0,43.21716224526559,"Haryana, India",532.7157278827787,1
maize,49.913073736231695,32.002200423991624,59.19576750144013,0.0,75.58216022595076,"Punjab, India",627.0242046639079,1
wheat,14.832366015788393,23.87451350027238,65.46461273154189,3.9341228981378396,66.48341559827361,"Maharashtra, India",145.41544959501468,1
tomato,1.0230725773349254,22.03526248506952,73.03037862894352,0.0,32.846974604776136,"Haryana, India",548.8437673302964,1
maize,4.135512204785192,21.17014537694232,61.878305282736704,6.759514546469247,69.08658708465005,"Malda, West Bengal",169.89587182290313,1
cotton,30.500202461153428,26.756378483638745,72.45511254066783,3.7118900124195413,56.919560937090225,"Kolkata, India",331.9692842154103,1
cotton,7.1329347196807005,33.714151697781176,66.13415198198157,9.476363479381803,52.36559087457418,"Maharashtra, India",128.79105271114872,1
wheat,13.580863953557955,29.173735945473272,85.4710731968488,37.585892563666164,47.89169162777442,"Kolkata, India",56.17200507262908,0
tomato,10.231052684087581,15.689598515610623,88.31808579541239,0.0,53.20668991686194,"Kolkata, India",400.23908169525237,1
tomato,49.91079342086171,34.92351351501391,60.912301188942585,0.0,62.75636441522555,"Maharashtra, India",539.3116216351251,1
cotton,40.57999838449909,26.31740672320192,79.49391547060092,5.952729839208791,54.95734149069477,"Kolkata, India",215.75648767880182,1
cotton,30.72562714471952,25.26228133601701,61.434351370053655,0.0,76.1451782882921,"Punjab, India",502.62281336017014,1
wheat,6.85443372736205,38.86252794587276,64.85590841332022,0.0,76.18860720245884,"Maharashtra, India",447.0376956211093,1
rice,8.197862021912321,27.751189848986964,72.31378715346433,0.0,44.562387615690014,"Kolkata, India",794.0379966106051,1
tomato,47.73473306690428,27.44570710689381,66.73178831534516,0.0,57.362023773976404,"Maharashtra, India",496.2631956265438,1
wheat,18.128888519740926,35.39512399251914,51.55921102650623,0.0,61.768755496312465,"Kolkata, India",422.765867947634,1
rice,17.546160971753572,19.115522266686483,76.22746153990416,0.0,70.80537601970236,"Punjab, India",529.3862672002377,1
tomato,45.06861310620616,29.833124746205353,62.2923121117046,47.609733449821974,48.72996894990089,"Kolkata, India",111.4529674454767,1
rice,19.40195244848071,21.979850572626145,62.192041876335885,0.0,75.87348555073388,"Punjab, India",563.7582068715137,1
wheat,17.1299827856779,19.173246342198432,56.886146562136275,0.0,36.73792623189806,"Haryana, India",365.6813802248327,1
tomato,37.068027437263325,24.575262593526933,56.64356015712618,0.0,49.10660838309036,"Punjab, India",505.93564492010375,1
rice,18.799495745485785,28.619218617058134,72.58624827571171,0.0,21.200881590375968,"Kolkata, India",957.4190952037382,1
rice,48.82344720669823,23.50651532370596,74.81292504722978,0.0,55.17607059159609,"Kolkata, India",668.365042965225,1
rice,41.81952876145989,21.9639216125778,54.42133840785659,0.0,43.61980484333844,"Haryana, India",712.2371494463686,1
tomato,7.523315385964513,23.920028536562207,86.21438072045518,13.076363683719654,28.26817926087607,"Maharashtra, India",140.996205096538,1
rice,46.38709958979149,18.823548649642238,65.81383541476967,0.0,22.954664084497345,"Kolkata, India",773.2858118635219,1
rice,42.23394285053193,24.430099050089858,59.8880082854023,0.0,31.208050462702133,"Punjab, India",823.2599775580449,1
wheat,2.5057165092636633,30.856949447137715,74.4340568754222,0.0,69.79747513731911,"Malda, West Bengal",390.998646129964,1
tomato,44.49995301299589,22.024457198698972,71.92234885468258,8.284703066853421,73.86986477608517,"Maharashtra, India",8.984961445619717,0
rice,41.385696644382605,29.49363387006822,53.92190019970342,0.0,45.64963231965921,"Punjab, India",813.1564089577026,1
wheat,26.70940267778,29.9998803446691,75.01634618629973,20.629785616255308,31.746506684788173,"Punjab, India",124.52491690793869,1
tomato,22.116975991629868,23.631274187769225,63.01673261239837,0.0,41.373890525650495,"Punjab, India",530.1465337030359,1
rice,44.20614656445111,31.508698247722972,43.946178186349385,0.0,29.08892678179749,"Haryana, India",955.5241579500245,1
tomato,6.953068696756104,30.779699831053335,54.03977603500813,0.0,46.724064667250545,"Punjab, India",581.2152228468186,1
tomato,28.47727729829868,23.70252281580786,76.70484680696914,0.0,37.12686723199193,"Kolkata, India",549.5389073210899,1
rice,48.966052402367716,32.79174980070989,66.62306142368303,0.0,23.62195061090344,"Punjab, India",1015.1332327932748,1
maize,47.87569846348883,26.649166502743974,84.42985886626448,0.0,54.82575514060474,"Kolkata, India",597.5378292997597,1
tomato,23.1484976649839,23.899385113640534,49.21471056799379,7.764711522205479,41.53477945988184,"Malda, West Bengal",144.12566529901886,1
wheat,28.856867196359204,21.643344482676756,54.18690972882653,27.21011072581659,62.17080243061095,"Punjab, India",0.0,0
rice,15.043200426367617,29.265198282860297,85.73118026799375,0.0,57.793022220271965,"Kolkata, India",730.6720677524929,1
rice,3.209611977541877,28.734978624388177,83.27959478670962,9.104518908622437,24.94748467903723,"Malda, West Bengal",480.10131179115893,1
tomato,19.6802547291062,26.331638769583968,95.57385191974707,6.901110225020861,25.667967076293987,"Kolkata, India",287.0876125022317,1
wheat,9.474997533490779,28.260346987512673,34.94434752093136,0.0,52.41961203452332,"Haryana, India",382.44269400084704,1
cotton,18.20501601963582,28.298412747029342,73.7792123559205,0.0,31.62612769347355,"Punjab, India",657.563156839254,1
cotton,3.374135275109018,20.882581068156533,84.21746484595492,0.0,59.76818518254415,"Malda, West Bengal",458.8258106815653,1
cotton,11.954924797768857,33.17018832260792,57.92375339988,0.0,26.3071477911438,"Haryana, India",748.6087448762713,1
rice,2.2187819706357845,26.420933891513222,79.32315976543289,18.85533361511022,37.40304273774651,"Punjab, India",218.19112483177685,1
maize,40.91032436111035,23.44778009728169,61.471923749585194,0.0,67.40331834425305,"Punjab, India",532.9255810700986,1
cotton,19.916284975681005,25.904042276405885,89.50041705031654,4.332951005089695,29.10097090200062,"Kolkata, India",424.2293997218166,1
cotton,21.08155062807403,24.977618352877496,54.09412978611886,0.0,64.7656077316536,"Haryana, India",499.77618352877494,1
cotton,32.35987251192122,24.8008450235801,73.87630880784046,0.0,26.115914406834204,"Punjab, India",641.8536372631082,1
rice,17.768902728861278,26.299281621729378,63.964247219074124,17.997182162781407,32.822778491154736,"Haryana, India",244.4511501922326,1
tomato,25.991628982942387,21.546998005739322,50.41178927324896,0.0,72.43443432711001,"Haryana, India",418.9229820516539,1
cotton,10.1956731614173,29.36655624792582,52.9567017282104,0.0,59.61035849881741,"Maharashtra, India",543.6655624792583,1
tomato,12.986840819134768,27.02247574492178,72.91717858525286,0.0,71.61723588887294,"Maharashtra, India",468.202281704296,1
tomato,10.79045873552565,20.494225243305227,57.602466752358595,12.694244424941976,56.61493869738829,"Punjab, India",0.0,0
rice,30.953761198800702,20.871986953769746,67.94909743315748,10.431813092899782,59.40280208059862,"Malda, West Bengal",87.2069317648834,0
wheat,48.3474421170786,34.47574272097671,69.04941353815343,4.357893233335781,67.0350157307929,"Maharashtra, India",198.43553738004795,1
cotton,24.10891442638197,29.212626789150953,78.83261566866743,0.0,78.82755025127464,"Punjab, India",542.1262678915095,1
tomato,23.031575693045955,16.075268094882528,52.39088864323184,0.0,36.41505606886224,"Maharashtra, India",466.1075587229744,1
wheat,24.766389032365794,25.557678591829077,67.25100292467937,0.0,40.2129178685948,"Haryana, India",406.23578834254295,1
maize,25.16938654982051,31.359535049808564,71.96338330478424,8.673296366867028,31.662144395968205,"Kolkata, India",361.9719874812457,1
tomato,28.4865654249102,25.73430025269847,91.18668046208626,24.763226456175648,37.3075010250877,"Kolkata, India",121.6398449140961,1
cotton,46.99027292487522,27.446170067750177,64.71869947876675,3.546628009416504,21.561772989028093,"Punjab, India",522.5009942648236,1
cotton,38.82242933985908,29.003800916857514,50.91384112031903,7.030104055465409,78.98973739468451,"Punjab, India",188.5328063953047,1
cotton,19.130346051264247,21.76173621810977,56.69993131375114,0.0,42.72143979998013,"Punjab, India",525.0340415022488,1
tomato,26.092780179831095,28.734099717105902,64.91097612193786,29.437581552987737,43.51363525615481,"Kolkata, India",125.42626693095406,1
rice,26.585817807158186,19.618731554435517,50.43028639423819,0.0,20.20237661303333,"Punjab, India",802.0535934474597,1
maize,0.6805117878414754,31.918884528275058,72.7857289727785,0.0,75.80161027328974,"Maharashtra, India",626.1077298110257,1
rice,27.702891977676682,24.483778578996777,73.66577430970268,0.0,37.45853034493193,"Maharashtra, India",787.0383284335451,1
maize,35.523155235926346,25.613573812668523,78.74466283283992,0.0,27.15469467915567,"Haryana, India",739.6153233175345,1
rice,1.9116654486089826,24.356375935168543,40.93189455395128,0.0,22.657725859819543,"Haryana, India",872.6736808326492,1
maize,27.709370664735193,34.67736948925327,57.246209703273934,0.0,24.254475339910506,"Maharashtra, India",891.1029414817972,1
rice,27.11776225376845,22.811330341873273,66.8241055610005,0.0,54.47401421960285,"Punjab, India",662.8141283060547,1
tomato,9.603568023611512,19.60230524343911,39.55247284883732,0.0,56.01742656370779,"Haryana, India",427.4431419161184,1
cotton,37.676131596111624,21.81830731751856,51.33551847236525,14.470933609016168,75.06773756664079,"Malda, West Bengal",0.0,0
cotton,32.22808054404581,27.74599940783443,59.5641785645319,0.0,38.784990161081126,"Maharashtra, India",612.9876840145088,1
maize,45.51911686421059,30.3579202731451,74.62618054017214,3.2447705874384756,20.963529360806824,"Maharashtra, India",684.406154865509,1
rice,27.813608147185036,28.327960876975993,43.74950940452687,0.0,53.04594358232917,"Haryana, India",748.4305614054231,1
tomato,5.28614095871828,27.546391925633472,52.87280083069081,0.0,58.85957513841768,"Haryana, India",490.13373457042843,1
wheat,32.31572406987054,28.472884002701598,68.53163695832376,6.975493332006924,58.756051088056296,"Kolkata, India",25.53552141856494,0
tomato,12.902029917090848,18.892647614383378,47.237823168988484,0.0,67.91678095540706,"Punjab, India",395.03382852945043,1
rice,46.786801037529834,21.838943000068,82.05331331566252,0.0,72.22152987734148,"Kolkata, India",562.067316000816,1
maize,6.550592546299041,16.03423248772925,59.516803212656555,0.0,47.098201080993405,"Punjab, India",509.61225316379137,1
wheat,48.04164654495857,24.327341209887077,65.77638564221576,0.0,63.94370275143534,"Kolkata, India",345.29138846920955,1
cotton,45.014300230548486,31.718569386129623,85.13192673947147,26.239542756255613,36.639376517664665,"Kolkata, India",171.32452355684006,1
rice,32.68273292655545,28.454117020729772,59.92359124975991,0.0,65.63887637468154,"Haryana, India",669.4238057619143,1
cotton,36.67273394173832,24.83096706456091,56.69893511282409,18.222612987038655,53.93191261544346,"Kolkata, India",3.6320533738000904,0
maize,25.025842371734,28.502976986385637,61.23457556169143,0.0,41.938529762252685,"Punjab, India",694.8304137619953,1
rice,2.548517687136204,40.0,78.64285453747127,0.0,44.59284104017006,"Maharashtra, India",978.1758398866737,1
rice,7.368618286582918,25.25921439720264,68.30438770267054,0.0,39.58981685098391,"Kolkata, India",786.5176025357836,1
rice,19.916976215500853,32.926729199006324,52.15574513886528,4.0127605193452816,78.43041589851288,"Haryana, India",494.4827244208118,1
wheat,43.7849972162049,19.57439250717689,58.32815746152338,12.538311748724107,52.094287051387695,"Malda, West Bengal",0.0,0
wheat,45.427732190068,27.015989953076442,69.75140539675566,3.990401465020842,65.00504449691974,"Kolkata, India",164.591856420493,1
rice,34.53645249919276,26.855507009663388,48.19453177508508,0.0,22.24109808894877,"Malda, West Bengal",919.4535328546419,1
cotton,14.205090589775253,34.16076121922647,60.73589535406181,0.0,22.463982424796697,"Malda, West Bengal",784.0931688713806,1
rice,16.590050418674583,24.14891542634338,56.244378995667375,4.179384325483976,27.837438012157506,"Maharashtra, India",629.4870720377335,1
rice,12.727582582220336,23.612736363852914,54.612145110252484,0.0,55.0694925351336,"Haryana, India",670.4503751464055,1
tomato,1.8291717246900445,23.27064878277334,63.66340614617184,0.0,57.17522601336128,"Maharashtra, India",457.5685655910617,1
cotton,14.887979949169173,32.38650718999223,48.06612191587199,5.393214092333732,78.98090937501556,"Malda, West Bengal",304.20436728323574,1
maize,18.722612704066343,24.562232267732803,57.66922807949178,0.0,21.53284406729625,"Punjab, India",754.9015478167944,1
rice,2.054281675730686,20.486118130898404,65.65179387133885,23.004476178273602,46.16295323731346,"Malda, West Bengal",75.94398456349802,0
cotton,6.0305274541250915,21.47544735908979,63.18178097664595,2.2480176859308036,76.14355094350485,"Malda, West Bengal",352.35358929435773,1
cotton,47.43810451826219,24.329898328811975,62.23824435102113,3.6391156857811255,68.61818824000825,"Malda, West Bengal",311.3431989990635,1
wheat,27.119653500833174,27.43117437648598,68.15718463574292,0.0,54.42965441503143,"Kolkata, India",369.11149285282613,1
cotton,22.430480423522567,22.169272918885323,78.7345233115413,11.161514700827048,34.263761736695216,"Malda, West Bengal",69.50405738413872,1
tomato,46.71401770190318,35.528941171813344,56.0932698296245,0.0,48.0262215388562,"Haryana, India",623.607894197079,1
tomato,33.0448327583796,26.937333963817107,81.8502692864443,0.0,78.80002493595988,"Punjab, India",467.436005674354,1
cotton,26.833099095297534,18.357060088681664,85.57186632376758,0.0,54.30093956595626,"Malda, West Bengal",436.60152141126207,1
wheat,0.8757751006087491,34.37959393804688,60.60761268005573,0.0,74.29861290690087,"Haryana, India",415.6571575663282,1
rice,0.5163428833440836,25.582609325028116,64.71510875489606,0.0,33.32391047248352,"Maharashtra, India",829.6119888771519,1
wheat,26.341396600477296,25.63210340090997,63.751475815733315,6.966532286517556,79.3952894764964,"Maharashtra, India",6.098109480491928,0
rice,49.372119685332116,24.94295460572417,65.10766588593913,0.0,26.626587616469067,"Punjab, India",859.2590191606149,1
rice,25.5140983883686,33.17958104716017,73.54437751140556,22.85052235768345,47.589345854550736,"Maharashtra, India",254.6160688669271,1
tomato,38.58856672516194,19.230452377113174,65.79643824528962,3.6254170833351895,53.72087927258145,"Kolkata, India",251.75062053949028,1
tomato,18.318095481716195,29.254250900061358,72.14800375717138,10.369031825518594,65.86597174221151,"Malda, West Bengal",38.28825810055224,0
wheat,31.424603265369676,28.16229343074088,64.77601127662294,0.0,41.24029659087456,"Punjab, India",423.3408713260987,1
rice,22.007883339105568,27.721269109380682,63.07041147433298,3.2947405274654464,36.892102406413656,"Maharashtra, India",677.3770483805698,1
cotton,34.58135332627337,27.51117360175987,43.776793867062345,0.0,72.53339926097638,"Punjab, India",525.1117360175988,1
tomato,9.215318283864052,24.446853800815596,68.27607300190769,0.0,24.188978089133716,"Malda, West Bengal",615.5140391521206,1
rice,12.769840830035562,30.23802991283535,79.93537294203767,0.0,72.26085724362495,"Kolkata, India",662.8563589540242,1
cotton,47.3355983874191,29.43775359796247,39.227703638678776,0.0,43.5762383016684,"Haryana, India",606.5659284291864,1
tomato,49.00025657365564,15.697820889518974,63.59822070174656,0.0,71.16420474391589,"Maharashtra, India",366.2803880056708,1
tomato,2.7162324396457063,24.234399099987765,70.3084949275694,0.0,39.698736412547824,"Malda, West Bengal",544.1441779302675,1
wheat,36.35691155007337,30.689790069200967,82.85280729771661,12.656310686133857,48.015330653822915,"Maharashtra, India",67.05676435580364,0
tomato,19.26159867558035,25.600192924462753,71.3693590510265,34.979402103447775,68.60922411660188,"Malda, West Bengal",5.40173632016473,0
maize,25.582232314673515,31.978121711278863,75.72073392136454,25.916789696144445,46.48205361918738,"Kolkata, India",161.48433018304047,1
wheat,14.883671830780782,27.776326604503055,69.3726159219176,13.577738234918883,38.36955754796787,"Maharashtra, India",80.8728426013302,0
wheat,6.064033208258467,18.19988211844703,57.87140117243633,0.0,77.87481114809917,"Punjab, India",302.3991748291292,1
wheat,8.318103537382228,27.57739682982499,60.392609690305285,4.061753508190211,75.60898123570391,"Punjab, India",164.9541023992644,1
tomato,8.022350998686957,24.06050552173194,73.58888213200767,17.04634276996952,53.23832327516763,"Kolkata, India",32.43897848450962,0
tomato,16.677596543910358,29.345197967237326,86.02840710733544,7.420307452470281,68.08659612368686,"Kolkata, India",118.09140908162186,1
cotton,32.84032625873114,18.83479797691073,91.91638255054987,0.0,29.4471774313908,"Malda, West Bengal",550.3582612725902,1
maize,2.236028334187359,28.52225674540158,77.3143084965246,0.0,36.07970147381656,"Kolkata, India",729.574343705372,1
wheat,33.715117504821066,30.059919263170084,74.91412760613846,28.87107572172344,57.676249597967605,"Haryana, India",35.41943484219064,0
tomato,27.09914203625791,24.7829676260244,56.152398669720185,0.0,65.87897669542144,"Haryana, India",448.0467086342196,1
cotton,11.700990051036548,31.041772468470064,43.78353377050408,0.0,78.06525940238728,"Haryana, India",560.4177246847006,1
rice,21.688365701132696,33.70447988575137,51.361320663706586,14.611162234560595,78.83552742828724,"Maharashtra, India",104.45375862901642,1
cotton,31.06410072968914,19.701558996716567,72.94049301719075,6.193462682184271,77.18445933332376,"Malda, West Bengal",137.34245585795213,1
wheat,23.840060384104543,28.493077714345592,69.22858991985714,19.524413115768297,37.48737628240224,"Maharashtra, India",90.0278339059476,0
tomato,32.12830534495079,31.604951598699017,61.476886982597996,0.0,42.47967797075802,"Haryana, India",611.4370067392961,1
rice,34.68007828455123,27.35673757497318,61.37727016507386,0.0,25.813529669850084,"Maharashtra, India",905.8959826724779,1
cotton,3.0562689625264534,23.62919157250839,72.09942050999601,0.0,75.40856226910302,"Haryana, India",486.2919157250839,1
rice,39.2186047842994,26.481885615570178,60.47539820169053,0.0,40.24848170220038,"Haryana, India",801.5823388144659,1
wheat,46.64527106013093,29.639823249496377,51.259708178167195,9.41019275972533,73.03814776683785,"Punjab, India",32.478762746474615,0
cotton,35.91035168246524,30.716591699608227,91.85421933569053,0.0,68.22232544099704,"Kolkata, India",557.1659169960823,1
wheat,39.8686050234053,22.356731468071462,59.14927585802813,0.0,64.15966204392218,"Haryana, India",331.49712027650025,1
tomato,13.30162917986857,21.35250018608417,67.53338563579304,0.0,50.158960077336936,"Kolkata, India",468.6559266528117,1
wheat,35.22522896703483,26.20354580217491,62.42608725202247,0.0,46.44238654458417,"Maharashtra, India",389.0974312917429,1
rice,42.37644943066796,27.293944103446655,55.17834395859493,0.0,39.318985237047436,"Kolkata, India",820.0590817674632,1
wheat,25.035386923697494,25.152532209504805,70.48586975666997,42.65089574250055,42.41291324847826,"Maharashtra, India",45.25692462760043,0
maize,43.27274824298021,29.503247782687545,57.24961141605168,0.0,26.12179367848942,"Kolkata, India",802.6476757027364,1
tomato,17.82146242168468,14.928659070577243,63.17534509845298,15.159180074107104,65.103022488709,"Haryana, India",0.0,0
tomato,26.35332892890301,20.86644754107367,56.70415417593112,16.085361610633694,20.57037214508634,"Haryana, India",135.88270474783553,1
rice,26.005140523572557,17.972158730073986,85.00964590288983,0.0,41.67336411405718,"Kolkata, India",661.7367079904571,1
rice,18.252957120875475,31.6965323181401,71.91533349669382,3.9783482032309303,20.20676862661218,"Kolkata, India",820.213403870444,1
tomato,20.95897178935496,23.883152386932302,63.404779519338774,3.6803446877928647,48.90126611969228,"Maharashtra, India",315.75854534138546,1
cotton,47.47253649857087,26.826923845119314,47.93256818357647,0.0,50.973985876149754,"Haryana, India",539.1348311908092,1
wheat,10.674154299426581,27.487086715321563,72.40313136558932,2.1774645720028962,35.08244043742483,"Kolkata, India",331.7154057213987,1
cotton,8.537276614056454,27.433782708646195,57.39743312378678,0.0,43.15528582719142,"Punjab, India",586.4441440047686,1
tomato,17.23543132070433,29.738361376389257,65.99138567428912,0.0,41.874209433455114,"Malda, West Bengal",594.2572303809761,1
rice,16.456577123605726,31.57370132410656,69.60163896805606,0.0,53.83546747525779,"Punjab, India",788.6229081011074,1
cotton,47.83544423998052,22.445196960034327,74.2829722549098,0.0,76.98165085515275,"Punjab, India",474.45196960034326,1
rice,20.81959818958304,30.98799279308092,61.288085791274085,0.0,66.98404820954097,"Punjab, India",692.118763969991,1
wheat,22.992976161583254,29.472768702625146,83.99253308156753,0.0,63.53034110550568,"Punjab, India",381.309380918376,1
tomato,20.045256882982077,22.64338096171511,65.20358594606371,0.0,25.59132715833877,"Malda, West Bengal",587.0512851442277,1
cotton,22.6512634899209,24.710204284218843,65.00205704968948,0.0,43.04284296545146,"Kolkata, India",556.5413147267776,1
tomato,4.202434075848496,21.923413816660698,78.12923100889945,0.0,22.593196235297434,"Malda, West Bengal",590.8414363935733,1
maize,19.347535390550075,30.44047532161642,65.82862699030228,0.0,54.87572230515757,"Malda, West Bengal",641.0953915568031,1
maize,20.316096574725528,27.473596270568187,73.52801993492413,2.1651249034564604,70.59816051223945,"Kolkata, India",468.953313803427,1
rice,21.50664996718697,17.133244600521557,72.26730545715348,0.0,22.359169260108395,"Maharashtra, India",746.4704681505666,1
cotton,19.42166777549203,28.417156591860028,75.89707262685005,0.0,79.21261081650323,"Kolkata, India",534.1715659186003,1
maize,31.063873106243655,25.45112680449912,72.62100836517781,0.0,77.21620206504767,"Malda, West Bengal",554.9623948494902,1
tomato,33.81910846434273,27.846894343015887,51.69669147053297,8.366852859718346,68.04959458651263,"Maharashtra, India",57.279406101225675,0
cotton,12.331769021781625,32.13789752533562,52.54264085423404,4.4193963814938595,26.987764933497928,"Malda, West Bengal",510.46517784720413,1
rice,31.447811926275037,32.41910320915629,74.7210310632999,0.0,48.846885076946805,"Kolkata, India",834.7803851853076,1
rice,6.573932117196698,25.686982379793104,53.38547565232187,0.0,44.4161547218808,"Haryana, India",763.8559383358429,1
maize,26.350350091131258,29.396037651160928,70.81788800452573,0.0,73.04671723402507,"Malda, West Bengal",598.3564141627702,1
tomato,31.897721820756356,28.247348475795626,74.12668652143509,0.0,21.049732849170148,"Malda, West Bengal",677.8666500277161,1
wheat,19.98299681604311,21.19752848825738,46.1571081370149,5.965058014491207,79.12145658648436,"Maharashtra, India",25.12979869324124,0
tomato,42.490566165773316,15.95017945087038,73.14041529308473,0.0,26.84517862634585,"Malda, West Bengal",499.9580350764213,1
maize,34.85832284541811,26.086799185692076,64.02073426747349,7.156633249805822,20.153215296083825,"Punjab, India",428.0440442724137,1
tomato,0.5124964972828241,29.907373094306287,63.331604940258075,0.0,74.17513839398323,"Haryana, India",494.1663578487566,1
wheat,30.595417444228616,23.036704922742093,59.51194977222832,0.0,64.66930339695597,"Maharashtra, India",336.2569344591946,1
rice,15.467267171908944,22.146832828480214,60.160905591056185,0.0,36.15259514686389,"Haryana, India",757.2577465364062,1
wheat,40.98476614772839,31.147834619113755,66.28935971099148,5.159252560687111,22.600737195639546,"Malda, West Bengal",262.4126057798711,1
rice,19.305522468793956,28.768277654037583,81.03728953951591,12.558803776365037,23.16700103094147,"Malda, West Bengal",347.3948948812023,1
maize,31.533918834466874,32.17741884751535,76.37119040411227,14.82129307560381,61.038819953611366,"Malda, West Bengal",78.95160732266879,0
maize,11.148946208021618,38.836801893716,76.00661847549999,0.0,32.0710485299991,"Maharashtra, India",898.3232644607381,1
rice,11.990365804103744,25.468139307276527,54.16305097238076,0.0,30.91648410490602,"Punjab, India",842.3143506647295,1
rice,33.84808272903331,30.090593585775366,47.82712607794342,0.0,29.01869307606578,"Haryana, India",932.0092659525503,1
maize,24.843802013101513,27.336320875169317,76.35298601316605,3.57285040015823,56.36746333297866,"Punjab, India",417.9695061245162,1
wheat,47.71158511253494,34.842846716275844,61.01516142538907,18.732036341268927,71.60883865773206,"Maharashtra, India",68.89992701393089,0
maize,45.20881208667857,24.55163670501495,47.310527653617335,0.0,55.77157824184924,"Punjab, India",568.1157778226659,1
tomato,18.247367826807274,24.93234370595335,66.474274112535,2.2098657232718444,43.73132817508515,"Kolkata, India",423.2425467119182,1
maize,43.63218839099429,40.0,74.91365137232631,4.427101801482683,21.486447616063025,"Malda, West Bengal",769.0168094710151,1
maize,7.709466903311638,29.74913956340044,74.00775131790559,3.7164315491012148,57.657482055383184,"Maharashtra, India",430.5265503490997,1
wheat,36.05883083626189,31.122522122238585,37.24327746498276,0.0,79.94897400671954,"Haryana, India",392.8576548556701,1
tomato,40.7467644881556,31.011708579586337,64.96382049431126,0.0,30.268498984763852,"Maharashtra, India",666.5861069916015,1
rice,31.50190419130636,22.47799748834565,66.84212274831428,10.608613138504602,52.6812856060386,"Kolkata, India",137.97625835466272,1
rice,29.057089940969774,24.295426985553163,50.1918421251566,0.0,31.729004381810174,"Haryana, India",817.9353322459461,1
rice,43.71857699764204,20.921751876027233,44.77679531819614,8.451142017713732,50.85451807534234,"Haryana, India",234.00721008557144,1
rice,4.274452435139546,25.8393947843529,89.40923965456534,0.0,39.70144113963232,"Maharashtra, India",794.9159848481371,1
tomato,45.849475827312865,21.673954730738764,47.3174467960823,0.0,46.47866674330761,"Haryana, India",487.3657010600535,1
tomato,12.014910077464048,29.430435630570983,57.06035608106408,18.246499423909263,48.59643088924905,"Haryana, India",107.98387979175209,1
tomato,25.5242869137779,33.43887897708601,45.72339939470524,0.0,39.215103822210864,"Haryana, India",648.416801469279,1
rice,9.578768449058863,22.704044996526942,76.11963654407595,0.0,45.75302311041587,"Malda, West Bengal",711.2500051467796,1
maize,39.601669692266064,25.53941581038175,71.33742941286992,0.0,70.54832771560149,"Malda, West Bengal",555.9335739141992,1
tomato,39.835776637551106,28.445287502707778,64.96803611582631,0.0,31.59415948909203,"Malda, West Bengal",629.6670253700179,1
wheat,31.87571859373535,30.49122286428115,68.36366329142508,0.0,50.352037911721304,"Malda, West Bengal",406.49303705734627,1
cotton,18.018585821811822,21.050329113590983,71.36087519736252,0.0,60.790583979947115,"Punjab, India",460.5032911359098,1
cotton,18.75564380266372,29.296631948186892,45.75906152965815,37.24798454578899,78.72487487692925,"Haryana, India",42.966319481868936,0
maize,45.46028686262278,19.348889369272573,57.2322609081294,7.71633565884273,24.413661738662974,"Maharashtra, India",275.62460376691195,1
maize,24.96855527847795,17.107323654027233,66.46672268128484,0.0,72.69297861645218,"Haryana, India",463.1805601942996,1
tomato,29.388804698981957,22.00832405251914,87.52888995413657,3.548059420736677,30.064664368376164,"Kolkata, India",382.8977145669619,1
tomato,45.15663233831912,35.27559286517673,58.7822628543151,0.0,67.49246037999201,"Haryana, India",542.4803357865906,1
tomato,48.379103814985115,28.06313188668556,59.17113016125135,0.0,24.24009141848471,"Punjab, India",660.2853387331832,1
maize,34.49247465044001,25.798007621557943,82.67843694668112,0.0,20.73125306070455,"Kolkata, India",778.203235531387,1
rice,26.3327121518624,24.41188627789582,80.59748027589903,0.0,32.24051819064602,"Kolkata, India",816.8347018638789,1
wheat,4.417856737011518,24.85408854886173,75.79995855243583,9.985021084275118,55.48444477393483,"Kolkata, India",0.0,0
tomato,42.00587500352003,24.690324100412862,68.99004759243853,0.0,60.33515000445281,"Maharashtra, India",456.8944057153924,1
tomato,42.839709599839324,27.7376326521781,67.25590175482321,0.0,60.71762029929511,"Punjab, India",483.0985576008256,1
rice,44.90434468442846,25.14869515478078,60.655809713701785,0.0,61.25269433169985,"Punjab, India",654.4242577036018,1
rice,41.436989141522716,22.81088837784838,42.51965462863994,0.0,36.11324637258077,"Punjab, India",768.1493559543632,1
wheat,19.248196697813352,31.70599707454201,59.85918339459116,0.0,32.823269169321044,"Haryana, India",484.9707338743111,1
maize,1.289311479438887,27.349439979347043,86.7479769338163,0.0,25.482286433684887,"Kolkata, India",774.6119669748691,1
wheat,13.084138989084199,31.85549406955961,60.17969915016471,0.0,55.45999754515723,"Punjab, India",397.98845848691724,1
maize,14.53834984935182,30.299095448272492,73.56911825358321,0.0,40.48007604987309,"Malda, West Bengal",727.0278050737172,1
tomato,31.347075530053942,32.00040594468672,39.6415048533928,0.0,56.391530347789455,"Haryana, India",544.3403259910925,1
cotton,8.919034906732852,32.83499395818184,56.99247764589808,40.23697254791263,35.78901557613975,"Kolkata, India",189.45665639028653,1
cotton,43.92956976279688,23.69512746809531,70.69912837497881,0.0,22.35181012734458,"Malda, West Bengal",645.9320514261066,1
wheat,4.024404874487658,29.415825067000892,69.12461165182643,11.688162936499596,67.68077410587293,"Maharashtra, India",30.91077546900624,0
wheat,21.54087459399237,24.104454245730974,59.04591818233352,0.0,57.30556316572384,"Punjab, India",343.7311797201168,1
rice,8.60877634791861,16.98019124286695,57.0362810624675,22.840631381653477,50.908260407666035,"Punjab, India",0.0,0
tomato,47.42406537919404,27.862403315973754,49.90739666971282,0.0,69.20384717260225,"Haryana, India",475.7616298437637,1
rice,17.776426270850934,27.087195403629213,70.66141115149001,0.0,48.27339985422459,"Malda, West Bengal",760.8476649134933,1
tomato,10.503173591383222,34.900616447927,70.59355409715437,0.0,59.70929587934642,"Maharashtra, India",554.1503887749258,1
wheat,35.1809057290339,29.871911277410057,61.98559324256639,0.0,78.22504876321182,"Kolkata, India",384.1033789418704,1
maize,46.89830837467265,28.271657165761145,44.81157530625348,25.390725919197955,25.96996485539694,"Haryana, India",235.40022903520332,1
wheat,18.068433098053006,21.742262208299195,65.22245598957952,0.0,78.02727069528486,"Kolkata, India",327.1958354580944,1
rice,5.642622043508541,30.127197036324873,74.72364420567304,0.0,40.17779247618546,"Maharashtra, India",858.8081296627178,1
wheat,34.087830474642566,27.36421985271635,74.76497702772889,0.0,71.94644734136452,"Maharashtra, India",366.54953896901446,1
wheat,41.14005735273804,30.568111959210352,64.21977592057716,3.016987675439081,78.67469375544165,"Malda, West Bengal",238.1273999425184,1
wheat,37.5026518331758,25.525352449155978,84.67995571668423,0.0,65.42742943863257,"Kolkata, India",353.67746714409185,1
tomato,16.19589497006922,26.736949208542775,64.0608510987443,0.0,39.49249202595732,"Punjab, India",572.7629873090219,1
wheat,15.484877405871845,29.369607122583936,80.53892400252899,4.737197529867124,52.576544347863546,"Kolkata, India",152.95073658272798,1
maize,29.594538899001435,40.0,83.44433908083005,14.683476037625404,25.086837423785262,"Malda, West Bengal",414.62911241993527,1
maize,28.75305543100212,26.272301846482222,78.6151388816879,10.503935854489157,25.47965866191994,"Malda, West Bengal",233.49163728910696,1
tomato,24.80112067541504,34.252092570772625,41.855850469507175,48.13845162938218,53.45146257165596,"Punjab, India",131.5218630970444,1
cotton,33.846289784724995,28.303280773526012,88.175408190174,0.0,77.46879096520148,"Kolkata, India",533.0328077352601,1
tomato,18.022780692461,36.57300088954168,79.96122660252315,10.445472716045538,34.19932276878283,"Malda, West Bengal",260.9871941957882,1
cotton,19.011527834227966,28.748248785737367,77.0103350371657,12.295257487393926,26.182227858506028,"Kolkata, India",192.37296650854455,1
cotton,39.12674325744527,23.694890592286438,82.99246457517245,0.0,77.62878509365865,"Kolkata, India",486.94890592286436,1
maize,34.31096995246339,21.871064373727464,77.59442173822583,2.364661765693455,69.8871940547213,"Malda, West Bengal",397.3486198263293,1
cotton,17.950128637560642,27.60591075950339,72.97346737177851,0.0,74.75615130433405,"Kolkata, India",526.059107595034,1
wheat,37.424753586247974,20.6429030414396,74.172103890413,0.0,59.05811431444819,"Haryana, India",319.5003212900772,1
tomato,4.631730111506883,27.884918504632978,51.95592277502924,4.500463941847938,51.64361084527083,"Malda, West Bengal",302.613602462519,1
tomato,8.807660307558054,28.399825815436884,69.57620095393666,0.0,39.84434861395791,"Punjab, India",589.4811377364238,1
tomato,11.537385001990227,19.098235322934073,76.25110546248948,0.0,77.12743268785223,"Malda, West Bengal",396.88411790640663,1
rice,40.17080391932793,30.825670621822262,65.673798415063,0.0,55.787366378437,"Haryana, India",765.1196238489888,1
tomato,36.780164789867364,24.83774303024567,51.9400009426477,9.047450613948412,47.34364404081478,"Maharashtra, India",66.52195889340351,0
maize,35.8847249778287,19.6497317438078,48.77275330520472,15.053892994163254,30.833901000513485,"Haryana, India",84.39548377933136,1
rice,21.63424505207561,20.8454468640776,58.77847589616104,10.435712667408325,41.393945440267615,"Haryana, India",185.73461151560878,1
cotton,21.950026838484593,27.487289007333217,69.34470600027355,0.0,59.946345263647345,"Maharashtra, India",524.8728900733322,1
wheat,31.49764204749799,23.32744661697527,79.60656835840761,0.0,31.8221051880778,"Maharashtra, India",416.7011195140195,1
tomato,11.03983454888876,29.997893139068765,66.39492673494689,8.11126377546382,28.917447828194298,"Kolkata, India",255.64511488982333,1
cotton,1.78974986335597,23.420894506627462,50.550353831741106,0.0,57.84521017888585,"Haryana, India",484.2089450662746,1
rice,23.671051200255466,29.60112008452704,75.20976873491772,0.0,28.63194456841063,"Malda, West Bengal",926.2625004883544,1
tomato,12.3019731745201,20.25955987319625,61.66769602841466,4.751448506268577,31.67336967135632,"Maharashtra, India",295.33158843966964,1
wheat,7.254330354387697,32.83373368347198,73.13143023133532,0.0,25.463981359248358,"Malda, West Bengal",524.4086123140545,1
cotton,35.29598991334416,30.14947517352454,81.97789190735689,0.0,35.17203801968843,"Maharashtra, India",660.8449214327236,1
rice,37.13708873466717,30.264132562589875,44.45916246803993,0.0,73.12645091064758,"Haryana, India",663.1695907510784,1
wheat,36.77064060962172,23.017517964905192,48.611533013824,0.0,42.947467007258695,"Haryana, India",376.63391611944616,1
rice,25.204623402693993,33.51810968266123,87.68068793123808,0.0,58.28836930946145,"Kolkata, India",784.4584149093456,1
rice,49.4711510837059,28.863620136279483,61.957326256209406,0.0,55.19351364484124,"Kolkata, India",742.0671564258269,1
wheat,9.512341822927334,25.973982995664162,80.78162484693597,5.10222866294283,35.58266624397981,"Maharashtra, India",170.99096667154328,1
tomato,21.953706759906098,29.62051475796576,64.97323094189991,11.552113069666984,34.37046464241829,"Maharashtra, India",179.86510592370803,1
wheat,28.271912400651836,31.77048830187988,77.7772565633451,0.0,56.09372412931402,"Kolkata, India",397.3934181131592,1
cotton,21.949314766528392,21.460718762975358,60.76579931203467,19.68582565835455,23.5802993409498,"Punjab, India",110.58537522345387,1
maize,0.5567245560986862,29.145899289372775,38.70906711369347,0.0,66.62917449376842,"Haryana, India",595.6048921831006,1
wheat,28.58626380490417,38.45902788862376,86.73872699825878,13.990180408025369,28.70259630015123,"Kolkata, India",211.02973245546343,1
cotton,31.426614983861146,29.461116142629916,60.860135528750796,0.0,76.68420741703558,"Maharashtra, India",544.6111614262992,1
rice,39.415336861743874,29.624789472528796,50.85952679159482,0.0,30.19977780488007,"Punjab, India",916.3869246745409,1
tomato,13.5424271685737,30.537661503963484,80.90244283658065,0.0,35.40191278787391,"Malda, West Bengal",635.2857490849459,1
tomato,33.126119320266596,34.99869145863549,64.5064990879867,0.0,26.87886818133059,"Malda, West Bengal",732.338139893335,1
tomato,32.96380218706156,23.601290523522188,47.867951970219664,0.0,36.7957772993866,"Haryana, India",549.844870275544,1
maize,2.6187304853712785,24.521002259938346,76.89466576666148,0.0,28.386617956288575,"Punjab, India",716.9389248587239,1
maize,2.7218414320877944,22.485891250621805,83.35506256753986,19.30003518565779,26.87944979147544,"Kolkata, India",145.34827674674307,1
wheat,17.43046097292785,21.596254360854452,50.971990467559685,0.0,23.17734802707947,"Haryana, India",429.9709275296818,1
rice,7.691167789213322,22.15018961247706,62.014073575373416,0.0,31.392919173552063,"Haryana, India",784.2420171118745,1
rice,16.987196641447266,25.50048699101025,65.90068203752433,0.0,28.921273682123793,"Maharashtra, India",854.9453259749042,1
rice,22.135911446898856,24.809147966922467,51.688480622262404,0.0,78.59963823260853,"Haryana, India",597.7097756030696,1
wheat,34.51509778417037,27.336856786144804,96.8430656860945,3.558323957736503,72.98346375395404,"Maharashtra, India",188.44179961618846,1
tomato,30.909457590947152,14.5122674538363,60.35571661895786,0.0,53.32790035452037,"Haryana, India",388.22734797201525,1
tomato,26.755329054782468,31.96451733346147,41.62703712755216,0.0,75.31272760216095,"Maharashtra, India",512.6806560011532,1
wheat,43.641329693060904,21.482022304901754,66.42412135064674,0.0,28.144651067110313,"Haryana, India",412.7545211016271,1
cotton,3.981364308328229,28.44427074467318,90.85196345390315,21.846722649478004,79.16431222033125,"Kolkata, India",34.44270744673179,0
tomato,40.40918440450366,31.169208231146307,83.43881188072572,0.0,49.19702553811954,"Kolkata, India",572.7724529181854,1
rice,24.237054029629807,16.00739661866729,52.95362018327247,0.0,61.17174678113339,"Haryana, India",535.5316011675382,1
rice,0.821806768006568,13.536548893329986,78.72939010525523,0.0,52.55924337842729,"Malda, West Bengal",543.0913751540285,1
rice,10.208969543619428,26.145837198220946,92.40984052644181,3.5001993691476163,28.090049087132698,"Malda, West Bengal",695.9624210862637,1
maize,48.08424971958066,27.155388642191586,63.74717082089186,23.679212493344696,51.31111666971708,"Maharashtra, India",73.55820462943962,0
maize,18.321036423797924,28.65860973311644,81.78607659070191,10.944191791797508,73.5338515969323,"Kolkata, India",43.03511747440541,0
tomato,16.893232498002856,32.57140789543576,51.964478453063315,6.885588879172244,25.14260560629704,"Haryana, India",367.4278282498582,1
tomato,13.65579601246305,13.13580628451766,95.70253084867196,0.0,48.76677372422035,"Kolkata, India",390.3577456829712,1
cotton,14.064222354905048,32.928395865503795,69.5593806017831,0.0,61.65391272938823,"Punjab, India",579.283958655038,1
rice,7.431271628759337,22.401205776365575,53.319190155951844,0.0,60.18474844553835,"Haryana, India",624.6450403579663,1
wheat,37.09714169685204,29.728367617367923,55.70846396052284,0.0,53.67233918593216,"Haryana, India",388.1848229588189,1
wheat,20.793996431385057,24.092082256757898,59.10259068980774,0.0,63.333995371231644,"Haryana, India",343.64457579730527,1
wheat,44.25396062349678,39.154091359055755,66.36195862805498,8.314459862302087,74.37594755438298,"Maharashtra, India",99.07863951339027,0
tomato,24.90426535419641,26.168654173247248,61.0031029957813,4.828446608928493,56.1084135379323,"Punjab, India",248.52995606943622,1
maize,24.783902040423186,22.758581453484723,71.81587410707826,6.085312311823246,42.115921711169534,"Malda, West Bengal",315.0317834617064,1
wheat,36.82985450929757,25.243504801151463,57.56685230891479,0.0,29.237659646265573,"Haryana, India",442.3118525956829,1
maize,32.22713488248469,31.840880764377125,96.19103602359567,15.074973265604724,56.12297261296105,"Kolkata, India",99.49079006510794,0
tomato,40.4631899506305,28.17402566059107,62.829868096456,0.0,23.18924512622478,"Punjab, India",666.6942289008992,1
rice,6.671237030825988,26.507933722653128,66.97950753741665,15.015943914547108,78.13644263045597,"Kolkata, India",18.095204671837564,0
wheat,42.23871638050707,30.251959290774987,71.83180706896668,0.0,72.06754728510344,"Maharashtra, India",386.7637150354249,1
maize,32.25362980487661,29.273136552753513,53.3683762419071,3.7297064759609473,66.9463645699325,"Punjab, India",410.5191782822412,1
tomato,9.540629297239022,23.537071400447505,86.08980238527103,0.0,27.449611192868648,"Kolkata, India",589.9455327770938,1
wheat,1.4271494569907837,22.497365046944836,53.21393564590109,0.0,45.30089881117366,"Haryana, India",364.7292778141197,1
cotton,2.7438994513757065,34.465958843510805,58.022694840036166,14.558696232875663,42.168723418023994,"Maharashtra, India",170.96200494845687,1
maize,30.639866064403886,23.155547951883626,62.224842435660676,0.0,75.64324140089295,"Haryana, India",529.7110274707198,1
maize,32.42570665188721,35.27161102781366,68.52363134800358,0.0,64.77837016925656,"Punjab, India",662.9877213059503,1
cotton,32.16028655139924,15.000067198448544,39.01812536728798,3.9123815666880333,49.31081839974518,"Punjab, India",227.13835828152077,1
wheat,14.296986832992644,17.340966078739232,68.11352383014051,33.772177736519794,71.2804322150181,"Maharashtra, India",0.0,0
maize,36.129469492180085,21.813369008493286,67.15433007397478,0.0,70.10756980059224,"Kolkata, India",514.9470590934262,1
rice,49.437474005219535,25.17384060424176,47.912636448969046,4.221770718259773,74.44826161031028,"Haryana, India",390.99755133791245,1
rice,9.301260286449022,25.589464472002156,71.21769082683853,0.0,29.102218679091223,"Punjab, India",855.3531962781652,1
rice,34.19458050598855,33.767042561309765,76.8708557513209,0.0,72.62281547646498,"Kolkata, India",705.2045107357172,1
tomato,34.281295799424804,27.10274453447611,62.77172369861427,9.072521708730008,66.3994131622446,"Malda, West Bengal",18.924700810285003,0
cotton,6.385699375060672,28.08729515681583,55.8114383184962,21.16690835577155,62.152884833226615,"Haryana, India",30.872951568158328,0
tomato,14.45693719356095,28.622587172970878,67.25983686180903,2.6508842237787897,56.035802214767,"Malda, West Bengal",381.25550419957676,1
maize,32.26644890380234,26.487243026119746,63.91317766210536,6.79764191224182,66.47361499487523,"Punjab, India",226.47757767522614,1
maize,36.919152269725735,31.17040468376488,69.0739717764437,0.0,37.34298397674675,"Maharashtra, India",757.8663650062084,1
tomato,17.47302181500477,21.268236955774594,67.27166539963702,0.0,74.02431911390403,"Kolkata, India",416.41413260197135,1
rice,9.741367724339899,29.49157210226619,81.97807135733655,0.0,29.931184136294576,"Kolkata, India",915.9083974699381,1
rice,9.213623653460036,24.528364182577462,58.54136042901705,16.0885574705192,44.08722921822633,"Malda, West Bengal",148.3504279820503,1
cotton,34.13264312292159,17.125524844653,69.20722027053807,7.291628256033432,21.38537736093205,"Kolkata, India",198.27719775742764,1
maize,45.218141624917386,20.236114219977665,69.29369035499302,0.0,79.53437982227649,"Punjab, India",497.5972564197543,1
cotton,15.567520451323833,25.211736604582683,50.90104831654985,6.638673687086642,57.6183145283662,"Malda, West Bengal",170.1836816914947,1
maize,32.21630128571855,24.390521311958796,85.86660827850983,0.0,30.238615325126318,"Kolkata, India",704.9880678778995,1
maize,38.52965941607637,33.12319365607588,71.16521981076113,0.0,69.72465594370861,"Kolkata, India",639.3551302168347,1
maize,9.662882156178341,32.46908845407363,47.24517351315586,10.37802916039257,45.74436604730019,"Haryana, India",203.37692672080732,1
wheat,12.180791067412844,24.980387031281417,61.65149270388821,0.0,34.54387257511334,"Maharashtra, India",421.43107082896313,1
cotton,48.56775868931127,25.291139327529322,68.37512982428412,10.819036845708812,75.05246489579815,"Malda, West Bengal",2.9113932752932214,0
maize,48.588114978378556,18.79939435460294,52.95750687920689,0.0,37.065219434227494,"Haryana, India",592.2915827286532,1
tomato,3.6874508500787013,28.45592079188621,45.08260692458635,8.378916236383812,57.64022662551919,"Punjab, India",85.538004759334,0
tomato,11.878544764511592,22.205918541316024,66.68964481718183,0.0,45.84041428894731,"Punjab, India",495.6320610125666,1
maize,35.85604140968151,22.05654150265363,54.86200247291965,0.0,59.19741468556901,"Punjab, India",521.7763143365635,1
maize,0.9927044728115345,14.279622406329695,64.889611372658,2.5514508619046716,45.755352475750215,"Kolkata, India",366.05098474141005,1
cotton,43.109347048078426,26.045628488231106,58.41089417116718,6.3968506132146405,70.53692592489296,"Kolkata, India",190.61375422157903,1
rice,23.69155327133072,28.182427677490136,59.29082559152111,8.871645103290367,25.406847244970066,"Kolkata, India",479.1955315220412,1
wheat,14.972442924347602,27.989475467329743,50.2622795223076,2.8515671595680523,37.90964676724212,"Haryana, India",291.74059002777113,1
maize,20.610602627699535,28.718270641403034,71.01898791589981,5.040439363379388,49.469190458627025,"Haryana, India",401.1056653582836,1
cotton,6.394014536358698,22.632139450303953,50.41567894748621,0.0,66.52866458035669,"Punjab, India",476.3213945030395,1
rice,31.01081129436729,28.07268511418255,58.25297112551867,0.0,54.35703471886006,"Kolkata, India",736.4979218443542,1
cotton,31.850891195794148,27.00895215792595,64.03348748657324,0.0,62.97847892487347,"Haryana, India",520.0895215792594,1
maize,17.174539417716304,29.987428847884864,53.008468389839365,0.0,27.222827879907484,"Haryana, India",803.1182835034645,1
cotton,46.77565881549194,20.929545309111482,61.978410902854506,5.224059411314316,61.611585633559294,"Malda, West Bengal",198.09248252539896,1
wheat,26.08508240676213,23.30253123488907,83.60277424625338,5.7146642302479265,58.86852788131468,"Kolkata, India",52.38450713182715,0
rice,7.126711971080885,23.839107452521684,81.5793199960172,0.0,21.759056526727157,"Malda, West Bengal",868.7946440585238,1
maize,33.91521412130657,28.8485065716457,69.77613577282524,0.0,26.27719103295974,"Punjab, India",792.0850913184651,1
rice,9.496505343110135,27.16411531065039,66.3605935665261,0.0,63.00259444430952,"Malda, West Bengal",669.7710001616956,1
rice,21.692674813199172,30.388064072639953,62.049071853616475,0.0,24.060509793536,"Malda, West Bengal",969.9967001140847,1
tomato,35.329140204073546,27.63186567559935,57.770036284965585,5.827713466510235,21.869741192030197,"Punjab, India",374.7612869100138,1
tomato,2.9567276035922445,11.001197188182307,66.60787488475611,5.03608942921576,77.19932962798137,"Kolkata, India",72.20630323285275,0
tomato,15.598423118543675,21.236919752924344,84.2514929247545,0.0,29.41870370783937,"Malda, West Bengal",553.7942295548202,1
rice,37.70031910551705,26.168574736473563,53.76358059888626,8.810582157775062,29.158491855570205,"Punjab, India",424.2700003695556,1
rice,0.715844915405171,24.95174087146411,62.33705286426057,11.107667910111333,42.05191687568701,"Maharashtra, India",211.5641436815813,1
maize,37.20186251794823,27.892096292441344,56.70362567587585,4.100502108289693,56.58268935451203,"Haryana, India",396.6703134118271,1
tomato,0.7154829789660926,29.661607776213632,70.93466562040246,36.29571958970658,41.405400751861656,"Malda, West Bengal",145.730293912756,1
rice,20.220969038893355,37.6103455034214,54.03348698407329,0.0,52.20311764437309,"Haryana, India",885.0364204214021,1
tomato,15.879484567989014,23.449541417573826,66.29793214586773,4.845103065713728,36.369703094857876,"Punjab, India",307.73080066680467,1
cotton,33.877429525578236,36.92300527706934,72.99752605667881,0.0,59.9757815715072,"Maharashtra, India",619.2300527706934,1
rice,13.02767795946063,35.328636779842284,51.774512897733786,0.0,59.73485285128882,"Haryana, India",798.2575214172551,1
rice,18.26447525785768,28.104672110621436,53.42253391974585,0.0,74.67101535844577,"Haryana, India",637.2560653274571,1
cotton,24.279680615282746,27.399442801718273,40.80045527988943,0.0,28.26021585566039,"Haryana, India",664.1094069973444,1
tomato,10.058955479596193,29.929629085438936,68.97409635641442,0.0,41.3943825586436,"Punjab, India",598.7057981595094,1
tomato,48.93146301898538,21.446922402928852,76.93541152235552,0.0,74.04768201577215,"Punjab, India",418.02230162635965,1
wheat,30.57018052790435,24.187241131906333,73.48346327965795,0.0,39.69210503225705,"Kolkata, India",397.01740639336305,1
tomato,45.63284007769507,24.029599338334524,72.78485207451672,0.0,34.38678433064285,"Punjab, India",565.32056707928,1
cotton,5.996796170948966,26.337350126286115,74.30013523811355,6.351091983024473,52.822348617239356,"Malda, West Bengal",206.99838726061495,1
rice,24.545175467182926,20.61569479029317,58.616636634401104,0.0,32.03111540385852,"Malda, West Bengal",755.2255836353725,1
wheat,2.565377246248412,34.37727065521147,60.53242893671535,5.758982944685883,45.065640297472534,"Kolkata, India",168.9830088912101,1
wheat,25.55065797410215,16.76901849810646,61.295220782698856,7.514958719663293,74.90844437104369,"Punjab, India",0.0,0
rice,38.28070538895157,17.973084864700972,82.93237052349608,13.604660138444583,79.6969991673165,"Malda, West Bengal",0.0,0
tomato,36.32212872059398,11.924381550470752,67.97031656852114,9.024395874146094,42.0137397119225,"Malda, West Bengal",0.0,0
rice,3.6219132855744807,24.620018213413875,48.21721604194067,19.97146895597271,49.7778254984169,"Haryana, India",115.85117861097297,1
cotton,27.225587853882807,20.99356336195,81.63967823481904,2.177770828813553,46.74157331755629,"Malda, West Bengal",389.0305392677217,1
cotton,21.892279131112304,31.28521709582683,63.041700536077244,0.0,63.90439841513631,"Malda, West Bengal",562.8521709582683,1
cotton,32.22318268390927,32.46950396768624,37.400691895928304,2.6876774606936644,45.96679233553415,"Haryana, India",492.22456301357454,1
tomato,14.180777593137023,33.56182898685635,43.41430842453669,0.0,72.62952249620318,"Haryana, India",527.0564608817072,1
maize,49.42359674097109,26.718797139225302,85.12578834065138,10.335277659238136,46.342595628167174,"Punjab, India",129.8407834466426,1
cotton,33.6949875812066,23.365025871414716,67.31233171439307,0.0,53.63857550875917,"Kolkata, India",490.2347917882312,1
rice,7.353465756021765,25.480256169685713,60.11172597793253,0.0,41.29539625837347,"Malda, West Bengal",779.6449640514237,1
rice,41.03868671736007,22.222976646078436,59.82558340578476,4.415038340341654,51.16686426874043,"Maharashtra, India",452.64661019302207,1
tomato,40.078090171359705,23.000551990830104,50.092788745243446,4.58884424989477,21.434321149867774,"Haryana, India",379.9685281643379,1
cotton,18.71945040825629,32.80175076178484,69.96021063521249,0.0,30.33005872786706,"Maharashtra, India",720.6140872898181,1
maize,36.82937281980808,29.49625544414382,76.72979960469692,4.138553427391074,55.40074809642176,"Malda, West Bengal",420.1017592408584,1
tomato,5.682905264689866,20.07206089664222,70.66501659181041,3.5984430760418125,38.89457285160297,"Punjab, India",321.4814667608315,1
cotton,9.786088712683032,27.903336601721197,67.47436340539774,0.0,23.86942183370256,"Punjab, India",693.7245115509945,1
maize,9.023332114010255,28.98495578058396,60.02409255355804,0.0,69.86320645384029,"Maharashtra, India",593.8345135864234,1
wheat,24.230869987380935,34.38613538018492,64.64061753186681,0.0,79.59026499164264,"Malda, West Bengal",415.7029476612944,1
rice,23.860785112922485,27.759632049778386,54.7865235270891,31.952578570909996,71.58937289240966,"Malda, West Bengal",33.11558459734056,0
wheat,9.033449675976978,33.76710743201446,70.70809168853653,2.6290968261241834,52.73205659495691,"Malda, West Bengal",289.24454387926477,1
maize,12.596091818989493,28.171814956358354,53.692416438559874,4.315046672673759,25.389161207664397,"Maharashtra, India",571.5729536187999,1
tomato,41.1311736235505,18.842738543854775,73.979903585471,10.060878985783171,27.96780289943426,"Malda, West Bengal",80.84339488893966,1
cotton,3.432798393786513,29.68309966450285,68.2874143009925,3.8721198681280518,72.21965562228152,"Haryana, India",353.22500323862596,1
cotton,26.963327377673345,25.190489530228504,70.03374705256259,0.0,37.90609629305453,"Punjab, India",587.7000348057031,1
wheat,16.567858570573605,24.015339113613226,50.73042034339878,0.0,43.69849997267103,"Punjab, India",381.88365373853526,1
rice,34.898871473785064,23.61510305338631,63.83463072871744,0.0,66.78566331674732,"Malda, West Bengal",602.1330737331889,1
cotton,13.219958268013906,30.146460556709407,53.681294168670185,3.10086330177031,60.731845345130814,"Malda, West Bengal",396.4214404785786,1
cotton,27.68423869095533,24.170521686572037,90.10586774807557,0.0,37.87695561413015,"Kolkata, India",575.9001193972753,1
wheat,5.991121291582345,32.160964540681,75.31782025643939,0.0,40.61542530399829,"Maharashtra, India",457.6832832739322,1
rice,6.414330704467403,31.075444920746822,75.57223741768617,0.0,35.37521685166013,"Maharashtra, India",905.897353488266,1
maize,17.20652613314989,35.58661497068703,65.90132362883134,0.0,76.84069417591267,"Malda, West Bengal",666.4527646775573,1
cotton,6.839886194751524,21.046880043635237,57.17687958075071,0.0,30.136645487095098,"Punjab, India",574.9567907101631,1
maize,35.931490969141564,34.312649759376356,70.80121003805806,8.41730603749534,38.34989174710478,"Punjab, India",372.8276271645943,1
tomato,11.350390267775527,26.67544161775337,72.37672382907327,9.277356920266568,25.96832899517009,"Haryana, India",184.98009545859588,1
maize,28.493414753887826,22.32345093407457,64.0582598281704,0.0,38.719916864551024,"Haryana, India",631.3331269894995,1
rice,27.06056238027999,23.401599461504,72.44757802560096,5.000626566702819,38.54805753521924,"Malda, West Bengal",513.4667837788974,1
tomato,28.671959884265842,33.4508187857987,42.87308752468723,2.655947532233588,71.27030553909202,"Haryana, India",393.2599924605089,1
tomato,15.70849141210392,24.486060270585387,62.84527064237312,0.0,55.54636700473609,"Maharashtra, India",476.34425357055295,1
maize,40.324215186387526,34.65953414757878,71.77066725435354,2.2916076934843383,30.24697752692868,"Kolkata, India",736.9301515739963,1
rice,35.48136111882161,29.472069179673337,62.69789319893883,25.476337563121046,74.56826415591095,"Punjab, India",53.66483015608003,0
cotton,5.172116920798359,21.539972148136762,67.3929021372838,0.0,29.82141703422819,"Haryana, India",582.5807764770246,1
tomato,25.64964965075144,23.671327679793706,52.22854974822634,8.250032470751055,70.57427351682757,"Punjab, India",25.540325580590604,0
rice,12.480979642414306,22.38701609299261,59.40819798905716,0.0,46.521656505825426,"Haryana, India",702.1524300353424,1
cotton,22.77299903024617,28.021599419941598,63.12869667716676,0.0,23.746057041680647,"Kolkata, India",695.9293985823874,1
cotton,47.53743407991111,28.090786346710132,75.98638605902988,13.839712686526118,71.59632480400911,"Kolkata, India",30.907863467101265,0
tomato,48.26056597904422,22.56958855885416,63.70655565201264,0.0,78.1795847901622,"Kolkata, India",428.1262970296874,1
rice,7.251306962321493,33.35895694857309,72.51661545473334,0.0,29.185089130484492,"Punjab, India",986.1373585381455,1
rice,13.464539647831774,34.65171753744859,83.87858987958639,48.77264207414442,72.9134578968852,"Maharashtra, India",115.82061044938303,1
cotton,27.098606626443527,20.306586292272478,73.38814761780682,16.870468426412398,47.22493723625308,"Kolkata, India",0.0,0
cotton,7.821601249103674,37.040230237717736,71.25408679475845,0.0,73.35361349509922,"Malda, West Bengal",620.4023023771774,1
wheat,6.93276775180759,28.940109026493154,67.08275726110904,15.216858221807705,44.328288373218726,"Kolkata, India",67.87509339080344,0
rice,20.539193694566837,19.283421868362574,67.45855446147115,0.0,68.03057874774127,"Punjab, India",541.8665878783859,1
wheat,40.37134381893955,22.27758702546192,62.905328851428116,0.0,64.55559107853381,"Maharashtra, India",330.94310917823344,1
rice,29.926603632392762,28.78207022012656,78.92043251232693,0.0,68.9016262550513,"Kolkata, India",652.4735803069715,1
rice,33.78931278022159,18.081188952734777,59.79790986545919,0.0,50.669635762479004,"Maharashtra, India",616.9072763418368,1
tomato,44.77603627609698,33.1434935794495,55.78282163518085,0.0,77.78946201536613,"Maharashtra, India",523.2914422150455,1
wheat,35.51357547995728,27.95746161122606,74.00362395615362,0.0,22.8283584961895,"Kolkata, India",489.96322417215436,1
cotton,44.15714017767749,26.10705314202145,66.84061614408482,0.0,41.70844208212941,"Haryana, India",578.9997671051013,1
rice,6.002881971315141,36.50711870220185,73.44853590025043,0.0,66.8122098114057,"Maharashtra, India",761.6140391697323,1
maize,18.999809083157636,31.13887607185959,83.02332777884466,0.0,50.42261221620258,"Kolkata, India",676.6706532379974,1
rice,31.525088357011462,23.932401236207614,70.82495830195893,8.972709654897873,55.23903032808205,"Malda, West Bengal",225.2280949642115,1
cotton,16.082640893634817,31.853393943532502,59.48958049713306,19.66493242938209,65.66043741115485,"Malda, West Bengal",68.53393943532501,0
wheat,19.353913840587456,24.366428034783393,73.25849492874443,54.267947892233394,37.93616341018902,"Kolkata, India",54.53164251405832,0
cotton,16.598652376307946,27.76635808443525,64.32509126382618,0.0,36.74121064511873,"Maharashtra, India",624.0085625731465,1
cotton,27.566700282768355,27.387105556186714,47.27026565833379,0.0,57.9629074580595,"Haryana, India",523.8710555618671,1
rice,26.769062982590967,17.407890069953552,76.51914336867378,0.0,56.35453659279778,"Punjab, India",578.3357182945873,1
tomato,47.44216586029004,18.614673895546282,69.18412914414932,0.0,22.683548974586106,"Maharashtra, India",548.8244025035441,1
maize,47.99789400784505,22.321759637361378,63.2007756217707,39.122149997942024,63.58793322761188,"Punjab, India",0.0,0
maize,16.50434513555772,15.605628082528796,53.52646925487333,0.0,64.83813522491533,"Punjab, India",446.6619089078167,1
tomato,26.13051443878819,26.79195503835257,76.40502871000126,2.6828572849642867,43.02443417076988,"Haryana, India",422.76571777661536,1
wheat,45.70469829265007,26.587093321968073,72.05710905704265,18.88509697918088,70.75808867927847,"Kolkata, India",11.109653253776514,0
cotton,36.721923846420715,24.70206840580471,57.35652468038321,0.0,21.563996415955934,"Malda, West Bengal",663.2045377931361,1
cotton,48.07565789166001,31.484653174813786,40.812245329305796,9.767623796525106,56.67240511149161,"Maharashtra, India",76.46534192188267,0
rice,38.95468646538754,33.228522540266525,52.253577807493734,16.38669591374619,27.231500133579413,"Maharashtra, India",397.58385750142907,1
maize,37.07707756931425,29.937809804554185,67.59011175531353,36.10903274901107,66.03220303734106,"Malda, West Bengal",54.31590785009598,0
cotton,3.1682785117246386,31.69522184634727,66.20507190570052,0.0,21.726249027167178,"Kolkata, India",755.5984877699597,1
maize,13.184010148184264,29.10973142491891,80.57184815867792,2.020132896536451,53.28234445722363,"Kolkata, India",534.1843599420076,1
maize,37.40764196074226,35.511172187731795,49.285866901329435,0.0,52.145587971110196,"Haryana, India",717.9036587235395,1
maize,17.4898936608938,34.465487606205464,63.44277478532658,0.0,78.04315925982159,"Maharashtra, India",654.1203636682602,1
cotton,35.80744525792069,23.251506273206246,60.25672315207612,27.479134809060987,75.56368236720517,"Punjab, India",0.0,0
cotton,1.0051072706196371,27.361869106747573,63.157540211459526,0.0,70.85192020772107,"Maharashtra, India",523.6186910674758,1
tomato,31.001991998586174,28.000573218851798,72.87588473361117,0.0,47.24391537992072,"Maharashtra, India",549.7774696642222,1
cotton,23.721732440728715,25.63714273019439,60.76105540959981,0.0,38.56201202817867,"Punjab, India",589.6087016145775,1
rice,45.62437413405135,37.50561902520403,59.674060131271595,0.0,27.28064941642173,"Maharashtra, India",1070.4913626122009,1
tomato,47.637561001620014,20.763894748754495,62.406646858572856,0.0,51.361588190648796,"Punjab, India",457.7513922528194,1
cotton,45.39206637556451,35.67328264342598,70.83146170608616,5.787816495902415,36.046724863724705,"Maharashtra, India",432.3377435753238,1
cotton,31.48156566917196,32.332135188134465,59.778987060358624,0.0,55.6898226415392,"Malda, West Bengal",573.3213518813448,1
cotton,45.87999138201079,32.46031896375152,73.54267305412992,19.303018852858678,29.578551140046457,"Kolkata, India",220.675645638878,1
rice,1.9279958143560727,24.252700573741812,49.638235982242044,0.0,66.42018628190299,"Punjab, India",612.1902660649665,1
tomato,8.008677228929407,32.564956186087954,62.36212268316254,9.828837446159254,25.328448764182514,"Maharashtra, India",260.6646903180799,1
tomato,34.75060527381806,26.05339431617506,59.22611573314126,0.0,45.63690248763966,"Haryana, India",536.9632018477334,1
wheat,49.297847737769025,29.230778689811334,86.70930778595414,0.0,35.13435314461714,"Kolkata, India",455.0285156987743,1
tomato,21.52191534437662,22.113208060996534,62.34487324670548,27.991542228958984,28.462160656112125,"Maharashtra, India",118.34573517495141,1
rice,22.47293050663199,26.50076870763488,66.74733555308774,0.0,62.333791421650226,"Punjab, India",665.3871006745879,1
wheat,43.94462875866216,29.046800360052508,62.960120531381435,0.0,36.6374513761054,"Punjab, India",447.7981924907847,1
rice,27.302904956947813,28.837393170686386,68.7012735688261,30.393483071713646,77.234147667755,"Malda, West Bengal",46.04871804823665,0
cotton,18.251893222507107,30.53532221280045,71.36067004813556,5.166176080034473,63.87509944620213,"Malda, West Bengal",297.04441812628085,1
rice,22.847212877024283,32.505649260892866,49.70221747969282,39.33675129569186,38.90395251565484,"Haryana, India",304.651599134893,1
tomato,14.099879105781135,22.75340997441792,71.16754817838485,15.696248857228433,31.190035004288234,"Malda, West Bengal",114.34487329500223,1
tomato,5.118408328684053,26.04935904513275,64.48854368178365,14.005832307955666,25.4061967830337,"Maharashtra, India",179.86957049571174,1
tomato,45.520202625565446,23.491766606017713,67.55784959824331,7.251323042822049,57.78859914236706,"Malda, West Bengal",94.42152088287241,0
wheat,38.72140104302772,23.238046510496407,47.75184037722878,5.1180308040792735,44.620103972898704,"Haryana, India",116.81419888257122,1
wheat,25.92690221472594,16.093638724510868,72.1926331311775,0.0,45.906904151061845,"Punjab, India",313.81225877082903,1
tomato,24.82111314912441,26.846974529982024,90.11697420721282,3.2368315834835792,76.91498837798008,"Kolkata, India",304.78119159565927,1
tomato,12.711917660113913,35.49090387616156,46.520264859945335,15.365389043814751,61.3947783533923,"Haryana, India",100.4351619602661,1
maize,28.511542924100404,25.23989506807616,45.64322156276143,5.679717865661898,74.01872846543802,"Haryana, India",268.6529524657429,1
maize,2.8087518208276476,21.258084096544835,47.23381799755339,0.0,49.654155584456774,"Punjab, India",561.4826085746296,1
maize,27.991912859425643,25.035190700389027,58.23597190019604,0.0,37.78679067739925,"Punjab, India",672.645735801918,1
rice,42.41524278874822,25.433150523402773,44.983050990635896,9.06156606779206,75.45463606062745,"Haryana, India",152.11950289123018,1
rice,32.169438123945696,21.92871829119256,79.31147008488261,8.199372102725388,31.292562587260726,"Kolkata, India",371.15486549201046,1
cotton,13.320305628331818,26.21751804714155,83.89041771734365,0.0,43.330191022844,"Kolkata, India",571.9450456608338,1
cotton,42.888697579367516,33.064164038897495,72.67337413299234,4.584390997996109,44.40443323046689,"Maharashtra, India",412.9443631882957,1
maize,27.050415174344224,28.469381059250733,38.80462830031588,13.556945191257359,62.255797209220745,"Kolkata, India",38.1631916517581,0
rice,25.249018715533058,21.920883488016607,74.40628270892454,0.0,41.00600829267139,"Maharashtra, India",726.3014466664496,1
wheat,12.724957974525505,36.68943758145322,55.11837368890633,35.65173702735314,27.476700587819998,"Maharashtra, India",200.67884334880534,1
rice,1.621933392915994,29.845944080047925,59.08942766900953,0.0,58.83426325918353,"Haryana, India",731.6387737084979,1
maize,10.630349717493186,23.349736323779997,75.54962727725766,0.0,60.93722730582185,"Punjab, India",531.84709956158,1
maize,9.138264918348044,33.22018832117942,83.04439038682118,44.44769214296692,23.849973086665095,"Malda, West Bengal",321.93482275108056,1
maize,21.26528664046126,26.96434838249066,78.9459148256923,0.0,40.74956982714075,"Malda, West Bengal",681.6447988090766,1
tomato,10.632237893778624,23.223922647518627,68.05173183128944,28.813858956677215,53.29366257051256,"Maharashtra, India",23.972217193657855,0
maize,17.024660423252566,22.20133832583533,58.363100218036166,0.0,53.94851805117045,"Kolkata, India",550.6349067365214,1
tomato,1.759324606055748,20.019775299150538,72.22194180106796,9.141576068928202,50.303827050799754,"Punjab, India",4.594184603786459,0
cotton,10.493854778578047,16.808520428988036,43.500846079722464,0.0,28.912709090598856,"Punjab, India",527.1523077821456,1
cotton,35.39884122985014,36.1382261039078,69.64060267137319,4.55049600158887,23.62073032411286,"Maharashtra, India",575.7047494016231,1
cotton,9.819877270417441,22.200748488918524,72.75080460444649,7.902689509555464,40.41025702330937,"Kolkata, India",145.73768828748598,1
maize,24.605225454283225,27.508609663319113,58.820717091980285,0.0,63.27325501418387,"Punjab, India",577.5947062965103,1
maize,11.16338422856043,23.964433292189625,67.77453257655921,0.0,67.54926364220428,"Maharashtra, India",538.6087662140859,1
rice,3.8910868767547955,25.572593694764937,71.13296819634058,5.3660194154306415,38.27527925134369,"Malda, West Bengal",531.098323065848,1
tomato,5.8534051016565,30.98956753699469,67.20031004069394,11.089726270002938,40.51192231620165,"Maharashtra, India",164.70537427666648,1
maize,48.592837944846345,19.634740558699114,70.93314999643275,55.35256456875153,65.17926158773095,"Kolkata, India",0.0,0
maize,19.315246936432295,25.22437422098194,43.4296327477665,3.9851179419352585,53.39635389081761,"Maharashtra, India",389.6952586091942,1
tomato,39.54309921056293,30.656387950484053,74.63912680677042,0.0,63.169248221456726,"Maharashtra, India",500.9074915543565,1
rice,7.944714494357376,21.339262549500535,37.09903138344856,14.923176086600447,74.74632876134841,"Punjab, India",0.0,0
wheat,47.106327247599346,39.6100004672923,90.27257210568914,0.0,36.09986390715952,"Malda, West Bengal",537.7496493963679,1
cotton,47.128152835876456,19.10520136390443,66.79070353376224,41.989789255867535,49.579073469103726,"Haryana, India",0.0,0
cotton,30.470510581003293,23.046780248268565,76.72632060516173,0.0,51.60751459108302,"Maharashtra, India",496.76760257645486,1
maize,13.674422373021702,21.335257649134896,48.7224501324251,4.656044420680836,58.539613517047904,"Haryana, India",284.329025341481,1
maize,11.39062363324358,21.28360960920862,56.06820183440966,19.22000885961444,58.33270433639165,"Punjab, India",0.0,0
rice,2.9128703400108864,29.310434750875046,64.72498024238385,0.0,63.75000216863507,"Haryana, India",692.4580289401152,1
maize,26.35104095256076,26.404576127635604,68.31794709367885,0.0,69.7375410326404,"Malda, West Bengal",565.4503374039916,1
wheat,45.214394710828095,28.16024238560528,65.6228891790041,0.0,31.40923177475663,"Punjab, India",459.9080636833971,1
maize,28.30233517867747,29.776716088093913,75.28253599342405,0.0,53.83443324836007,"Malda, West Bengal",639.694121911478,1
wheat,16.63689696751233,21.662111477334612,66.60975497587155,6.109548327722436,71.92224809006348,"Maharashtra, India",21.157363955220433,0
tomato,47.68253854708882,27.794760741490634,67.55383365385332,0.0,22.125138396851824,"Maharashtra, India",666.9951509212261,1
cotton,25.61226578364262,32.528231840580965,40.28020722970571,4.308794521751912,79.51738224818912,"Haryana, India",359.8425923182141,1
wheat,15.144632677996185,25.057789613857096,47.36515394938893,0.0,30.496790825479273,"Punjab, India",436.2648815775741,1
wheat,9.725078931060605,28.584397674097257,41.079150744150745,0.0,48.91345316344908,"Punjab, India",397.92085994930426,1
tomato,41.93492750657499,31.141633623769295,81.68501152797491,12.457268129908107,21.55555365795745,"Kolkata, India",262.1566321055967,1
rice,33.27511031144675,34.89493417405528,55.99849543389556,0.0,57.58326774875228,"Haryana, India",807.9831333901056,1
rice,23.430585201448494,25.0434844802977,65.33265470123297,0.0,22.27702917565289,"Kolkata, India",887.1086637398021,1
rice,6.693249902649534,26.594029939012852,62.40915940919369,0.0,72.92303101795794,"Maharashtra, India",619.1283592681542,1
tomato,5.416643861275552,22.5716591666932,49.093602653280115,0.0,37.19275506310777,"Haryana, India",536.4966192529661,1
maize,41.82628806031514,17.49808752681865,52.48753376184271,7.387699654576509,39.593927297530904,"Malda, West Bengal",193.488077082877,1
tomato,44.15700398602934,26.150206519800914,61.07590040716099,0.0,40.6195147797641,"Maharashtra, India",561.0790790773748,1
tomato,12.241120381129807,28.881629788232875,81.06424728391164,0.0,79.79340435408494,"Kolkata, India",484.9346680940959,1
wheat,47.59457302765284,27.960920414547108,53.0019382595111,0.0,39.75654375334746,"Maharashtra, India",427.23796602034145,1
rice,20.29547718304181,17.918669271164536,63.66836928385195,0.0,41.65995518180927,"Malda, West Bengal",660.9820725358034,1
tomato,46.78684016202576,34.34379800470964,50.51381146528148,0.0,67.00533809432633,"Haryana, India",534.0941820423867,1
maize,0.7788472798784338,25.96166098975966,71.62498510249088,0.0,43.735950910989644,"Malda, West Bengal",651.7509960468013,1
cotton,32.0815349429262,29.44373780741767,50.906716963943055,0.0,49.67803178119506,"Haryana, India",573.4121623065794,1
rice,43.04666674509629,29.283325599347034,61.940210045057995,0.0,78.26174787470597,"Punjab, India",651.3999071921644,1
cotton,32.11617379726229,22.24571264835669,86.70675374863065,0.0,58.67150814022161,"Punjab, India",472.4571264835669,1
cotton,26.94384534935924,21.35403775323188,48.02023458755244,0.0,74.95301206018436,"Haryana, India",463.5403775323188,1
cotton,20.21888367020363,26.78735092924362,63.34126247338234,0.0,73.81269450979687,"Punjab, India",517.8735092924361,1
cotton,3.3785748854975806,28.273444759768182,61.948161429230936,0.0,40.38058031274013,"Haryana, India",610.6171323105924,1
tomato,47.9266196805163,27.529938779495374,64.61173711343905,0.0,39.85471314070247,"Maharashtra, India",579.8294469281292,1
maize,25.8121043031808,21.602652812853556,59.90405594883834,0.0,29.021833420149363,"Maharashtra, India",671.4323025503365,1
tomato,43.49704964123682,25.278440337916177,65.03636878369115,0.0,44.945263260536116,"Haryana, India",531.942193583512,1
maize,44.80978436910053,25.089210689738387,77.94843563152678,0.0,79.75439842318053,"Kolkata, India",550.9813175871222,1
tomato,38.56854293236796,20.72425466397421,60.33961798551128,0.0,49.99901189629011,"Kolkata, India",462.9621447002488,1
cotton,35.78883662305946,22.350016642099618,78.86842659488585,5.450211803435286,50.452299505524536,"Malda, West Bengal",222.52294565890162,1
tomato,3.146553344218608,14.503211518814693,71.69826672583687,0.0,45.35200129309861,"Malda, West Bengal",416.49499547321005,1
maize,46.89945227761467,25.948693379719387,75.77928226085331,0.0,27.849825714413146,"Malda, West Bengal",740.6166580728127,1
tomato,38.751443713475346,27.904683627780855,74.7595154273593,0.0,36.59421892569799,"Malda, West Bengal",599.4904963180128,1
tomato,23.23036947807166,20.82890409692793,57.81349893098934,0.0,41.82569329890415,"Haryana, India",497.733410589101,1
rice,35.65015268234515,26.184526692765072,80.21399768881838,0.0,29.776186338142764,"Malda, West Bengal",861.2747440003976,1
tomato,21.821727756624117,27.19932103745793,82.83468106208917,5.093657886686466,43.04090178363106,"Kolkata, India",306.5286493434082,1
wheat,2.523261885538841,31.71163229741595,49.001967103557995,0.0,78.68403853077336,"Punjab, India",396.98142608191165,1
cotton,3.457051083697419,22.514899141267637,87.37338360848044,0.0,57.03347516548378,"Kolkata, India",475.14899141267637,1
tomato,14.462347414941696,24.790910437355098,64.2409812884079,0.0,44.32109681753129,"Haryana, India",529.5811665548842,1
rice,18.893313917190472,25.718201181161096,50.128659506319394,0.0,68.0592445219726,"Haryana, India",620.4302093872972,1
wheat,14.974022431245416,23.108036536530992,68.64114392049973,12.3759396097742,79.79605472329463,"Punjab, India",0.0,0
maize,8.197925378430103,20.799557564723905,57.539914223693074,0.0,68.22644305185312,"Haryana, India",503.79513321196293,1
wheat,28.25391155352848,25.700896362171328,68.31658423665195,6.2036627881078745,51.790748200368114,"Punjab, India",56.11297113233303,0
wheat,30.819731850165027,18.602123864904154,58.78018577763577,0.0,72.29085743471936,"Malda, West Bengal",305.2148670543291,1
wheat,44.522211795061686,17.518418824418887,73.58741388108302,0.0,55.38517127192633,"Malda, West Bengal",297.6289317709322,1
rice,30.915222644647887,25.17629796098882,74.30491640432986,13.77874624792127,32.09719392863572,"Kolkata, India",230.33427445118787,1
tomato,30.549370629031674,29.093400644321516,72.94642776121185,0.0,67.42954137489983,"Kolkata, India",486.8406057988937,1
tomato,43.79168606117345,26.08876273086643,48.514783704953466,0.0,65.07381133448493,"Haryana, India",459.7988645777979,1
maize,11.343807682050175,26.633853005710566,77.53331171778211,4.14476422390716,79.9295635708549,"Malda, West Bengal",360.73417186745826,1
cotton,30.718537812007096,30.785184150681115,53.01762060347437,0.0,55.81708377570895,"Haryana, India",557.8518415068111,1
cotton,22.511039806516454,26.96035706273315,82.6705021849271,0.0,24.15755896799853,"Kolkata, India",679.8619954982404,1
maize,17.230803549940184,22.83126379640442,71.75020555738674,4.054989570322084,39.69237011428534,"Kolkata, India",430.2417794801146,1
wheat,24.65501767662133,25.354434391627418,79.02618398009128,0.0,37.34607523150582,"Kolkata, India",414.70777849708264,1
tomato,10.055417694041987,23.15520043662604,76.12685200160374,4.560053613235192,63.13458891951265,"Kolkata, India",205.39412326787473,1
cotton,37.67798870297652,23.65292284223695,65.32158619565182,0.0,69.99375583926835,"Maharashtra, India",486.5292284223695,1
tomato,37.72619467569004,24.621646247541427,67.17374720451988,5.85535481730094,48.41051526446387,"Malda, West Bengal",216.74998382494766,1
rice,36.44900813111486,21.06646157142879,76.45734947084271,9.896729522707224,62.01833553886856,"Malda, West Bengal",102.08350742275434,1
cotton,44.87004582301429,32.62142430373739,50.49855093143533,0.0,23.178727598155817,"Punjab, India",759.5729469325211,1
cotton,1.5278224413608184,32.788922760290355,62.86498225002805,11.310312626066866,37.329666801864676,"Malda, West Bengal",180.00417963646726,1
wheat,40.02060937564805,27.6911261825092,90.32978247531085,18.578093946258964,31.16603371635449,"Kolkata, India",106.74658001925081,1
maize,33.87340293918856,31.416960717916762,83.22973308345543,3.0555054171322604,74.67017507090128,"Malda, West Bengal",467.81129704047135,1
maize,20.64512364809903,20.577745688586898,78.7137909761739,7.200769884071702,33.63324164599463,"Kolkata, India",273.50782312891164,1
wheat,5.624932365660213,24.463987411998783,79.03230621127386,0.0,74.02266373285588,"Malda, West Bengal",346.2479118839915,1
tomato,40.43996814943067,34.734623185928186,48.939226238947036,0.0,43.565548073281555,"Haryana, India",639.4054202700676,1
wheat,26.9765013656457,23.380936977454894,88.87138959992274,0.0,72.16754617042426,"Malda, West Bengal",338.66655884218426,1
tomato,4.241462074069641,34.313886445897346,83.01096693465621,0.0,27.49299879443877,"Malda, West Bengal",720.7010945017007,1
wheat,10.793640854641627,23.536078480257387,68.78217281011455,6.0243254247209395,20.19759373183309,"Maharashtra, India",156.7783406611033,1
wheat,47.70106193264487,24.615120700229703,81.86846977063719,0.0,75.39436302369126,"Kolkata, India",347.30584490160794,1
wheat,20.80514776153485,25.048479254441503,85.97422687422707,2.681051322486665,22.56467639147654,"Kolkata, India",329.920492108017,1
rice,32.5001917613617,19.471472622902002,68.45043067310493,0.0,61.09210040161084,"Punjab, India",581.1953610489028,1
maize,33.507854518651975,14.625423554399232,63.467833481950755,11.194211201112347,69.7538377685331,"Haryana, India",0.0,0
cotton,6.510395055397493,26.33162042672594,74.90917205904313,3.1175342675612026,21.457562203986818,"Kolkata, India",529.6182594024008,1
wheat,23.56493259366798,20.414786696192255,82.17536135788937,21.954910923814595,39.73433928209256,"Malda, West Bengal",16.4335776429603,0
wheat,9.0389948757522,23.876938837652503,44.024924252471955,0.0,63.89452865770002,"Punjab, India",342.1385718635675,1
rice,22.132691766884307,24.964143945093365,35.174560140891614,0.0,61.51413884501726,"Punjab, India",650.4483819305964,1
cotton,19.19263946693716,16.02193389678842,47.70828966481683,0.0,47.20121227485172,"Punjab, India",442.211474421496,1
tomato,44.98349099584505,27.784142493289806,56.04486541605688,2.5390478645011845,54.74751111223156,"Haryana, India",384.9336522462145,1
rice,10.996146428551501,35.848853743753324,63.141158493773915,0.0,62.88616150995557,"Punjab, India",782.1305150655276,1
cotton,44.89967452467553,19.997236826326358,47.96547575375551,0.0,43.67316670361872,"Punjab, India",500.93998829622234,1
wheat,3.279447474213636,24.682253979561143,76.09998670037707,19.564492285825487,30.00733824522319,"Malda, West Bengal",84.69420168175395,1
wheat,19.781616614441386,15.847932120919403,57.14394347381685,0.0,25.578816586687473,"Haryana, India",370.0611400553235,1
maize,9.750595246502485,34.99820235904125,67.75554217090067,0.0,47.01138955865687,"Punjab, India",745.7024864879245,1
tomato,25.79106354141031,21.412206803999737,59.95518203623209,0.0,68.49958393529386,"Punjab, India",417.70986123599766,1
maize,10.546986001127076,24.0650758056092,78.90408005186842,0.0,24.304877853542823,"Malda, West Bengal",732.3680600024053,1
rice,12.290192427178319,17.93751574147324,72.76470912131325,0.0,51.68887284772184,"Maharashtra, India",609.5983061390863,1
cotton,49.26221667381708,28.064240843018897,70.37606583235772,4.8677289457273405,60.58749406777418,"Kolkata, India",287.255961143822,1
maize,18.262016042261987,25.96343409865975,69.03361157373088,0.0,76.30531112592618,"Haryana, India",560.5977750852574,1
rice,23.636819762744512,20.102214891583046,78.51864925721769,28.889218634208717,60.71179072621654,"Malda, West Bengal",0.0,0
maize,36.19198745427738,21.194505908447827,44.22151094463506,0.0,67.86227374854263,"Punjab, India",508.13956499292607,1
maize,23.93810084347799,22.654549072755696,61.953888675191685,10.89729110457311,46.16340983107202,"Haryana, India",51.866895744183694,0
maize,15.64682223348321,18.978417916519152,64.16279354310574,9.547313306043268,36.3991591974285,"Malda, West Bengal",120.56897217918731,1
rice,0.8986047704514193,29.933456099972503,69.12749779913847,0.0,32.54427711802094,"Punjab, India",906.1101502352618,1
cotton,38.78731956723782,21.844760758444508,83.55495532875007,0.0,59.23506729640082,"Malda, West Bengal",468.4476075844451,1
wheat,18.10459742516899,17.934609231620946,65.5523741866625,3.4957655035788244,41.983003535395106,"Malda, West Bengal",164.8755654028096,1
wheat,3.617333787259705,22.14886508444929,75.43524332550028,0.0,51.78349680852004,"Malda, West Bengal",340.65786884246035,1
rice,37.509752618967816,31.628399660617312,57.43103058328414,2.153334890730049,61.41400000487139,"Haryana, India",630.2194240961294,1
cotton,44.72115044565272,23.878488136261723,58.124889527846854,0.0,36.29795729360336,"Punjab, India",580.197638617464,1
maize,5.77486274518206,24.311070694038598,51.643987593122546,0.0,62.39364885937988,"Punjab, India",542.4217776344246,1
maize,49.09992676653627,26.81286499296143,60.97692422901362,5.196976695008148,25.5440859518423,"Maharashtra, India",506.47123867865884,1
tomato,22.19860484925566,23.97192514145251,65.93440112818809,0.0,43.227280339432596,"Malda, West Bengal",525.6913228771283,1
maize,3.6258854943897414,28.74069190291282,56.12992434317975,0.0,74.52963284581602,"Haryana, India",591.147610932041,1
cotton,9.116335491336823,32.20099151277703,58.86987179187677,0.0,61.04832730238343,"Maharashtra, India",572.0099151277703,1
wheat,14.45205663503255,24.63488351890401,52.970902577184525,0.0,61.5571214987632,"Haryana, India",347.4441846323281,1
tomato,23.443327525275667,29.126447562710343,70.30283636552964,0.0,56.346310197342426,"Malda, West Bengal",517.1149912222589,1
rice,49.82619887575261,30.165231893019733,68.13238249000712,0.0,50.12768574713749,"Maharashtra, India",793.5340815974513,1
cotton,4.492548939807067,26.25555751698794,59.611383849039775,0.0,27.955165784297527,"Haryana, India",651.1753807379134,1
tomato,18.437145802636312,30.995897335858967,70.68437559132013,0.0,30.11816669849763,"Kolkata, India",667.155559201535,1
rice,46.44743787123254,24.43195449481211,60.22030209610735,0.0,64.9989990218191,"Maharashtra, India",622.8485642715792,1
tomato,17.308718603859994,25.14131995552466,64.15739819157545,0.0,34.19861287291408,"Haryana, India",578.9880812409164,1
tomato,40.474078503150615,27.036528077210765,56.376118511593745,2.064142796544359,29.505628964370764,"Punjab, India",519.6437391983676,1
maize,26.416486192079933,31.440774289892488,69.98622304143001,3.1143384799036267,50.905096563058066,"Maharashtra, India",521.5971663216447,1
rice,31.73743691014947,24.09525579133721,72.3550991271581,0.0,43.52664014812144,"Maharashtra, India",745.1090343261379,1
maize,17.428297361755256,27.351660415806666,74.46711899270916,0.0,55.94429062011443,"Malda, West Bengal",599.2238077959802,1
maize,16.71892398112132,19.226915878228176,48.01073928536303,0.0,51.84847568542497,"Punjab, India",526.1529204759145,1
tomato,1.5958885656362223,23.48068285259435,57.82344878861883,0.0,26.749877468833123,"Punjab, India",592.3132773870891,1
wheat,19.59010514391609,18.61884759845301,74.44874916677124,0.0,22.715498832233088,"Malda, West Bengal",403.90682472519427,1
rice,49.97439384918069,26.07539836364698,60.58090472134709,0.0,38.03911238030984,"Malda, West Bengal",808.7945884315352,1
rice,15.589082375587866,31.360637574542356,68.01949216792374,0.0,79.6855782384198,"Punjab, India",676.3276508945083,1
rice,33.02210176593295,30.105863161393035,65.96771718692402,5.826712647206944,26.948450618935006,"Kolkata, India",654.6218602658398,1
cotton,21.078531014336754,18.372100374080592,88.03648596287526,8.33797256301039,61.455069316461966,"Malda, West Bengal",16.822375590286413,0
cotton,24.919650701429067,26.498409287172635,53.21563287069324,0.0,44.77155623702437,"Maharashtra, India",567.658951199381,1
rice,12.440544692915136,18.69678650161091,71.24887289901011,8.990323383452925,49.97372935609542,"Malda, West Bengal",179.8553095767058,1
tomato,37.365159306069295,23.88409842345968,90.6958406628108,0.0,54.61671455863762,"Kolkata, India",474.63994293855785,1
wheat,47.34693983859397,27.968456448031112,72.32543786207962,0.0,56.1580692051493,"Punjab, India",370.77919513621777,1
tomato,44.2806450402454,28.08040759674151,69.75799947582375,0.0,79.21537739021602,"Haryana, India",477.7236683706736,1
maize,6.361824353904273,25.122631706750095,60.15151356002157,16.98486795817321,76.92252294302673,"Malda, West Bengal",1.3489487742510846,0
wheat,20.771296789379363,25.789220276487292,83.79029899126895,0.0,51.69752630769854,"Kolkata, India",367.2656464025032,1
rice,47.5807880972352,24.84782212954266,79.62101661453468,8.690886230952565,74.32765636211104,"Kolkata, India",163.62955400688372,1
tomato,49.200137997626186,30.818961271628012,72.51697797865964,0.0,70.98299108127318,"Malda, West Bengal",502.3706514446521,1
wheat,42.3341095132645,28.11287961413685,68.11007068753031,3.23370221935334,73.57227513968611,"Kolkata, India",210.10504633129096,1
cotton,12.555554023135224,26.601141583244257,59.23394652522974,0.0,20.934907730030957,"Punjab, India",691.7911807593379,1
tomato,18.74220893064964,33.45491898961318,75.02452025225088,0.0,73.10365257221687,"Maharashtra, India",526.0942709065187,1
maize,39.253755107435715,19.098050766379664,61.92722229989629,0.0,68.42796972270042,"Malda, West Bengal",485.0785584301763,1
maize,42.41290773509812,21.161717858557395,66.96739222333294,0.0,21.38877506162383,"Malda, West Bengal",703.8385483397791,1
maize,22.101100810910086,30.686432774826343,52.959504439618655,0.0,71.55001173957547,"Haryana, India",612.5507605230898,1
maize,26.80944723289075,26.283668625170392,57.186616942912934,0.0,51.80558380848599,"Punjab, India",610.3467245765312,1
tomato,18.908084977135267,26.760968899005423,83.8478750736829,17.950386170125093,77.1840671762275,"Malda, West Bengal",15.84872009104879,0
maize,19.871891265678705,22.121327766665193,64.58482030731929,0.0,37.048978693402645,"Maharashtra, India",637.2976911657851,1
rice,43.97968227493217,39.83987395945909,72.18753662890497,5.703522805286614,45.60412020032567,"Maharashtra, India",682.7214398100982,1
wheat,39.025076125833664,22.78758401529575,69.23104542722,0.0,56.90089150202495,"Kolkata, India",334.51308810707025,1
cotton,0.6221908978068016,25.909010798701317,83.61374183263479,0.0,31.136881442383775,"Kolkata, India",630.5748840210506,1
maize,49.52114167907985,20.72233665047192,71.79538267607738,0.0,66.1390400105844,"Punjab, India",502.9457031551911,1
maize,1.208220744814617,23.462343282371158,63.341005719100686,0.0,67.57189922614828,"Haryana, India",533.0857761060827,1
wheat,12.512231841424324,18.133265251971302,71.5201577783778,0.0,43.217664771064236,"Malda, West Bengal",337.5075981140124,1
rice,19.389656290144902,24.42895277818487,84.99991005059611,11.557813717452849,24.21725684179512,"Kolkata, India",286.8159134202971,1
maize,28.893486413128258,33.22073701819871,75.28666540368653,0.0,51.33562427174096,"Kolkata, India",695.9172046773875,1
wheat,30.041017385714788,25.389342900264012,43.70100551592742,7.1873231853227875,69.35878082877797,"Maharashtra, India",2.725400301848083,0
cotton,22.181751224775017,27.531078398906754,47.240518172252024,0.0,48.36659873881099,"Haryana, India",560.1567561593602,1
cotton,20.495846749654955,29.01786549104248,77.07050161924681,0.0,64.98941506166346,"Malda, West Bengal",540.1786549104248,1
rice,5.4052742929403665,25.728031839260424,61.56110531715169,0.0,56.35434471893229,"Punjab, India",691.8024503389942,1
wheat,11.592088283111162,30.13966206695973,77.54886399003104,5.612747500203237,36.244508809369464,"Kolkata, India",177.7322606891408,1
maize,49.41768347781416,24.20529027346857,93.44068050981456,0.0,46.82972663833081,"Malda, West Bengal",612.5433766197592,1
rice,38.21131803479488,27.188632299097716,54.176342099459134,3.4644096274764014,41.40599489373158,"Kolkata, India",632.1169484293002,1
rice,49.25276033217817,25.089276507410872,84.75313800936102,0.0,73.92036533381827,"Punjab, India",601.0713180889305,1
maize,14.645560560885142,27.677106602401846,65.11222955086593,0.0,56.543970155269896,"Malda, West Bengal",599.4740744071327,1
maize,38.390193138719766,33.76268505165163,59.564782470549176,16.19389871565638,22.023806447463137,"Maharashtra, India",341.86367669887943,1
rice,10.634620909181292,27.250253187533286,52.894049071161085,11.12666352828377,30.719219049559783,"Punjab, India",316.96155184395525,1
wheat,26.74584286713919,23.457678312386115,51.83430207112785,11.20825520646349,75.7978145468306,"Maharashtra, India",0.0,0
wheat,23.288853333585887,23.55162772452551,72.29977460464453,42.99263556648147,38.23325407824931,"Punjab, India",46.84509050179679,0
wheat,49.48979695543285,26.895618165346185,54.672989124450226,0.0,50.70769965652512,"Punjab, India",378.8619377347402,1
tomato,17.57453516887624,22.052258366768207,74.03945046666983,6.133127922378218,47.19044173812395,"Maharashtra, India",181.6453653557025,1
cotton,3.5583250393241204,18.396974340426368,72.77240597781892,0.0,41.59391058763535,"Kolkata, India",492.1481152276487,1
tomato,31.323315509688786,26.34901397918364,54.552971842582146,0.0,75.2009466197604,"Haryana, India",462.1411258126527,1
cotton,17.45926283784293,23.02596953195107,63.33902236982898,0.0,70.33109505586265,"Maharashtra, India",480.2596953195107,1
cotton,36.96943909390545,29.382896982736327,73.38176771824023,0.0,45.307929157071854,"Kolkata, India",596.5372588473977,1
wheat,45.974866808193234,35.49557509435374,81.2903798395817,4.532069154602752,63.41355751966512,"Kolkata, India",196.86556793033859,1
cotton,25.316472581026577,20.787179986001473,80.28269938915105,0.0,76.88976830121834,"Kolkata, India",457.8717998600147,1
cotton,20.597285777462755,27.94999193736928,67.64508281227147,0.0,75.59851805200671,"Haryana, India",529.4999193736928,1
maize,2.5799202676848028,24.116624536458787,67.96935925658596,0.0,70.72321685554772,"Punjab, India",540.2828699010466,1
rice,24.25588151572983,18.398633145912388,45.62339419751468,0.0,50.334779109777514,"Haryana, India",623.1968426087205,1
maize,33.690423131629,29.384188270555036,44.18890652175887,3.5923311147752255,50.5292869094597,"Haryana, India",475.26579005230315,1
rice,48.453295400918755,32.668192809299136,66.41454578321272,0.0,57.369135371491836,"Haryana, India",779.4262101209856,1
rice,27.41507833011447,22.737384725013108,44.131514706840626,0.0,27.7037703081351,"Maharashtra, India",815.1419834063266,1
cotton,3.6407532633918773,28.463577097307006,66.95934741934242,0.0,28.138232091237818,"Malda, West Bengal",678.2483909290775,1
rice,10.410691855682838,24.567028116809027,53.72023267103383,0.0,55.15815072199373,"Punjab, India",683.0843006579138,1
maize,39.647380795499274,31.176328862658487,48.320023304880195,0.0,27.016728289584826,"Haryana, India",821.7563205320207,1
tomato,5.476311763917846,28.18173351487831,71.71128980049296,0.0,75.62774716595024,"Kolkata, India",478.63560163390486,1
tomato,3.890896673555479,33.821451317635066,61.70718322435774,0.0,44.29674684793169,"Haryana, India",625.7598210783432,1
cotton,30.343368802597144,22.25318564943964,42.76983780867485,0.0,23.87075664428203,"Punjab, India",619.6274480358292,1
maize,21.602823506813582,29.602868527416593,73.43228901296483,4.308467930049977,35.060370726462395,"Punjab, India",535.0034401170869,1
cotton,33.03205338358912,17.713631709002733,77.25998002094337,0.0,74.66442541438875,"Punjab, India",427.1363170900273,1
rice,25.090420691592527,32.8666872480671,57.44024708684988,16.506760418372714,69.13690245868032,"Maharashtra, India",100.39359843537977,1
maize,26.834882046041,21.579091364826777,56.11907149718837,6.383254479540519,62.59730631378977,"Punjab, India",193.2072810360686,1
tomato,5.752190357912677,21.90160191730531,32.58610412745992,0.0,62.451878078056346,"Haryana, India",422.31754682613246,1
cotton,14.803201493637786,16.872109018473147,69.75285774562327,10.661486788705668,68.94776454026831,"Maharashtra, India",0.0,0
maize,0.672842050847027,32.5948241423381,76.38678429171199,0.0,59.69629289725458,"Maharashtra, India",635.4671808547931,1
tomato,12.769208429487529,22.40615817914461,49.179774699609446,0.0,41.1913542902804,"Haryana, India",517.5699162311502,1
wheat,35.87512072112899,19.984007675484612,56.20746844069259,0.0,37.69419518578553,"Punjab, India",369.3819656899066,1
tomato,34.19088445593545,19.949835162594667,55.94421089492798,14.451731094715479,29.69842014024646,"Malda, West Bengal",87.24682116252666,1
maize,26.277916115879094,25.776095266376927,75.9895859416382,7.870565249918228,47.58694651054996,"Kolkata, India",234.34028795219905,1
cotton,34.67627297444983,27.513319889791802,44.70500372025526,0.0,29.44252655440886,"Malda, West Bengal",659.3439767602366,1
rice,3.98137374287976,33.482838080420166,58.830237433489295,16.73664985331106,30.008750415544593,"Punjab, India",382.45026985480695,1
rice,23.712310860620956,28.761706499551696,72.44326301593404,4.652131034280761,72.02984579706062,"Malda, West Bengal",412.5339262805823,1
rice,31.75806456595212,26.131612688034128,65.49275025638268,3.6520954804200114,35.138331866035465,"Punjab, India",644.8785757575677,1
cotton,18.173249459139992,24.662448716167315,75.32161565244817,0.0,39.28697108254144,"Malda, West Bengal",574.6592364405672,1
wheat,5.133091403269385,21.64078733780879,48.37005789515159,0.0,76.00232438553317,"Haryana, India",326.48551136466153,1
rice,47.48182020536212,29.83088695385086,84.66883416755743,0.0,56.032774340062176,"Kolkata, India",749.8708879924875,1
maize,19.86529916955034,25.675953732194348,72.05184890736183,0.0,25.592688246492173,"Malda, West Bengal",749.2340582858322,1
maize,17.87218957400529,28.236931482367137,50.93643148629577,5.54820808688048,20.61050015535605,"Haryana, India",538.8632134409568,1
maize,19.031947843373626,29.372327122455488,61.06921399395018,0.0,28.316089885892104,"Malda, West Bengal",787.5956701237129,1
wheat,37.78208685160644,25.608270391401078,46.530014750941916,0.0,55.36588898003642,"Punjab, India",354.2578927398075,1
cotton,4.159554342528749,29.542905171503932,85.91936481370142,11.961877159143528,55.77247775395222,"Kolkata, India",45.42905171503935,0
rice,13.713143793364935,18.94322855837108,48.96655870088858,10.508506025357619,48.25154102362634,"Haryana, India",116.5771418635095,1
tomato,47.84215081194088,30.597529460221953,72.98289207631683,0.0,57.92438663402214,"Haryana, India",523.2731170442161,1
wheat,16.08006062319391,31.54591562096989,83.90028986956423,0.0,57.6184927041384,"Kolkata, India",395.8214093467892,1
tomato,3.2017253741815894,28.9810219864259,61.25584780764834,3.6827263127368344,41.030609605805616,"Punjab, India",405.99744938236654,1
maize,4.692690326725123,20.899350553691654,57.80920261176584,0.0,77.95862009309934,"Haryana, India",504.8928560906082,1
maize,21.64656527941311,16.467257169815035,66.54829171239237,0.0,77.20411677511923,"Punjab, India",456.1398288679654,1
maize,26.00815862662204,20.54686501244097,91.49589758044522,0.0,52.63429804954302,"Malda, West Bengal",537.9188247073778,1
wheat,38.61342203302487,18.586790429973505,79.06149952092929,0.0,20.766422600243363,"Kolkata, India",409.5567564752174,1
tomato,26.36596914990969,19.961668379072126,48.24664826609422,15.087597390013162,62.64790464804311,"Punjab, India",0.0,0
maize,45.112745237642486,34.32482821782698,65.69552686864809,20.73032816516781,68.98480544776986,"Punjab, India",102.57311039609681,1
rice,27.369848228715053,21.2503055859235,53.22582532568682,2.4278854196516155,36.74106102592198,"Maharashtra, India",618.197726970264,1
rice,17.929742353019275,16.399389018542124,65.6167079596325,48.41497891391615,69.54951144228386,"Kolkata, India",0.0,0
maize,7.2707755240657095,22.520264982056105,77.71034252861244,0.0,79.57790010915933,"Kolkata, India",522.7229148026172,1
rice,22.956657424871324,28.53309893490961,76.48463681546889,0.0,23.455509724990915,"Kolkata, India",941.3976835509552,1
wheat,34.60020884760614,26.03133119957537,58.86776943522939,0.0,33.12684093576162,"Malda, West Bengal",435.35446811819764,1
cotton,8.944878581784925,20.943262124429026,78.32709199923286,0.0,49.4061249199058,"Kolkata, India",485.13270815389814,1
maize,45.66826166181138,27.599689775847775,79.5803741279417,0.0,28.091594280228303,"Punjab, India",763.2175341655321,1
wheat,6.728033071946474,8.551099653653154,57.48975217908328,17.575188170119446,25.971787028410816,"Malda, West Bengal",0.0,1
rice,0.579337061466084,19.771931170481867,66.20714201135354,0.0,64.74861464456929,"Kolkata, India",565.4769336877448,1
tomato,37.177317795587335,21.064677996894734,84.53891493765846,3.2235115520722433,34.99646507711356,"Kolkata, India",367.4312575683606,1
cotton,15.478978234980838,26.49040225139897,65.28849153609595,0.0,62.08219170395688,"Haryana, India",514.9040225139897,1
rice,42.580139477233736,22.151784019330087,53.11384918004542,0.0,59.19101612482639,"Maharashtra, India",626.9809530100341,1
tomato,15.191408953768146,26.879890445028074,54.933558777462466,5.006666154007345,56.657106166176646,"Malda, West Bengal",243.86728858314711,1
maize,11.826173029648672,25.420098957546756,77.23491673939398,0.0,40.14112648879494,"Malda, West Bengal",664.7625889712542,1
tomato,21.733815796494806,37.64577931204964,76.46305974540212,0.0,24.166869563264054,"Kolkata, India",779.9388084796262,1
cotton,45.711879209331244,22.19875230274524,68.47578747762165,0.0,61.37473221874264,"Haryana, India",471.98752302745237,1
tomato,11.8521603093011,30.20229627906963,58.042663989636495,6.594328925188092,77.74036538102992,"Punjab, India",167.10422025222204,1
tomato,44.58669571779532,19.12545399405684,55.26352135978339,2.7313300294325176,30.310601853451534,"Punjab, India",388.3960471059569,1
rice,12.584935875402454,25.10135946061144,44.677782127596885,0.0,28.849038484236047,"Punjab, India",848.6226073334666,1
rice,46.81049523000987,28.126142354365513,71.64475847050005,0.0,26.726609251305177,"Punjab, India",913.3875063009356,1
maize,25.62343286700285,29.13609451213617,81.37414519365711,7.748818286343562,77.46220479459777,"Maharashtra, India",208.0561253163197,1
cotton,34.98499014935126,23.2294376010447,63.83080488087841,0.0,73.24911120244015,"Kolkata, India",482.294376010447,1
rice,2.90061976024994,31.249443231104458,60.777398177898306,0.0,58.02966721663656,"Kolkata, India",755.7922652958812,1
wheat,1.4420965528405514,23.592306949213096,52.087504702324324,2.7830759327879155,58.45786375983992,"Punjab, India",200.9923520050959,1
maize,37.75501954299698,28.681450312827344,80.25134604557581,0.0,36.30672645249808,"Malda, West Bengal",730.4037749768304,1
wheat,24.777785642457232,27.981648682839285,74.24507023299248,2.9102681058400486,59.588606888083774,"Malda, West Bengal",225.3581354878726,1
wheat,33.04758821750677,25.473252892143964,64.45774713997082,5.314153517850201,25.297915406460277,"Kolkata, India",192.54635225044848,1
tomato,20.055392508357617,25.5191386640721,63.7451767454137,0.0,29.221969025301558,"Haryana, India",605.9782194916758,1
maize,2.0404472123107955,19.586187429734288,57.57294984287955,0.0,53.78670526420117,"Punjab, India",520.921045328193,1
cotton,46.05299860075022,24.150279107181387,73.149101318319,0.0,74.78198588322743,"Malda, West Bengal",491.5027910718139,1
tomato,12.331373511972197,34.29863811663511,66.57285894161913,0.0,51.28123851120935,"Haryana, India",593.5608980373736,1
cotton,7.972767159949597,23.303435381945107,79.36506606057009,0.0,45.72504447789869,"Malda, West Bengal",527.8355752926747,1
wheat,10.98169992967441,32.283220991761986,58.65055024300807,0.0,35.34208643391412,"Kolkata, India",479.80734943534765,1
rice,35.66657250792303,25.627205250621095,42.64526252337286,0.0,38.27670887939901,"Haryana, India",800.2538515019978,1
tomato,35.97033670083943,30.17565431791931,55.60034645864418,5.111937485215073,60.85976221147718,"Punjab, India",249.12912199020536,1
tomato,39.95837258348442,22.690054846263838,81.66800129218161,0.0,26.78529733584968,"Malda, West Bengal",582.5017452147945,1
rice,29.13431068917934,26.831637417705387,65.20677767080073,0.0,65.1966036278782,"Punjab, India",651.8557969084652,1
rice,45.95791220136669,29.47411730228743,55.80545323259645,0.0,72.18382010651925,"Maharashtra, India",653.6894076274491,1
tomato,27.833212392269434,25.702622840236778,73.82924805586752,0.0,48.224808562688594,"Maharashtra, India",521.4646738297671,1
cotton,19.299617943158786,34.38963368079768,93.15677455080316,0.0,41.10907492520846,"Kolkata, India",676.3940319759043,1
maize,31.55799044353259,26.998396061777974,51.195036179409186,0.0,57.85565878990766,"Punjab, India",584.2476100682949,1
rice,48.77136724460721,29.198757270542274,56.83209441081728,0.0,76.35416059439069,"Malda, West Bengal",650.3850872465073,1
rice,16.81750158901238,24.50051210366758,70.8504181797306,0.0,60.27368467140021,"Punjab, India",651.781056001704,1
wheat,2.0536073166448205,27.40060520064724,66.09535506675023,0.0,56.25908809491699,"Malda, West Bengal",366.8042364045307,1
tomato,32.07470523713708,24.110652730193245,56.59835351908097,0.0,55.03023563013948,"Haryana, India",475.01192492675233,1
wheat,7.187180551467834,28.379929247102698,95.87272161793628,9.662327089422984,74.76154240666494,"Kolkata, India",23.65950472971889,0
rice,1.1602332193083746,24.13611993818178,66.55877736313289,0.0,28.256934862884822,"Kolkata, India",835.7645098779365,1
rice,39.97449227344485,27.449055977833098,57.78079595573527,0.0,67.60736388294518,"Haryana, India",644.4476524105564,1
tomato,37.05204251152272,36.9163632796038,66.9960889570331,0.0,30.565265496152133,"Kolkata, India",735.2027055664491,1
maize,30.95563571456316,27.13656897746159,44.09607801192561,0.0,61.21322711554391,"Haryana, India",573.5022587520775,1
rice,3.022078746786342,16.544597877065627,74.71369617539077,0.0,22.621983447501105,"Kolkata, India",734.7312520311706,1
tomato,21.648954269116683,28.815567635896613,80.24696404106231,3.965893727745425,33.60388787104658,"Malda, West Bengal",426.0008832379113,1
rice,29.542426354129077,23.325827884178732,42.092321716684886,0.0,43.00611823409894,"Haryana, India",736.4501367075214,1
wheat,11.175326410961988,28.22227224802775,85.38839711982094,0.0,54.47577498225977,"Kolkata, India",374.50893699913206,1
cotton,20.902637771957824,26.062457137347554,79.0834463074402,0.0,50.31855676122294,"Kolkata, India",534.5291708455735,1
tomato,8.126009289661447,21.932012247446334,63.997756203191415,9.096524121508189,20.702157608653557,"Kolkata, India",148.93722681949225,1
wheat,46.71465747963667,20.8517237215379,56.019179600812166,0.0,53.70160249108849,"Malda, West Bengal",325.1294295209194,1
tomato,9.920900546222873,29.804303047828405,70.20865692561573,0.0,25.208274422878112,"Maharashtra, India",677.1759601039093,1
wheat,29.903628694950157,27.2270487088567,80.55365546750707,2.948821591623648,61.9757871690641,"Malda, West Bengal",218.14826138081452,1
rice,43.77288864475057,27.283866653903974,65.74038699485315,6.69417992129219,76.00650978559437,"Kolkata, India",292.69740378223827,1
maize,10.865093374377068,24.735508728130842,65.59243691618434,0.0,47.190085538083984,"Punjab, India",617.1724333874349,1
tomato,40.615424350478854,20.648268147598536,57.83663401654608,12.765345687145091,38.72832749979629,"Haryana, India",58.49662458294415,0
maize,36.40807372392934,30.170383305196175,65.05195758598079,5.640047984912533,43.929291884452624,"Kolkata, India",422.40080105080574,1
cotton,1.0578375863752154,24.91952781421969,37.91246610492438,0.0,76.4620582273727,"Punjab, India",499.1952781421969,1
wheat,9.664753816102852,27.2530391770786,54.750036731517554,3.3602271990979244,52.27757789864594,"Punjab, India",207.7177522949559,1
wheat,18.3139616105248,25.437631749225098,42.202594888371394,0.0,27.458278208895106,"Punjab, India",450.3031677453307,1
cotton,46.633258384687494,26.66349462804978,74.52800107605397,0.0,25.271420814880734,"Maharashtra, India",670.223175383494,1
maize,48.6564576094947,27.352415384685,97.15947243111665,12.04543421448001,55.426236846734895,"Maharashtra, India",52.21579956333426,0
cotton,1.7911226908937299,38.05666514300766,86.34924281599199,4.3361425011457335,36.57309011065699,"Kolkata, India",529.9534750240578,1
wheat,30.735520011672754,29.26236272719683,76.82427502461368,0.0,41.66038068905994,"Malda, West Bengal",430.5052874088842,1
maize,15.95334247022887,20.10966829244632,55.23841247094733,0.0,55.15304780312654,"Punjab, India",520.2572358582431,1
maize,21.010231367365517,18.16452718546923,50.296198653242826,0.0,68.8707727769842,"Maharashtra, India",474.80979904016147,1
rice,2.7906872705048285,25.323495794382765,76.21178025612447,0.0,74.7628451836249,"Kolkata, India",603.8819495325932,1
maize,40.32481915010864,30.68824913098551,61.546606760964984,0.0,32.32207302432391,"Haryana, India",782.1176226544147,1
rice,17.504880756783837,27.371104740644025,79.19904753610929,12.722356266692849,68.95035027066163,"Kolkata, India",35.04981479766843,0
cotton,35.58591174953536,25.62285240512135,64.54647881565728,4.853415232501164,74.58504311788246,"Punjab, India",263.5577624261553,1
cotton,27.662959940439162,22.52933045772179,52.23612628106582,0.0,33.15696486429965,"Punjab, India",579.111788093651,1
maize,16.944354111948563,22.906790089852358,49.658865727201714,0.0,61.29038192160098,"Malda, West Bengal",526.974690988376,1
tomato,28.096188604157398,28.965526996788697,44.978908953662255,0.0,32.711992383938146,"Haryana, India",630.3670405977603,1
tomato,20.624794419471133,16.39493430588372,76.55919139658836,5.428442028146227,47.32881034355851,"Malda, West Bengal",157.65324327098693,1
rice,27.623342051495165,29.536867585573724,66.09007436554806,0.0,51.72446069238676,"Haryana, India",774.0452910997948,1
maize,3.8762086197649106,27.530622036065903,67.03259776691881,0.0,32.68478094655425,"Kolkata, India",735.6742416689044,1
tomato,8.863232991997567,24.57604772858617,56.71941403174004,0.0,53.113708369948746,"Haryana, India",488.064601323402,1
cotton,0.7163469169076055,18.488055091552415,71.07186464782416,0.0,22.58404557836583,"Malda, West Bengal",575.8512320888519,1
cotton,41.9855652219941,23.584604632008748,62.712114752799735,0.0,20.862041551003376,"Punjab, India",651.7039677389319,1
tomato,36.66427593828255,26.32024422508851,60.93271034649906,37.9792285460155,71.4270770374341,"Malda, West Bengal",11.882198025796583,0
tomato,17.668743575990952,24.53741903225329,76.70992652088924,0.0,64.18501470658694,"Malda, West Bengal",445.8367712902796,1
tomato,19.0756113489115,23.244206060580343,55.62759209325464,0.0,28.852060343573797,"Punjab, India",580.296486632097,1
cotton,4.069565319029417,22.57083951808926,56.01454266958505,0.0,31.491553132693348,"Punjab, India",587.54005050531,1
cotton,6.182510467697115,26.3423167555798,69.98088191497789,0.0,72.04092131224145,"Punjab, India",513.4231675557979,1
maize,27.455118758767625,24.96426161686344,74.78459799984934,8.452789768526905,24.14206500785999,"Maharashtra, India",324.0450663078066,1
cotton,26.158734181945714,16.418496170011466,69.65187685242047,0.0,25.42917751097316,"Malda, West Bengal",536.6628615006994,1
rice,27.108190619004457,22.962632276804282,62.29371635057108,14.496029013711778,41.693115592167985,"Malda, West Bengal",138.4723098522337,1
maize,25.612545384457146,28.220241082108277,56.57477262682951,0.0,71.00902986263844,"Punjab, India",585.4226519031911,1
wheat,9.175894811016276,24.98808576661104,79.89756226362579,0.0,40.675027679577944,"Kolkata, India",400.04205651330835,1
tomato,45.42849016642234,25.36522908743116,59.79898358505937,0.0,22.70551831468268,"Punjab, India",633.6702985715737,1
rice,22.730966822829995,29.82099844029465,78.11291650266435,0.0,57.07992370981936,"Kolkata, India",742.8469591418336,1
cotton,47.70191091634122,29.436410182477275,71.10498987235779,0.0,39.35037133926919,"Punjab, India",629.5550623226723,1
cotton,34.81388401009952,26.414140800593515,58.41358973956899,25.52790678868159,38.759752600754624,"Punjab, India",97.63924464806257,0
cotton,34.97667935582641,25.927812057141214,59.898899745377015,0.0,28.55166764176451,"Malda, West Bengal",643.9736905279144,1
wheat,18.65036158698289,24.488566313771187,70.9737931959096,3.000092456137776,28.608756184736492,"Maharashtra, India",287.8398787653295,1
wheat,5.901075887186088,22.211510551281204,72.77011202994024,0.0,28.82600063019783,"Malda, West Bengal",416.98055717813344,1
wheat,31.41481896832067,20.843640665054387,67.28927433326086,0.0,57.023179590643316,"Maharashtra, India",320.9054846553807,1
wheat,43.85576590072204,12.9033426453608,97.27327847551243,0.0,63.75245535378879,"Malda, West Bengal",265.3233985175256,1
rice,25.479773226628307,26.91152724570241,55.31768331409076,0.0,33.4511930445354,"Haryana, India",850.6148535164111,1
tomato,6.45805570812137,29.3810299583583,65.74081282106535,0.0,60.509745745860016,"Punjab, India",499.170156484947,1
rice,18.09371226014349,17.03995771440675,64.52005368582448,0.0,36.84652443561459,"Punjab, India",671.7319778703667,1
tomato,16.432161891300353,24.255740014044,80.32561720360553,0.0,30.511871254289673,"Malda, West Bengal",585.1055658994989,1
rice,9.317361139231181,26.653652878236855,58.18610780576413,0.0,34.87670862524487,"Maharashtra, India",837.553390612375,1
cotton,1.4509213871389843,23.713435467216478,56.55675387688387,0.0,56.57721702793286,"Haryana, India",487.13435467216476,1
tomato,28.866997596588103,20.23098153382046,74.58722845202067,0.0,27.995390349980696,"Malda, West Bengal",547.5397963764378,1
maize,11.43120440915171,24.131887333424945,80.3151435136536,0.0,56.871747995843414,"Kolkata, India",557.3574224197405,1
wheat,29.108881175034597,18.577173830144723,69.27115058505805,0.0,52.71204410921381,"Punjab, India",312.0194024208076,1
tomato,47.84277129779754,30.012597216221167,71.49605913500316,2.502936765613226,70.25597405034623,"Maharashtra, India",369.9665366653292,1
tomato,40.82303087655858,21.569436743261747,38.803101344833735,0.0,74.9196042159256,"Haryana, India",419.1249306893557,1
wheat,43.14316815941301,22.77045913368852,80.26014125707297,2.4757545331248303,20.944436667003078,"Malda, West Bengal",324.48498003273505,1
maize,10.103089813553044,29.179325328747854,76.51515145933001,0.0,31.248759849915203,"Maharashtra, India",767.3220859228304,1
rice,43.4649987357675,29.359222849370454,60.492974252171585,0.0,63.879450600466285,"Punjab, India",692.2356712448257,1
cotton,13.906383865935457,20.86312516462468,70.28545093788964,0.0,33.14568936200692,"Maharashtra, India",558.8619500639334,1
cotton,8.107200784972457,33.00588734744348,71.8332409313627,0.0,48.56548339306015,"Haryana, India",617.3828580181756,1
tomato,29.38307848073574,31.38382803090796,72.12998141628589,0.0,32.32437983598852,"Kolkata, India",660.5819803029976,1
maize,39.49996603431105,26.375290341581522,55.652894700945545,0.0,53.10146276650613,"Punjab, India",604.1137726207221,1
maize,49.32960030511118,27.983362632703844,51.3405175277496,0.0,62.47155201641832,"Haryana, India",582.8169889597423,1
tomato,13.740328599515594,25.202892142802686,72.57735728664676,9.674231153445348,69.96297748625364,"Kolkata, India",1.8260292852241946,0
tomato,14.784662510579695,18.608788487104057,60.39879265646785,0.0,26.93976327103104,"Punjab, India",532.0455921697826,1
cotton,9.296777580082606,20.59500093334556,41.356970170380315,16.572086252142512,42.84361819746644,"Punjab, India",11.377033296717855,0
wheat,1.4108769566689379,23.25542799445488,50.58422749400418,11.19114696251394,23.0499259120474,"Punjab, India",95.71151093099286,1
tomato,38.18474593842113,26.57136496065111,59.99238514232495,14.904919946061465,44.090534028470536,"Kolkata, India",99.5884005972191,0
rice,2.8242249420038736,21.727771332243464,66.29476497114477,8.796681198267354,46.984070064198434,"Punjab, India",249.95716939824263,1
rice,27.466391985765178,22.039076361804465,69.8531461657523,0.0,43.99856894522853,"Kolkata, India",711.2389124498443,1
cotton,32.41248755838035,26.318346723413505,65.20392624559334,20.236239733581726,79.36130090765116,"Punjab, India",13.18346723413515,0
tomato,48.49472165450273,15.6297224863439,81.96332234522522,0.0,59.45329255000033,"Punjab, India",376.80832141424577,1
tomato,20.223715095581387,24.734983281485665,55.741246265682314,0.0,71.39690769884727,"Punjab, India",447.614849533371,1
rice,1.5999613176389427,33.68956546288195,82.56100737187329,8.475315730525494,79.51140771486251,"Kolkata, India",280.5089990283087,1
rice,17.878207830247547,22.328760655739472,69.51918961019564,27.892638651068687,34.352002470159846,"Maharashtra, India",170.40619302241726,1
cotton,27.416973477502815,26.86488906759955,72.45650127114334,13.810041774277835,50.243688961039574,"Malda, West Bengal",43.31744511666375,0
wheat,38.84839141155396,24.253432890641623,34.338806140675864,0.0,79.13447779426077,"Punjab, India",344.77403023449136,1
maize,22.72210654895881,26.06450647784153,66.92710161325282,0.0,51.38365453838311,"Malda, West Bengal",610.1084084066631,1
tomato,1.5936404816863552,28.29410122344732,57.71119836842058,0.0,76.72207848872016,"Punjab, India",479.6469110110259,1
maize,28.128065057812435,32.031253997163574,98.40300215856979,0.0,45.13239360172115,"Kolkata, India",720.6148000201099,1
rice,38.458101929365974,24.90771236574144,41.70130056938496,2.1880336901595285,59.971849587696894,"Maharashtra, India",549.5487094414348,1
cotton,13.122587022332532,28.25959547637082,54.85401457068421,0.0,40.20740695048164,"Punjab, India",611.3807069501005,1
rice,0.6350728533942794,21.790117354689492,65.55832578636286,2.113026172724685,33.631724881262194,"Malda, West Bengal",660.0312029152448,1
maize,2.0625910722891256,32.276131233172904,74.68654100384583,11.038923541877644,79.91923511653266,"Haryana, India",80.03744356490188,0
tomato,0.6322141716993332,23.13402096265557,66.56528085980094,5.509530789552484,39.30419097877774,"Haryana, India",258.2153293768701,1
rice,37.57825280431619,23.03465804643553,63.69343489454252,6.505726288309411,79.97937853738031,"Kolkata, India",251.1295821417558,1
maize,3.9663582057431106,29.768100177347712,85.67444883834641,0.0,33.33135057249804,"Maharashtra, India",763.1141409292242,1
cotton,39.77019248543381,30.7797343754718,76.68172288178972,0.0,26.24004054982764,"Malda, West Bengal",718.2196336327133,1
tomato,3.4108244274710855,23.970279185764547,75.39238054819974,11.491364201079982,38.20012294369923,"Kolkata, India",97.8299713982932,0
rice,7.39986309965236,27.576698951969185,92.8350001329629,12.543828128762744,56.56800818638837,"Kolkata, India",115.66556221277904,1
rice,7.104317384164368,24.823644126159362,76.36071664523138,6.540964861230613,44.516488395182236,"Malda, West Bengal",423.1972560463768,1
maize,35.08093157641621,29.40281421468747,60.43803223264925,0.0,65.87761346166769,"Haryana, India",598.4309563615622,1
cotton,47.91684629859944,27.622333252981843,74.80984047549809,0.0,66.57666529753985,"Kolkata, India",526.2233325298184,1
maize,26.652667259445245,26.675089774264404,73.41097890387992,0.0,45.566686181608134,"Kolkata, India",650.4686941205167,1
cotton,47.60133626439717,28.01649371525893,79.00259023220565,0.0,24.361520355127787,"Malda, West Bengal",692.5994135063348,1
wheat,5.537406929292594,27.491295075340968,66.44268411357125,21.675827733625784,46.74491738408433,"Kolkata, India",47.77146394982111,0
wheat,32.81721810202291,22.410528306398962,57.15888465943761,17.92867826969487,55.17661090517711,"Maharashtra, India",0.0,0
cotton,22.30238960840247,23.439813235791622,68.76234124827903,0.0,27.56038319802043,"Malda, West Bengal",617.3151236728743,1
rice,27.67366401014689,26.175382105428746,76.11723730322967,38.9543609859711,32.802209429317664,"Kolkata, India",242.53792277703087,1
rice,45.711131777977066,32.133011370957476,64.53211367269769,4.568666429152677,49.71218053106213,"Maharashtra, India",596.2553214431471,1
tomato,5.855239537570699,28.774411525478428,76.46603397503765,13.721173854500599,20.002887433658707,"Malda, West Bengal",239.64285351013746,1
tomato,18.93276982535998,25.032411454058117,61.79085024790648,7.4127496511383,60.12905563760995,"Haryana, India",90.330386278248,0
rice,45.72134651404549,31.808034702334062,65.58928064117401,0.0,24.511793252574748,"Haryana, India",991.7878917225703,1
tomato,12.335221952837452,32.859010852088396,79.98136226640126,0.0,47.27576641728321,"Kolkata, India",600.0084163157381,1
tomato,45.89405380599879,19.481526149228564,67.86478518960797,0.0,78.1971228690312,"Punjab, India",400.33373534305707,1
wheat,5.338450915410321,20.167056267344215,88.75519444816022,7.811576064114476,70.64840012391198,"Malda, West Bengal",0.0,0
tomato,14.952812428945437,18.901321968368258,39.96469580587841,0.0,59.77975378393405,"Punjab, India",405.85991416214154,1
maize,12.457195607211869,25.151781748274363,78.92673313477977,0.0,46.33579661497785,"Kolkata, India",627.0508552832808,1
maize,4.811165419325021,28.768361502858365,74.67548572473088,0.0,47.15599729626268,"Malda, West Bengal",667.4180843884482,1
maize,48.084078796475374,28.341183476252123,43.592264400133104,2.3213840075189918,45.98327310568956,"Kolkata, India",552.9273859734761,1
rice,28.489415308998357,24.559846302803894,83.83057398581605,0.0,36.30762515742049,"Malda, West Bengal",795.0928258866104,1
rice,24.55643048101234,21.862141597884705,69.31579623003286,9.345017848362385,51.72767670822493,"Punjab, India",197.84843092707598,1
rice,48.431800708489035,25.62695485903369,53.91846448379591,0.0,79.1480810449113,"Punjab, India",607.5234583084043,1
rice,26.32857585660106,24.12669218746374,44.051096143229074,0.0,63.51202379574522,"Haryana, India",627.7682434382865,1
maize,6.760036219042169,29.38841389209575,61.06976092380669,0.0,59.51571087130828,"Haryana, India",601.1699217462732,1
rice,11.780708336641373,21.03197883388305,68.73942280471957,0.0,31.401104294927663,"Punjab, India",765.5977720194545,1
wheat,14.562457985780952,25.32026020971163,77.84544872574564,0.0,47.59593179752332,"Malda, West Bengal",378.3220461671169,1
rice,8.813733116187006,26.578974957787143,83.15906484869386,0.0,24.830981159511992,"Kolkata, India",898.5203024904072,1
maize,15.34819081863381,28.2854676136411,61.18129154083594,0.0,23.73953014304464,"Punjab, India",798.6773138940546,1
maize,22.593534273171578,23.833579131860727,79.30873289065691,0.0,57.01634828288288,"Malda, West Bengal",553.1966335957405,1
wheat,16.61791810280939,28.26932252321189,46.492025773893154,0.0,74.63096059592039,"Punjab, India",372.88525766248324,1
rice,46.11836513599606,25.60570571727754,71.43951292877048,23.03108300950985,67.17056629545489,"Malda, West Bengal",24.450727335181227,0
maize,40.11270562557031,27.69356653751176,54.73710568944808,8.156510390014555,29.237378127417845,"Malda, West Bengal",350.11286128813606,1
rice,44.92914128936512,27.806559356555145,89.59462648083638,0.0,56.53119501333214,"Maharashtra, India",719.0276622775029,1
tomato,45.952904863134904,25.951498814673272,63.64585243918309,18.871722769693786,55.109911190200854,"Haryana, India",42.4517384430124,0
rice,39.01546608051267,24.337872075283315,60.84797729026143,34.7707886131609,50.040624488328575,"Punjab, India",110.22483878708613,1
cotton,4.823350498640244,16.8640203126437,42.790494290011296,0.0,38.46153461918439,"Haryana, India",487.876868190679,1
wheat,9.059084748030848,29.321376021285626,57.22387814134697,0.0,37.87847314079866,"Haryana, India",445.3541750494046,1
wheat,41.592096570103415,27.695570115466488,66.90310125397056,11.20030097031039,66.51973885720554,"Maharashtra, India",18.86899080826538,0
tomato,31.688620918116985,34.542115643124546,67.71177009498179,0.0,49.200117020530406,"Kolkata, India",607.1503261244452,1
maize,6.742444076171917,40.0,39.306436572748055,29.429422551598567,33.64853879877748,"Haryana, India",353.41294758874096,1
cotton,8.169019498813803,16.47737740215677,73.54412261710863,0.0,33.47701498749211,"Malda, West Bengal",504.045471240043,1
rice,39.07171922857164,19.081032345554533,82.25879048224203,22.06749322696182,30.18770029614076,"Malda, West Bengal",139.56846066626213,1
cotton,24.190471240499946,32.16519566725473,46.85928777507817,0.0,42.24281381874265,"Haryana, India",644.5786610940647,1
cotton,39.78672862262962,19.643597280878744,52.46087364400676,6.935548163044099,43.359435303591255,"Haryana, India",151.62623289943116,1
rice,11.168012218465721,17.367320766776263,42.93451407441415,0.0,72.12556320366608,"Punjab, India",508.4078492013151,1
maize,1.511441720540488,33.99074552015839,71.16301335054467,7.492336579740641,47.07260859545402,"Malda, West Bengal",358.1669819590663,1
cotton,15.493651237848116,22.55555950749787,80.84998282853678,8.529313431142356,75.58177816508068,"Malda, West Bengal",49.08992351786088,0
rice,35.43426593677644,18.28768004625243,59.81593015127341,0.0,42.03856913652079,"Haryana, India",664.6984172974726,1
rice,1.1838660853621474,27.033949995257927,73.84199616914427,9.101157346738656,59.5802025619747,"Maharashtra, India",234.41151886827328,1
cotton,31.969098197744266,23.277135340881042,74.93086402047938,0.0,36.59388874493747,"Malda, West Bengal",571.6307858248072,1
rice,35.59979073048056,32.20482799369266,58.198230626140656,0.0,21.717902284018493,"Haryana, India",1017.8942273263981,1
maize,2.6452672984727466,33.69423645234672,79.11262283037823,2.492027081436489,67.09472926704375,"Malda, West Bengal",521.0352469039896,1
cotton,38.25205691118828,26.391928476604413,71.12326824390263,2.153395227023438,62.048148878116635,"Punjab, India",406.2495234148722,1
rice,37.65287338012934,26.735040863394715,68.08579064390575,0.0,75.38793916043436,"Punjab, India",620.8204903607365,1
cotton,46.70386576281168,26.601749576885855,62.204568950760695,0.0,79.82681804076435,"Haryana, India",516.0174957688586,1
tomato,20.7176155061568,16.764165574182645,89.5540948217203,0.0,48.94996249194477,"Kolkata, India",426.8090310696962,1
cotton,40.756120080534,36.2140789839501,64.20780446164285,0.0,43.48340158819997,"Maharashtra, India",682.6385863201372,1
tomato,25.15933657652359,30.421627188513526,58.424097177101956,0.0,32.229120811093,"Maharashtra, India",649.7841689934739,1
cotton,16.79970520508209,24.26565212881633,62.60656486518798,0.0,34.31745462478381,"Maharashtra, India",594.5504298475493,1
maize,20.01073091663032,36.49457739734141,49.05948485436753,0.0,33.8669182908867,"Haryana, India",853.2150611078882,1
cotton,31.30491652535072,32.646972933739974,67.28319655330648,6.023098655678513,24.229645571154073,"Malda, West Bengal",452.6965754456006,1
rice,35.98960422354958,23.58941832031323,77.1958575734134,6.730899292539281,64.62546572846058,"Kolkata, India",277.86551449639734,1
maize,1.2238901289958617,23.98378880721438,46.86568441826455,0.0,50.084393462566574,"Maharashtra, India",592.2491142971162,1
cotton,19.807329725610316,35.42914381849889,47.94843126946838,6.933978125203451,58.79327821486708,"Haryana, India",257.5925319248165,1
cotton,32.980693732837636,25.071316182907506,43.872359216789455,0.0,65.8709936621679,"Haryana, India",500.7131618290751,1
rice,5.102179015567114,24.740151672266048,74.54273500247308,0.0,24.115609424473746,"Malda, West Bengal",870.757405661133,1
wheat,49.39111004167359,30.507010450806924,52.36276123513007,0.0,75.23696505353873,"Malda, West Bengal",388.5490731556485,1
rice,5.1611085382150765,28.575127831714035,75.08762507133136,27.245059628366988,49.35811843021212,"Maharashtra, India",175.60850723518683,1
tomato,40.87970357912719,16.639291722146965,49.110103975222245,36.54939630961333,32.78830852154259,"Maharashtra, India",36.099266512015106,1
wheat,12.520792998522161,26.010592105087362,52.85305452613163,0.0,29.801841314054627,"Haryana, India",447.0502543525732,1
maize,12.473290075147982,26.17837809489698,60.657747672144275,18.87309536208912,74.94583185086705,"Maharashtra, India",12.96215904386679,0
cotton,6.846343123421386,29.67121791643041,61.414663042578184,0.0,78.03243809634142,"Malda, West Bengal",546.7121791643042,1
rice,25.53678322242259,26.828763059261842,78.76333562288382,12.96167109036881,70.01140653085986,"Malda, West Bengal",21.94515671114209,0
tomato,26.006341393548226,24.423312154526666,67.52231479919298,2.5211851819818323,56.56374580593444,"Maharashtra, India",345.1555912572212,1
maize,26.821265214924747,24.02553010303119,55.133951297206714,0.0,23.191120488028968,"Haryana, India",737.7840624963712,1
rice,49.80770092454916,28.518979418754093,56.32136706303516,0.0,47.1875244142163,"Punjab, India",788.7358023890157,1
rice,39.98647538762515,25.842004597291787,50.484862481301136,11.564940836084775,33.079608865062184,"Punjab, India",257.10981686122113,1
maize,11.763048397658714,20.52472437297412,59.392317733033096,0.0,25.422412278349036,"Kolkata, India",673.9268346588697,1
rice,7.875614089139114,31.372030947451954,61.763939675672695,3.9873952664604655,75.79583977254222,"Kolkata, India",477.0946080464002,1
cotton,17.27595606254428,32.12707059124368,84.64741001649273,0.0,71.97067529870314,"Maharashtra, India",571.2707059124368,1
rice,42.52049542187255,35.32337325292379,57.93334423807304,0.0,54.69070889975739,"Punjab, India",834.7014487883974,1
cotton,23.78709253674474,27.991892096936983,63.14992685290247,0.0,79.57449152312681,"Malda, West Bengal",529.9189209693699,1
wheat,40.106828148005114,22.694693321124433,62.52822039761288,0.0,65.3115355775447,"Kolkata, India",333.86285324787104,1
cotton,37.505116914060764,35.44155905726441,68.9403701605249,0.0,78.53912788347628,"Kolkata, India",604.4155905726442,1
tomato,38.291303488417256,23.419677407929157,48.048308294910086,0.0,64.52796713747826,"Haryana, India",435.7770966713624,1
cotton,47.077748410145176,24.680642667118796,79.69267315037327,5.864126962114529,31.624310687902923,"Maharashtra, India",319.7320053466497,1
maize,39.398502032568096,29.535530800532815,47.825013979155784,0.0,26.44995925953454,"Haryana, India",801.1544596235474,1
cotton,37.58999912738964,26.064163035626734,54.30367196457513,0.0,59.23528219554509,"Punjab, India",510.6416303562673,1
tomato,29.56161607562035,28.749360989676372,70.96793777330814,0.0,64.18637852679615,"Maharashtra, India",483.74424890708735,1
tomato,49.70940438176374,34.43404865874689,49.3780317043807,0.0,63.242927099432016,"Punjab, India",534.906437928722,1
rice,41.034320936727596,18.561085761536877,69.07179306837557,0.0,45.62798115185429,"Punjab, India",650.1336215255468,1
cotton,49.674109685152565,34.49005420042736,41.77353811107027,0.0,77.652568107196,"Maharashtra, India",594.9005420042736,1
maize,26.490133786177548,17.223706001680185,58.66059592470409,0.0,76.81033293050885,"Haryana, India",464.460766018482,1
tomato,35.783876823388674,33.9185877281977,73.28766851441058,2.2745717667750442,25.000959615251123,"Malda, West Bengal",615.383846271912,1
maize,12.154782208533684,26.146055078553697,73.34493208345343,0.0,36.7292081748018,"Malda, West Bengal",693.5296179095366,1
cotton,17.105364749987217,26.746074669817723,83.955024193925,0.0,55.52017892956072,"Maharashtra, India",517.4607466981772,1
cotton,4.973302551367668,27.674549682299702,69.6639872460101,0.0,39.653105890445715,"Haryana, India",607.5845704472679,1
maize,48.97534987216156,27.88648606573654,74.98928866462586,4.481425183183893,50.44714380421141,"Kolkata, India",413.2539571334287,1
rice,5.938341152058818,24.92614613531289,40.04034754720301,0.0,79.03915931866365,"Haryana, India",599.1137536237547,1
rice,19.444746941151152,25.176110704482358,74.95066075299115,4.981495225308644,53.24012490113577,"Kolkata, India",453.9520089908251,1
wheat,34.481519766339986,16.071957705936583,67.95017136802375,0.0,47.586352595495626,"Haryana, India",308.81821482667317,1
tomato,18.148836089106474,38.220292559683735,75.73082130927449,13.720212094697413,23.66202311439427,"Kolkata, India",339.9639765392342,1
maize,40.92007688209227,20.13091001450788,38.241598354481525,0.0,28.044966317298993,"Haryana, India",655.077582620487,1
cotton,6.36777638029459,36.63648706874784,36.54576115195464,2.269927349317305,63.161349905031386,"Haryana, India",502.86850322161314,1
rice,48.68342914195363,29.35298313055535,58.609571114219115,2.6152850680559565,48.331016398068044,"Malda, West Bengal",662.804412184517,1
maize,36.751278947570945,23.439314941443534,71.50770524584632,43.54680143301476,50.8767674742657,"Kolkata, India",31.444009051666058,0
tomato,34.30542098611763,25.971317491838743,69.99414607939069,0.0,72.88131441834497,"Maharashtra, India",458.7418574265487,1
maize,17.666709879506186,28.5100094453328,52.9313743780695,8.732762738833456,41.30997148344251,"Malda, West Bengal",261.9833632269863,1
cotton,18.019346654696907,18.416669150690872,77.26283005325678,21.37348235096377,65.2302955511226,"Maharashtra, India",0.0,0
wheat,40.648399639230206,30.138999546266145,84.26658443012136,0.0,66.44861718449383,"Maharashtra, India",385.972996823863,1
wheat,28.12788539020495,32.64383353938997,50.92527626807693,7.288598844805384,39.096578920609154,"Haryana, India",117.67822579423603,1
rice,36.91659305917512,30.076907611920333,39.172837393104665,0.0,31.76111871829149,"Punjab, India",913.6524111273459,1
rice,45.35495140932872,27.3157403573507,62.744375216190356,2.996978844804463,43.307800470406434,"Maharashtra, India",645.510603666803,1
cotton,27.39976922230034,34.33421532150223,55.100667234238585,0.0,40.77645598864451,"Maharashtra, India",677.7364355154853,1
wheat,15.168347429046896,24.49509826920331,48.781491749995226,8.214681343676933,33.26017353947886,"Punjab, India",71.7867271757475,1
cotton,1.864627921374359,19.757091554501176,72.06816361791404,22.34086513237607,60.29166726884406,"Malda, West Bengal",0.0,0
rice,21.196332277927866,23.33752371223503,52.99198354945051,0.0,29.362915863907944,"Haryana, India",815.7658067097532,1
tomato,44.64839527227888,27.123177761049746,63.47065899587516,0.0,47.748012386025124,"Kolkata, India",538.3114423953291,1
tomato,31.885394633600068,26.692972165579313,61.93655316631493,0.0,70.51764087402765,"Punjab, India",465.2367494902138,1
wheat,27.100269801728523,14.803386667178874,85.44333486971234,0.0,44.02428423260222,"Malda, West Bengal",309.2046527749671,1
cotton,18.2789323829046,13.023665546001919,64.71875676058166,0.0,62.47829045839294,"Maharashtra, India",380.23665546001916,1
cotton,5.576132233270005,22.91925935553686,51.07325346473915,0.0,35.70929393484794,"Haryana, India",571.6322282641136,1
tomato,37.310064445206116,22.058394825199514,54.137271744171976,0.0,72.0023918113684,"Punjab, India",423.5255534267956,1
maize,31.22972482777106,20.516933655018995,58.82975402343439,17.02117369584755,47.10614704374113,"Punjab, India",15.244021657645476,0
tomato,28.949315751173685,29.126430183307033,71.70995513890416,9.831249076487964,23.488315997962086,"Malda, West Bengal",227.17855879202193,1
cotton,8.59454732610196,26.6965728339904,65.91347718084542,12.59752058381151,48.26404866470844,"Kolkata, India",51.78828822101548,0
cotton,23.740360497579537,23.419419167613864,60.4190483471586,0.0,37.72537905659633,"Punjab, India",567.836902918169,1
rice,27.01369912258881,31.964517591013262,85.16791846711011,12.049535449935265,37.21126603362863,"Punjab, India",307.70954062988915,1
cotton,36.913395435766695,22.51484265317569,72.8483969535545,0.0,72.10377256771403,"Malda, West Bengal",475.1484265317569,1
wheat,41.043344055632815,24.402437750404825,60.1486117993516,0.0,31.68762701825611,"Haryana, India",426.4352281059713,1
rice,5.624662216693124,23.40271728204088,59.34956882216271,0.0,30.4253417737894,"Malda, West Bengal",810.6951266232904,1
wheat,26.03898082005137,21.697841703314836,71.23254804091235,5.0484727238258476,31.17329656766692,"Malda, West Bengal",152.34714949555578,1
rice,5.852532630799067,34.779768620334046,77.76839148130242,0.0,69.57748189624114,"Kolkata, India",720.3881875816814,1
maize,22.062786962200082,33.97014236533632,79.90961612392653,0.0,63.73792562587286,"Malda, West Bengal",648.6715660186995,1
cotton,5.164290402572949,31.43431583037291,64.4433685479671,0.0,61.60174620206756,"Haryana, India",564.3431583037291,1
wheat,8.045235059873638,22.889406241593864,64.68002291254106,0.0,26.566599626196126,"Maharashtra, India",430.54194998432564,1
cotton,12.436282376645195,27.49135116248374,63.36380542833345,0.0,78.82879094063283,"Haryana, India",524.9135116248374,1
maize,31.851216642668223,27.60917595011385,47.18642304383054,0.0,78.15475605266542,"Haryana, India",578.7009354512523,1
tomato,40.558034768707415,28.747775187225642,57.25888524619278,0.0,24.43530299874582,"Punjab, India",667.8603266144253,1
wheat,17.197232387478866,23.847926456563577,83.68189023748577,0.0,56.14611533542642,"Malda, West Bengal",341.93548519594503,1
tomato,46.92035536167994,34.26817608014929,64.65249195409085,0.0,73.9331452317287,"Malda, West Bengal",533.4135847213437,1
wheat,6.215111209835014,31.880938189435987,100.0,19.552203384235632,31.222829892052967,"Kolkata, India",142.8393093521408,1
wheat,27.997829450583907,25.844676365848663,85.41750140845684,10.66399811929653,39.00172492777378,"Kolkata, India",62.8526328530823,0
wheat,41.2482018485405,29.733444799676562,66.3823656773027,4.824356484085163,33.56979502762131,"Malda, West Bengal",224.0227152565788,1
wheat,15.783272822487397,19.588871254466,54.234083676009085,0.0,34.684636435929804,"Punjab, India",375.53083791248173,1
rice,47.22294556760745,23.750296687270424,63.990651872944,0.0,34.98939278516701,"Punjab, India",789.8168589181969,1
maize,41.10788674559334,24.26090751540639,74.89009724484097,4.312247217889456,66.26339425438792,"Maharashtra, India",326.2576217749976,1
wheat,31.36570269617297,24.05615624785209,57.38122556641515,0.0,70.6165897482465,"Malda, West Bengal",343.3930937349646,1
tomato,48.905646966567744,22.915723334482113,78.46722338770843,0.0,65.79667309561863,"Malda, West Bengal",431.241510010339,1
tomato,41.097131363617564,26.657613650390783,53.246203156790195,0.0,23.512485317004675,"Haryana, India",646.178700214997,1
cotton,41.08390713539087,26.849896069403734,51.95987002045754,3.1623885662874094,41.05102074610921,"Punjab, India",432.7048448385176,1
cotton,42.37213253813709,27.964770315867206,75.59778494786624,9.407568997327594,31.051311531402284,"Malda, West Bengal",186.1129317028459,1
tomato,36.88318351880949,26.598859089506217,59.412817461460136,0.0,45.74739906691329,"Maharashtra, India",542.1870903491724,1
cotton,49.57432680683071,18.850480694183023,67.301653220072,0.0,29.5586441315009,"Maharashtra, India",550.0663753763762,1
wheat,10.689044706266172,26.623119070295694,61.60532549873855,0.0,31.6811003780112,"Maharashtra, India",445.627436716264,1
tomato,12.517599216032936,28.27895337686249,53.325149856325204,0.0,61.143326375846556,"Haryana, India",486.0159739609625,1
wheat,35.56816836790602,30.756683264623067,83.53938798157975,5.714890171764248,40.60588290738498,"Kolkata, India",160.7320501966273,1
tomato,17.54353204325133,29.43588203143103,77.96766292493686,5.5151900650718035,57.41981886711953,"Malda, West Bengal",239.05240770558953,1
tomato,24.188656396477455,13.413848116848323,73.10812736049955,0.0,64.63298665655012,"Malda, West Bengal",345.72463305163495,1
wheat,34.590112971092786,24.144040243692366,45.56530175591844,0.0,54.03038601111209,"Haryana, India",347.3438341281994,1
tomato,11.919458110708318,31.97954877652272,72.3976613037245,9.609106779872548,72.36789787394127,"Kolkata, India",62.81593898870449,0
maize,44.362940567426634,23.49889738075421,61.41373334957345,14.0790960454581,72.24318059935663,"Maharashtra, India",0.0,0
rice,46.47188608235727,19.86564941100987,80.6399744657785,0.0,25.641844888053605,"Malda, West Bengal",777.2066852247322,1
maize,11.30991544768804,28.12831201668017,62.18205973027789,17.407084343714907,58.479132809791295,"Punjab, India",43.299553911389125,0
tomato,45.11522442559742,33.734948490877485,54.309386091534265,0.0,47.59869881067595,"Punjab, India",607.3849806200773,1
maize,13.092246010010925,24.82598658266307,69.60958641857302,12.671371930229316,69.70214043381186,"Maharashtra, India",0.0,0
cotton,36.22343716573104,21.65194831628007,66.75582097844004,22.01250254469687,71.43988220795957,"Malda, West Bengal",0.0,0
cotton,4.261438268829309,36.55806609208986,75.22766742366719,0.0,58.63179410062581,"Malda, West Bengal",615.5806609208986,1
tomato,12.881638164683594,34.47215463450612,53.960396403108746,27.76882637855347,35.83750809482249,"Haryana, India",227.96021744789368,1
tomato,13.007373491900056,26.62408781306827,61.719296296353235,0.0,52.968468781129445,"Maharashtra, India",508.9018847348523,1
tomato,35.48664397792493,24.142830206850427,71.76049687252278,0.0,27.1634466359425,"Malda, West Bengal",598.5739136475207,1
wheat,30.272604703738445,25.37190019661933,66.85802722043142,4.850991038730719,22.32020264112861,"Malda, West Bengal",225.28379381027628,1
cotton,35.294589404067416,25.12431816376622,71.8677190398534,0.0,40.41718802590381,"Punjab, India",574.33853234886,1
rice,46.992762282317884,31.044076775219477,48.8295021183975,0.0,67.45505601668773,"Haryana, India",689.6444056213599,1
tomato,31.356852630934412,34.473166518700644,71.02500969808868,15.499770946298149,66.70860974697422,"Maharashtra, India",85.25849866830583,0
cotton,46.14977131456537,36.66914481164709,59.706418689722106,0.0,39.69347257130145,"Maharashtra, India",711.0854937728569,1
cotton,21.65189656848059,27.98411222763562,68.98306074013554,0.0,60.00916809775091,"Maharashtra, India",529.8411222763561,1
maize,23.97042858708364,21.22296229769764,56.96102114069972,0.0,75.08568759203234,"Punjab, India",508.45258527467405,1
rice,46.32083794949527,25.87813856341133,44.369613859324865,0.0,26.87052715473549,"Punjab, India",873.8593382315266,1
maize,18.58465334113926,27.271710634689665,43.58772322437069,0.0,31.60579756448419,"Haryana, India",738.2523056569154,1
wheat,13.261293891102477,19.36598398646622,73.21615752237163,0.0,42.44031196239736,"Maharashtra, India",349.5674921898538,1
wheat,40.00970895385885,28.807833674366123,67.69896986384661,4.081287398188656,53.92014098258443,"Malda, West Bengal",176.65780701919033,1
cotton,7.371425771044384,26.800655763803015,47.41471301285407,8.902666139420502,42.20372377219853,"Haryana, India",139.158800660493,1
tomato,48.08440293508873,27.02950353400173,80.52241410943917,2.5974195621093665,76.83366808765938,"Malda, West Bengal",338.39455370054725,1
rice,1.4250785214943509,31.26845299155945,71.78520883424662,4.1886070668824225,78.72063900917544,"Kolkata, India",465.7910825545922,1
cotton,48.39937780824783,21.141044954987827,59.007995008305365,0.0,35.11641274454681,"Punjab, India",553.1553988919071,1
cotton,8.209780459301019,25.73651730163254,58.12722494057123,8.412005216424202,47.71604437159145,"Malda, West Bengal",123.72116627162268,1
maize,15.162416770101833,36.056798966603,69.0136750592224,0.0,77.24407069880822,"Maharashtra, India",671.624788632633,1
cotton,45.142177834270534,27.86306340538056,39.36364004845197,0.0,79.36712660840502,"Haryana, India",528.6306340538056,1
rice,30.77776784270581,28.116534774127228,47.62357220779332,0.0,76.79035972384746,"Punjab, India",637.3984172895268,1
maize,29.23630947065796,27.543051639748693,54.467936039573374,0.0,45.113935888241514,"Maharashtra, India",664.0110839242765,1
tomato,28.760646514118463,38.212155787304695,72.72420680648156,4.919890776481383,36.722726224816746,"Kolkata, India",469.56419737007303,1
tomato,11.672301988270432,33.05105938539179,71.44434502695518,0.0,72.54327788415006,"Maharashtra, India",522.4595344685262,1
tomato,43.96386866319577,18.634344075886453,70.50254687716908,0.0,62.63063897186548,"Punjab, India",392.7090966829781,1
rice,46.48004641944813,31.53749620059078,83.05645561840046,0.0,37.56835992170617,"Malda, West Bengal",898.4824017317454,1
tomato,20.80241113448767,27.20124015105199,51.76650461637364,4.115467808210687,69.06195871085635,"Punjab, India",264.03777094893354,1
tomato,5.779309512682537,34.701942618569234,67.50730663146553,3.0482999882241213,69.01651992020126,"Maharashtra, India",384.902484155917,1
rice,22.71031027969166,28.205081517050722,55.07129633425116,9.309475594372222,46.39371212153496,"Maharashtra, India",323.7041349926415,1
tomato,38.855565230717495,21.347301734094355,80.59458668767058,2.7388771966493626,47.10042368451029,"Kolkata, India",344.41744868079036,1
tomato,28.25454196448117,17.343377105618423,50.010212569441144,24.24129404074537,20.68240196027892,"Haryana, India",90.45324306080295,1
tomato,49.842141546126605,26.434319214096753,73.25263603127388,2.144744572835108,21.25168835824454,"Punjab, India",546.6137388073289,1
maize,6.516282931547606,13.108701895575,56.63879401997709,0.0,73.24895102409033,"Punjab, India",419.19572085132506,1
wheat,1.5034329477965387,33.99687292540204,60.968461376020706,12.470721261227974,79.53555222598763,"Maharashtra, India",62.978110477814255,0
tomato,4.350367409923164,19.97183298468606,64.23951092302957,0.0,35.85711327274892,"Maharashtra, India",512.5826475536805,1
wheat,39.590529861457924,20.737066631597735,60.06682847848074,0.0,64.86146054771822,"Haryana, India",320.15946642118416,1
wheat,22.89726749550995,40.0,65.58695226424739,0.0,51.04006990876971,"Haryana, India",473.01768191509785,1
tomato,31.12275506904013,26.586501234368694,83.09231953587566,0.0,78.36482182529254,"Kolkata, India",464.2785111093183,1
wheat,41.16182959650752,32.2334991250805,44.99794774915033,0.0,79.6220314032923,"Haryana, India",400.6344938755635,1
maize,37.022701845043194,25.739827846874775,48.7233285867093,20.361600574909712,70.39449992096425,"Haryana, India",8.138106315622508,0
maize,5.817512152885275,26.186675385553563,54.72083076032519,0.0,65.51269525379682,"Haryana, India",563.0534292410891,1
wheat,21.132911944280174,21.875802396371338,58.92042581918533,0.0,23.872868301432995,"Haryana, India",430.2682660013491,1
maize,46.32908536075615,22.369842696055738,73.61362818704616,0.0,26.17320846491032,"Punjab, India",697.3289469888547,1
cotton,31.697360523013007,23.600447408002264,55.30601840804196,0.0,35.958316625853556,"Punjab, India",578.5479072185261,1
maize,11.684898261563788,33.55388356246544,62.05553570591044,0.0,43.101840873969515,"Kolkata, India",752.932531794536,1
cotton,27.27048990386019,22.84208989071194,51.00533310565675,0.0,60.77854784427952,"Haryana, India",478.4208989071194,1
cotton,3.979078821707289,26.361186060486666,85.79009675362519,30.928218662077924,39.212576615895905,"Kolkata, India",94.69793958953142,0
cotton,15.857198022036721,25.474450634434547,46.956256041981646,0.0,21.846849905211386,"Haryana, India",672.0832101278861,1
tomato,46.46281728965539,22.982830946208857,55.311758859650055,0.0,41.41489408829091,"Maharashtra, India",522.9005550358798,1
rice,36.72792907108807,22.999796597599563,73.84220388568855,0.0,23.11284839422884,"Kolkata, India",846.0664079853344,1
cotton,19.986676334299705,38.92822429595641,94.35345364646926,0.0,68.6003122033963,"Kolkata, India",639.2822429595642,1
rice,34.812756687476025,15.9425433726909,64.2918956154771,6.606648246857868,49.93477239737456,"Haryana, India",259.5606822978062,1
cotton,38.02020990600153,18.64991193056934,65.16800023098959,0.0,62.75761778667865,"Kolkata, India",436.4991193056934,1
cotton,32.27820245504985,32.46015234161563,90.99979209244152,0.0,52.25757933082171,"Maharashtra, India",590.3595143597344,1
wheat,45.42464383007013,26.873225834570224,58.22622240170593,6.003608883946569,58.396696106288,"Punjab, India",62.9321366446631,0
tomato,39.84697232516178,28.07104847078546,59.14606339387012,0.0,56.10720013109814,"Punjab, India",508.17396949065613,1
maize,33.95879061067253,26.0797537913614,52.77277962633251,11.115555032610237,77.76090191534738,"Maharashtra, India",11.877291704975391,0
tomato,10.85463734244815,25.73746813755667,81.46042680673622,7.156867806696688,42.39100759182091,"Punjab, India",190.61896544612767,1
tomato,18.761995168062544,28.715309399264655,75.5444636001732,0.0,54.02215479313582,"Malda, West Bengal",524.4228916427023,1
cotton,16.22830348572305,31.336831044326566,66.24836807707335,8.1406213310485,59.30701580836041,"Maharashtra, India",156.33724389084063,1
maize,13.040029071727758,31.009994762511994,61.56601621153973,11.300033362783696,71.62732496575921,"Maharashtra, India",66.10994238763192,0
cotton,1.1280190845270037,18.19850376739988,52.69602173589048,0.0,57.97173660881776,"Punjab, India",431.9850376739988,1
rice,27.79761049749485,20.491977228057188,67.32084780807784,4.836700217826099,68.07318148090053,"Malda, West Bengal",314.5872899485979,1
tomato,5.230980990157266,22.027931507110136,48.5493208351746,0.0,37.63057512557992,"Punjab, India",528.5115684293816,1
tomato,7.6800067196706,28.147106235417155,59.936896363352695,0.0,63.03232879366631,"Punjab, India",478.3239561187544,1
maize,16.405113093302905,36.585413280715834,63.14467939215303,4.163420660164858,33.83718615521632,"Maharashtra, India",646.5057604335492,1
rice,44.022413042067264,28.623989227040518,59.117345857989214,0.0,30.66097602834904,"Punjab, India",896.6297184434582,1
maize,29.591476841028854,21.19166029228808,92.78392589660965,11.85426264294315,75.98180925601831,"Kolkata, India",0.0,0
maize,30.045825709120226,29.767324606345117,68.58016455822084,0.0,53.826465372008784,"Maharashtra, India",639.6324479131641,1
cotton,1.5853582745516999,27.30224962584759,69.70694483328622,0.0,65.58716727202429,"Malda, West Bengal",523.0224962584758,1
maize,37.33011274910005,30.899992316314037,49.461448438126745,0.0,75.57045545639741,"Haryana, India",614.8999154794544,1
maize,20.810374450661648,36.58281663556174,55.79165968926646,24.16119694085165,46.13946784439031,"Maharashtra, India",221.30375011430328,1
rice,35.497362972827304,26.037893775217718,50.07831408570732,0.0,67.99823359300588,"Punjab, India",624.7146382517684,1
wheat,47.7756876640684,24.193036466721292,50.89149108745829,0.0,33.974273432930964,"Maharashtra, India",416.7536086297687,1
tomato,14.6936146272451,32.38826981452693,74.33125695955151,40.12179810107268,79.59843165846789,"Kolkata, India",66.49442833074238,0
cotton,16.91143808292237,22.3380862720246,60.92503619264008,8.445683882200766,23.43945625186435,"Malda, West Bengal",200.4982428843329,1
wheat,18.910508048876277,27.041025543344187,56.0448531362712,0.0,61.7078629411051,"Malda, West Bengal",364.2871788034093,1
maize,38.95725781309806,30.529965332839936,68.06741309376095,21.581275118338148,38.06156522250193,"Maharashtra, India",194.83607615287542,1
cotton,46.37900288655247,24.549791561652683,40.37967190909933,0.0,49.31378306992276,"Haryana, India",523.6730019824935,1
maize,49.58315034158923,21.31268465105435,72.6721255488316,5.832759530601047,50.53374602397637,"Kolkata, India",266.0263945055664,1
cotton,15.435034656834166,22.851424584259043,71.84775068868456,4.188238165719915,69.32685438159177,"Kolkata, India",269.1023375565947,1
maize,19.27243542822236,30.47722368196277,82.59737461058214,0.0,77.22624440456025,"Kolkata, India",610.2494605015905,1
cotton,20.6766060592856,26.179154722071633,83.2800488577148,5.608508912695401,33.4305433138039,"Malda, West Bengal",341.75675768733157,1
maize,3.627313472714059,31.75543430156005,72.93343090045573,25.194650128788897,50.381693577830504,"Malda, West Bengal",134.35780472308898,1
cotton,15.79433480894745,25.601291175511683,68.0914388950793,4.692236229197512,35.940185351386496,"Malda, West Bengal",367.84622337381876,1
wheat,12.339729222459725,30.072982882948942,74.23415855425178,22.843979639982493,40.408521244865426,"Malda, West Bengal",91.7626183609334,0
maize,16.817121804222314,18.025870725495896,68.12724069272662,0.0,34.216152765348944,"Haryana, India",595.3155505520983,1
maize,17.6981989807991,38.033913623075506,58.13469940309663,0.0,34.32282151092402,"Kolkata, India",871.4116854599484,1
wheat,36.23121611288437,23.13122224797812,74.87534161023368,9.618993716730234,29.886553209627092,"Haryana, India",71.53041795746157,1
maize,10.75870483098188,27.131277347613864,42.436028423394205,0.0,77.56776769935576,"Maharashtra, India",573.4440508237526,1
maize,49.01694427398535,25.311599050612507,47.17181736428411,0.0,27.444955136938844,"Haryana, India",733.5961896214915,1
wheat,7.859829039964654,21.755887619569883,58.24400251380685,0.0,55.82248681008104,"Punjab, India",327.2912133369892,1
wheat,9.864007248284613,26.222554372638044,79.41740428168491,13.557497157713323,68.33099772098376,"Kolkata, India",8.557880608466292,0
rice,7.1301618087659016,28.8231281825395,63.306582085252174,0.0,50.08418996981425,"Malda, West Bengal",774.5092817241294,1
maize,7.306227930792493,21.830926025014662,60.145145976405885,21.98166206692339,54.885268679157036,"Kolkata, India",0.0,0
cotton,12.216951448846977,22.6904900413768,67.59658911883602,0.0,40.94245974143111,"Kolkata, India",543.9459987845213,1
maize,35.60151958802362,23.95429569345308,71.22571321642059,0.0,55.418992189938926,"Maharashtra, India",563.1658538278361,1
wheat,3.9019508538931214,19.842292263098948,51.03662282876086,9.393772537210104,60.38726828586521,"Haryana, India",0.0,0
wheat,11.06916527694653,19.608179181025672,64.82665026041306,0.0,37.95173036790352,"Punjab, India",365.49171292042956,1
rice,21.416851918457734,25.810930589257897,70.89142800863526,21.09625686314429,67.55292447759328,"Kolkata, India",24.65174921297637,0
tomato,1.3412153545629748,25.84593629725559,52.41996383600177,11.223045743156975,46.91915644017854,"Maharashtra, India",78.91345879431708,0
tomato,1.4641001337710944,20.429795840403674,67.26135663728643,0.0,38.44441553579193,"Kolkata, India",507.2237887563834,1
tomato,36.40402962722882,38.81657336192798,50.65963217444353,0.0,32.4132983274421,"Punjab, India",747.1518786628228,1
maize,19.708427031966778,33.13559026079879,71.07311669340774,0.0,79.28334311744653,"Punjab, India",639.4914928687867,1
maize,23.993270669415292,21.94728659311374,49.59752576321242,0.0,25.1301174695706,"Punjab, India",696.4952530729219,1
maize,37.3887801011381,23.311254836490324,52.01814106103034,3.9457718042293397,52.68349259934707,"Punjab, India",373.01687487998777,1
tomato,25.19488844453479,21.645937950773995,60.084244706948006,19.84425340685416,47.75268637552199,"Punjab, India",31.724646421086447,0
wheat,35.08945889440901,30.8230765697637,77.91251929672751,0.0,33.935038784142165,"Malda, West Bengal",473.0753019907813,1
cotton,42.82734657584604,25.694575233887658,52.282391563900156,0.0,48.88443279693783,"Punjab, India",537.9483605062297,1
cotton,39.99062014730934,26.794588803628578,76.2814042301201,2.3725106321337397,65.55280491264308,"Kolkata, India",399.32035642959886,1
rice,45.42156428863713,27.157307912493863,73.09729503087009,0.0,38.48758445623115,"Malda, West Bengal",823.1200262198635,1
rice,21.67485734230756,34.00051531857893,82.52708516198447,0.0,58.97628856608487,"Kolkata, India",786.0547424618636,1
rice,47.53013589980115,24.053303709558357,91.9564861283072,19.036433772703507,46.43245326334626,"Kolkata, India",127.36756784617467,1
tomato,11.124913342492908,27.093888616939736,77.7279338628598,12.720018103856377,36.513195406285135,"Kolkata, India",140.68283091382204,1
maize,49.41826275359751,32.479367274884126,78.3455763453788,6.281700516533905,64.24922516996898,"Kolkata, India",318.1880141970302,1
rice,2.4777798543903833,33.63036049815837,70.42219423146413,0.0,31.402947697361398,"Haryana, India",975.1194168582975,1
cotton,43.0474967448218,22.463375181959044,69.58706138695526,18.790804855302873,64.62184580171078,"Malda, West Bengal",0.0,0
wheat,31.969938551192197,24.29865161022915,89.46698462365562,27.072768148178728,78.81974797258286,"Malda, West Bengal",0.0,0
maize,16.43304271886297,25.58311055205046,61.97804544596894,0.0,21.021887665280214,"Malda, West Bengal",773.2939742596661,1
cotton,11.268696785710722,30.764715945990528,58.56751568787433,4.131737498098144,42.6793550341541,"Maharashtra, India",419.76601123417754,1
wheat,35.11880908977309,22.618710716456885,51.27132105166018,13.111958318876319,43.77336440795453,"Malda, West Bengal",20.75282889556661,0
cotton,9.269688352606245,26.774674564783695,53.97908044407441,12.639312844713917,24.64976129970453,"Maharashtra, India",174.8841188149671,1
maize,12.045017863887834,29.166749058622404,71.45918757892326,60.290736928686506,36.938187200683984,"Kolkata, India",183.2444165859689,1
rice,10.15049505365877,10.851588480462677,65.65661710565175,3.7499655417254543,38.67433212005322,"Punjab, India",377.4897791241793,1
cotton,3.387496978097683,24.399185481600902,65.7069702166484,0.0,23.708172204742084,"Maharashtra, India",648.5709353476351,1
rice,37.62315472514133,31.441052355330417,68.3814689689716,14.974799691750395,28.20129918343298,"Punjab, India",360.39214760468315,1
maize,47.16589004828133,29.595084903203396,75.03192848393053,8.492386255335285,23.74413921661224,"Kolkata, India",393.6597189163286,1
maize,4.395996567741561,25.25308308025025,57.60489428705947,0.0,29.837727129084485,"Maharashtra, India",719.5161063745952,1
cotton,7.029244972124643,24.516252973348227,55.71578269999964,0.0,26.620533667326633,"Punjab, India",635.6870131512096,1
cotton,21.71946773269775,29.18151661868208,68.32730491090537,0.0,27.738010631098042,"Maharashtra, India",689.5247591917704,1
maize,46.25418636970765,32.14777856503255,76.16444422031381,0.0,53.59002349397826,"Punjab, India",668.9203151924091,1
cotton,18.886325997002395,22.348361504737497,76.68361489291485,0.0,36.75180146939478,"Maharashtra, India",559.8858451311065,1
tomato,32.00010760324878,23.818307501676863,73.29223585637112,0.0,77.9435974047073,"Maharashtra, India",439.3647675150917,1
rice,10.937312128661501,31.09394155068063,65.80894424981715,0.0,38.1993872142596,"Maharashtra, India",887.1859043936654,1
cotton,27.32280742412652,17.13534118453886,55.28998164513909,8.594417183520493,72.0335815279623,"Haryana, India",0.0,0
cotton,46.493958527685024,27.254931842903705,37.4335376559269,7.5346627416836665,27.55387318442981,"Haryana, India",289.2357299547849,1
maize,48.34460582466866,30.643507359664792,64.75492362380344,28.50024593626388,48.168110900593135,"Haryana, India",134.4990398562869,1
wheat,1.1237545051316533,32.76991904903145,63.227992693166556,9.451336251589375,71.25314395555763,"Maharashtra, India",54.38943334322016,0
maize,29.842150627279604,22.270607467819055,81.61222273154164,0.0,25.88746479196761,"Malda, West Bengal",697.3539109166258,1
tomato,17.176361173081254,20.719461736717847,60.90083477540107,0.0,67.37817515884417,"Punjab, India",411.4751556304606,1
maize,36.4219513300624,31.086204587662323,57.874197600092714,0.0,77.57975368294682,"Punjab, India",616.9482504642856,1
maize,11.847338557215592,27.59225056917182,60.735230400301496,0.0,77.8708300057663,"Maharashtra, India",578.51475626089,1
maize,8.756190043471216,22.35229274030382,64.91333966783161,20.145128847359945,78.55757491141568,"Punjab, India",0.0,0
tomato,40.78928137281486,31.919855238750305,65.87256161852653,0.0,41.23844732297991,"Kolkata, India",621.1971021961871,1
maize,32.593051562457276,25.170035847319724,79.03730227646594,20.610243054822917,58.715957543990996,"Punjab, India",8.95664448573666,0
tomato,40.38204384418441,34.21833137817065,82.55097569646537,0.0,57.2681717013294,"Kolkata, India",560.8487951749288,1
wheat,18.117380763238987,24.50473795059442,64.01236551376913,27.261224299733016,47.07979493935716,"Malda, West Bengal",23.979302977107693,0
wheat,38.86203714999795,26.24021052221084,78.38774823899608,0.0,49.33358857182455,"Kolkata, India",379.0058416694379,1
maize,34.363953399941,22.857857826222116,47.16914563623558,4.157086937906524,43.48343986293617,"Punjab, India",405.5312797430803,1
cotton,38.330054012678595,27.551040681225814,68.76184657404397,0.0,47.32697867840841,"Malda, West Bengal",565.8329323741455,1
cotton,13.441051129498376,27.3048706464481,71.75985174194967,6.107833501897511,40.92334092801713,"Maharashtra, India",291.284814559027,1
rice,46.43866903048415,17.29218773340012,53.64791473458198,9.018697718086196,60.155512579373976,"Punjab, India",106.5327561123571,1
maize,32.79610589365166,24.380804958546946,74.81655335892438,0.0,74.14215457894639,"Kolkata, India",543.1888545440164,1
tomato,23.149572616828923,26.157087367332753,71.65099551493226,4.107325064818035,62.966662135355065,"Malda, West Bengal",255.04753306509303,1
wheat,24.276908023000228,25.92229060764888,63.64600714813141,0.0,47.52877569448605,"Kolkata, India",383.0876641231639,1
rice,41.82394135142274,27.22545662700107,65.12178065158001,0.0,28.913967190154757,"Maharashtra, India",884.1938984623466,1
wheat,2.8381955476408347,21.252268806263768,43.449338854901384,0.0,42.40316627284051,"Punjab, India",364.55013141979373,1
cotton,27.783823797286825,36.3159170965779,67.21431901376513,0.0,78.36012740201457,"Malda, West Bengal",613.159170965779,1
cotton,0.5540312806363688,18.58963362258787,71.57039170196768,9.592250556324437,64.80959036894563,"Malda, West Bengal",0.0,0
tomato,18.660815006055703,31.893117501785724,77.8668767985465,0.0,35.8315931334178,"Kolkata, India",648.5904500062016,1
wheat,35.20916811185268,33.20299448153327,62.17518385011302,0.0,55.69972652689834,"Punjab, India",407.42096137073287,1
rice,0.6111625696439354,29.91720710314299,38.08769422514902,0.0,61.99325471308922,"Haryana, India",711.7714559349231,1
maize,33.564644178629166,23.37963908099109,44.58966930899537,0.0,58.19564165709802,"Punjab, India",541.778392485163,1
cotton,5.878961888191387,28.951297576863254,84.74690936278802,26.71957449345367,72.26487535208747,"Malda, West Bengal",39.5129757686326,0
maize,11.970385337575085,23.562111699174366,57.782362431224925,0.0,72.11232971421785,"Maharashtra, India",534.183228690918,1
wheat,39.87776776729923,16.424771934450217,49.42258436513425,0.0,67.59789655126926,"Haryana, India",289.9734035411515,1
rice,2.0893025658422877,18.216619682970645,85.30027125178924,13.85462722275525,36.11156814116467,"Kolkata, India",94.34465275111404,0
cotton,2.719601623575683,26.810680562745627,61.802288241646465,0.0,54.706834580166515,"Punjab, India",519.6257156193599,1
cotton,1.2610933902026011,20.81681774310911,77.50274508493476,0.0,47.98184712995668,"Malda, West Bengal",490.3231205250964,1
rice,39.081815086265486,30.70791465999706,66.76212705638623,0.0,76.813126662477,"Maharashtra, India",668.4949759199648,1
rice,44.093810829033174,23.952619647350534,55.59183833298291,7.770885380061101,55.25487323368913,"Haryana, India",285.5046766343335,1
maize,5.804046895688694,25.164315129843565,65.64708185080497,10.820504115181167,66.3895849872594,"Kolkata, India",10.782260669220818,0
maize,49.05378080935258,31.553833338843887,69.1695207505882,16.647401511013083,24.75597066099042,"Punjab, India",291.3425124843267,1
wheat,3.2508589880107177,24.288068358253174,56.437450237932744,0.0,40.89352210769218,"Punjab, India",393.68615177329,1
wheat,9.88000095757271,27.03351841974145,66.61778479579289,11.547544828690375,46.852788884853425,"Punjab, India",43.90959311225532,0
maize,48.983490260422855,28.295075596972204,62.91795835290447,19.71919465350599,36.273039992598555,"Punjab, India",175.3441455675819,1
maize,45.22540783049308,33.00187096134557,69.45437090187409,0.0,21.58114670124968,"Kolkata, India",883.1407714416692,1
maize,41.54802820861907,23.134198899853423,70.45444622358185,0.0,53.07264254819639,"Haryana, India",566.1548960562924,1
tomato,29.562795132826913,32.143523278693486,72.1862934890668,25.077046117703418,61.78080886986712,"Kolkata, India",67.99044986603337,0
wheat,19.66430645360505,29.51025241930008,71.85167132047809,12.30281599388604,61.23430486026809,"Haryana, India",31.571766935100527,0
cotton,43.85139615750537,23.36196236953944,63.45943667980067,0.0,46.45234228970465,"Punjab, India",524.9577737486952,1
cotton,32.51375801118511,36.6086227779698,90.12943379764975,0.0,42.54321407838317,"Malda, West Bengal",692.8307702667796,1
rice,47.303739980187686,27.116836502927978,95.18314904305885,0.0,70.51144179585928,"Kolkata, India",625.4020380351358,1
cotton,32.167822199202114,27.0390669544289,48.48318807509229,0.0,41.19988618915322,"Haryana, India",592.2051742024285,1
tomato,11.281917704617772,27.56039776892122,77.30303746639179,0.0,77.38886583387361,"Malda, West Bengal",473.043579920291,1
tomato,30.225280759995332,27.477644185209314,51.62476328643049,0.0,77.94982387988104,"Haryana, India",472.29879766688384,1
tomato,12.300091761596674,18.487877011782242,54.37251474430849,0.0,77.39639032781432,"Haryana, India",391.39089310604015,1
tomato,40.41328425494425,32.53991255526822,69.84262527236592,0.0,76.82214727022327,"Kolkata, India",517.8592129974139,1
wheat,10.962648868848103,24.788249219837653,65.20167088729347,0.0,47.90264921349747,"Punjab, India",373.25327142199353,1
wheat,13.246943089129882,27.611505622172476,83.06154904400829,3.7955543687647557,48.40750114518614,"Kolkata, India",202.78171125646384,1
cotton,5.349469974555831,19.146603582481525,70.1822042923446,0.0,44.130225622544636,"Punjab, India",489.4523978720689,1
maize,21.033447675563526,19.358450945020756,68.99014819831824,16.62748812328896,46.17079816508146,"Punjab, India",5.421577227561102,0
tomato,38.06297221426708,25.364237712038054,89.94369707553231,17.740215625492574,76.71938912601738,"Maharashtra, India",3.27813940834244,0
cotton,10.529477184460749,26.34792586591444,72.53176669523442,7.816158254320886,57.12837843982542,"Kolkata, India",122.6713459431001,1
cotton,42.57423450721082,23.43611057586203,75.06547966636634,24.70874402572464,34.4889821724484,"Kolkata, India",83.70849851049695,1
cotton,49.62495169210093,30.215359771734764,60.53097588787056,0.0,45.440366174144074,"Haryana, India",604.9374598154155,1
tomato,37.425356990361195,21.56466243532541,74.83975009586382,0.0,49.52803954384039,"Kolkata, India",473.44510829682025,1
maize,23.367714925068864,23.892333489553952,59.235643799616845,3.2229415704235893,45.871015913957564,"Punjab, India",452.65648006228673,1
rice,14.234121246953226,38.23094006779132,80.5679594682778,0.0,55.11525357429096,"Kolkata, India",871.7124619136896,1
cotton,25.969032803350917,26.88763678835162,68.71242209181608,0.0,50.19390643123273,"Maharashtra, India",543.814051630219,1
rice,42.81377875669509,35.70848326009446,80.33710058276787,0.0,79.8143848822877,"Kolkata, India",728.5017991211336,1
maize,16.068836669430247,20.710753658264707,58.862269465475244,2.550887954911617,54.85057257942186,"Malda, West Bengal",401.16615540867855,1
cotton,28.548397672881105,30.158498934969373,52.282540909356996,10.288111426598537,78.25524241968755,"Haryana, India",51.58498934969373,0
cotton,35.97525748000541,26.255347804884725,51.94642403349919,4.944189404554572,30.672238012053683,"Punjab, India",390.03679802178294,1
cotton,44.303429248917425,29.120080527167165,61.76371320224827,18.368936484030776,61.006521636502,"Malda, West Bengal",41.2008052716717,0
wheat,43.88403965392395,33.752478753069994,69.30338751981228,14.079325184629184,65.03944174830264,"Kolkata, India",61.26735127148993,0
wheat,6.975660600126498,26.266197822022132,62.53288507508109,0.0,77.83773259233385,"Punjab, India",358.86338475415494,1
rice,26.853572062465254,24.705654223212512,41.10907295849387,0.0,42.22483718176445,"Haryana, India",762.1377673629476,1
rice,22.891070223482423,27.063538836117207,65.20105082478145,0.0,36.31742689461971,"Punjab, India",835.1985403900854,1
cotton,5.896646455614911,21.842606635492547,74.29006848016388,0.0,58.87785829432455,"Malda, West Bengal",468.42606635492547,1
cotton,7.407952925896438,28.228217522450496,61.212560942035296,0.0,45.30688908112576,"Haryana, India",583.8768768704127,1
rice,27.43076219230268,30.13338300610115,61.77445787072166,0.0,52.17485110122013,"Haryana, India",779.5318874384792,1
rice,12.614589296500668,25.808332639057614,65.63768670050689,36.6807907651774,78.33915534825297,"Malda, West Bengal",9.699991668691382,0
cotton,25.843641134631678,22.221925949302943,62.160123205149965,0.0,64.2361214151851,"Haryana, India",472.2192594930294,1
wheat,25.20958446052688,27.174645668773895,64.85037586771318,0.0,78.29902987589632,"Kolkata, India",365.2225196814173,1
tomato,8.599313396361215,29.641369782315532,52.87923885684014,0.0,79.62023881519309,"Punjab, India",491.7723280408398,1
tomato,23.431422771960708,19.87683297343246,52.238998590059346,0.0,64.92959840772386,"Punjab, India",403.89149676089215,1
wheat,35.15772148746337,23.90078790773594,58.551922277561914,0.0,30.751419773090962,"Maharashtra, India",425.30974286593744,1
rice,27.421108279646145,32.97499144618753,79.69549552427797,9.640949387087934,77.92772450265232,"Kolkata, India",213.65242799985361,1
tomato,12.780663452683578,30.84237211583634,77.5224140780262,4.39500243403679,66.73535934868355,"Malda, West Bengal",282.8312273406875,1
maize,35.06432698141157,26.552583654060754,82.10775777694387,0.0,52.29436689482803,"Maharashtra, India",610.7754026734748,1
cotton,28.708123176978727,21.088832411778434,62.80992010699401,6.01443318955861,69.2843486850314,"Punjab, India",160.16666463985382,1
maize,8.544005224929528,22.018879386130905,63.06302032383333,0.0,48.22037687755892,"Malda, West Bengal",578.1327879163349,1
wheat,45.058614034517944,30.987220798369478,73.87122418621254,15.233280105072735,64.55069198836918,"Malda, West Bengal",41.91054558858633,0
cotton,16.39384408572296,34.725911956450254,53.54514684100034,10.793201145018154,36.72393154717082,"Maharashtra, India",206.4146050968759,1
maize,44.34013750989939,20.77793106634182,69.1862146155409,11.861457595296244,52.70290378106834,"Maharashtra, India",0.0,0
tomato,41.34372944298489,16.87491600185418,36.76398940607754,0.0,41.144197892056816,"Punjab, India",457.35876176469833,1
maize,17.45463547290363,28.52805426535839,49.36073595339491,6.510721042054799,36.01344476897377,"Punjab, India",404.50744412119514,1
wheat,14.210994198351829,28.644169168748803,51.3102334848663,0.0,20.08683323125996,"Haryana, India",506.61133188637365,1
cotton,39.23990453899482,29.010092362787514,70.69035000891182,19.59333883021252,64.30025214846589,"Malda, West Bengal",40.10092362787509,0
wheat,40.85348178349985,24.84322356311987,50.23794097393207,0.0,26.220817422261753,"Punjab, India",449.3138711248627,1
cotton,29.087303751665935,21.75842806448798,62.757951119777516,0.0,54.17126879798201,"Haryana, India",471.45929747431524,1
maize,11.265912549595663,24.4205949757531,53.57452762138592,0.0,78.87737959520311,"Haryana, India",543.6265447332842,1
rice,0.8004958292837099,21.510345533099716,76.30679862097881,6.110071551613767,66.26265787633889,"Malda, West Bengal",273.4795776421347,1
tomato,41.18417073353371,35.05462829721563,50.63294432698934,10.760621104373362,37.3997241903981,"Punjab, India",226.15655072623179,1
maize,30.3795880962998,23.671768294713125,55.03174602419091,14.059068929962752,56.445990561649644,"Malda, West Bengal",4.41724287091165,0
rice,4.550035775954534,25.583342625622958,38.19212102447677,11.749800953419628,26.92485434547908,"Haryana, India",280.97624599144365,1
rice,4.05845062455357,25.70195077305733,89.46821962346114,0.0,72.75806279536154,"Malda, West Bengal",608.423409276688,1
tomato,14.429986142116096,24.100450505324098,55.267707327550355,12.189122082756425,26.084504085822054,"Haryana, India",152.82560747640025,1
rice,1.0921320164578021,30.406741676215,59.66938052563124,0.0,69.74485940660226,"Haryana, India",666.5772811885207,1
wheat,22.534889429192763,29.36040420300735,50.751891636530274,0.0,67.88101011503457,"Haryana, India",380.5228294210515,1
rice,48.98217800592005,24.329143293261158,62.651225223368,27.4307814945434,73.2919142547838,"Kolkata, India",0.0,0
cotton,0.722415718031548,21.81106754610837,87.08417781081317,0.0,67.691122765013,"Malda, West Bengal",468.1106754610837,1
maize,31.576715238965264,29.986696128795387,58.80690688196975,0.0,60.76724864299515,"Punjab, India",604.8536574167492,1
cotton,13.338940409447702,20.589408147829936,55.62955314808237,2.5094462454921684,70.20477990514755,"Maharashtra, India",330.4217692036909,1
wheat,3.730455984601622,27.557265986076363,100.0,10.545005014114912,37.22339636714935,"Kolkata, India",83.30113988478934,0
wheat,41.41178301554604,21.48968218822344,75.02727680799285,0.0,75.21549500670645,"Punjab, India",325.4277753175641,1
cotton,11.140146282767578,27.34439768375164,61.56773931295324,0.0,75.39644518121297,"Maharashtra, India",523.4439768375164,1
maize,10.23597693124679,27.079163888223757,41.970229567099494,0.0,67.32157103838978,"Haryana, India",572.8708027704613,1
rice,11.45032347583408,23.196740854918303,63.027611607003685,25.527495563082105,50.93383668328971,"Kolkata, India",88.63212215578392,0
rice,27.79245260118481,20.801806319621434,92.93205763214033,0.0,25.838110927874048,"Malda, West Bengal",792.3449906342715,1
wheat,18.55094253314046,29.14685191938976,76.94775063125984,0.0,21.35832940572484,"Kolkata, India",506.53930235496574,1
tomato,16.862760544726136,22.445409570785028,79.45674847951213,17.34612080706226,26.97135043515685,"Malda, West Bengal",128.7191058461442,1
maize,28.0753036777343,26.745726693861524,50.4306245447927,0.0,70.2777304901651,"Maharashtra, India",569.2029936324768,1
rice,16.280521198181432,22.315271423437263,83.51942021550157,9.978595071579077,29.06712055364782,"Kolkata, India",301.263539639932,1
tomato,0.5222268925266131,22.907893192628382,84.48942051547363,0.0,23.609053024422515,"Kolkata, India",598.857538781608,1
cotton,46.9751044735327,28.65978073698123,45.3274433619919,2.735723431050476,45.772726923116174,"Maharashtra, India",449.3249808278722,1
wheat,22.566686725886314,26.079522814562903,65.94582945249638,5.363901281369672,40.59900769286628,"Kolkata, India",140.85330269077747,1
cotton,40.50433139017069,18.814231050943953,57.23894326293771,0.0,77.69100839760915,"Malda, West Bengal",438.14231050943954,1
wheat,37.85301509899951,34.76797405224914,78.8510803212638,0.0,49.165718191701394,"Kolkata, India",442.7850426269771,1
maize,27.09717641403586,30.793539224809138,71.53547976423916,4.334262697227895,47.37680661641775,"Malda, West Bengal",474.48798648232304,1
maize,25.170821070269948,27.1648237587246,78.00479839192052,0.0,29.971455176930707,"Malda, West Bengal",746.1207736728715,1
tomato,47.3411348989018,31.612267867258822,64.0199723235212,0.0,76.18268173148758,"Haryana, India",509.5104108053294,1
cotton,0.9799108325515407,25.83511867378892,87.58460796154644,11.876162055457785,23.162125675245015,"Maharashtra, India",170.19939869989878,1
rice,15.693319317721436,15.165155212468191,75.76192421448722,19.768815689183562,76.08995445631453,"Kolkata, India",0.0,0
cotton,43.744572209314455,23.893850613898064,76.74335121076862,0.0,28.78297430856388,"Malda, West Bengal",617.1236399087611,1
tomato,30.231912702975784,18.677283869093646,67.2229072782515,0.0,22.758343232028768,"Punjab, India",549.3182409892918,1
wheat,6.45428537457272,35.06871502381422,81.44243742897586,0.0,20.19900226429409,"Maharashtra, India",566.8125902538361,1
rice,11.374537458759345,26.201950633892725,64.57303012595625,0.0,70.64281792207186,"Malda, West Bengal",614.4234076067127,1
tomato,46.53471202977295,22.269677439372156,84.04749803258824,0.0,60.046590570912485,"Kolkata, India",435.8645654649207,1
rice,4.155397674925508,24.02852054982155,51.36722554631183,24.239845411994143,65.16577046815712,"Haryana, India",16.784061231200212,0
maize,46.4199698797138,22.811873073653505,67.10391226414085,3.417754880872129,38.45948076338195,"Maharashtra, India",468.3310426515772,1
tomato,39.94353370189203,29.055234364160928,46.62877092886971,0.0,79.97959526769637,"Haryana, India",486.4971092774484,1
cotton,48.46317293833799,22.854597685801007,71.53260758804873,0.0,27.45436843180844,"Kolkata, India",610.3644885277208,1
rice,14.80718617906311,26.100595977497143,45.65459531019581,0.0,64.97021115090456,"Punjab, India",644.0501766695353,1
cotton,1.6145804154810262,23.77134495043313,44.983884760648024,0.0,75.18664747843277,"Haryana, India",487.71344950433127,1
maize,36.418312660242435,23.047839519926583,71.03639512830453,8.656754875657718,60.05444740100611,"Malda, West Bengal",95.6884909363065,0
wheat,46.72402213819687,17.96471256929148,66.92476213577785,15.93864658122551,58.4171220544738,"Malda, West Bengal",0.0,0
tomato,48.78648242084381,33.69197492219139,53.74633014002492,0.0,49.84597205798457,"Haryana, India",595.0698644570957,1
cotton,38.71281592209343,28.10734210682396,74.64514981884724,0.0,36.825652103496694,"Malda, West Bengal",627.5925521990433,1
tomato,40.00854416186719,29.370656150787042,81.11228914672498,61.29931360579424,65.38455154405972,"Malda, West Bengal",39.33590535708339,0
rice,3.66838870020092,22.11390461466023,53.097555066016305,0.0,54.229133261431,"Haryana, India",654.5301087212977,1
wheat,34.555604922466166,27.13328679824497,68.71871585580219,0.0,68.16061127825421,"Malda, West Bengal",364.93300758771477,1
tomato,19.295408520872492,22.877600336710945,50.055005864742,17.86244144555909,24.84554539653729,"Punjab, India",143.15084658652574,1
cotton,48.24728468349628,22.731434050785275,65.28399015856075,22.460249707771293,73.35997788464665,"Punjab, India",0.0,0
tomato,13.235982095360704,40.0,59.91501079605549,0.0,48.30683173475775,"Haryana, India",668.0300343516673,1
rice,14.484042113085021,27.3830193533796,63.95358684684475,0.0,32.38830197217003,"Malda, West Bengal",865.0219489251897,1
maize,12.23461360433519,28.547474308277643,68.42256782860181,4.9765429030934305,69.00812137937362,"Haryana, India",340.19507223638254,1
tomato,17.040807429432995,29.56745477519756,74.18898084553338,0.0,73.98446545878465,"Haryana, India",491.1070929767781,1
rice,37.20028459771849,27.842018125151643,59.14732941602973,0.0,47.474107128688274,"Malda, West Bengal",776.9418542287492,1
tomato,45.33839601824662,19.705435909943606,68.13276939547711,0.0,64.44713377332192,"Punjab, India",402.3489231894925,1
maize,13.356898858104021,28.16241027376622,55.384773126707856,4.528358166807024,46.39462663473286,"Maharashtra, India",437.93099315600864,1
tomato,5.00783267936066,28.20478889761487,62.593758959111916,2.8691477951197153,76.65101217114088,"Malda, West Bengal",335.385710322548,1
maize,46.991018417852956,12.619838589767916,67.71471123778515,0.0,62.78923903357947,"Kolkata, India",413.8182244874471,1
cotton,46.78976195939332,33.5193707296569,71.7146277791146,20.22295015478688,35.56847773795812,"Kolkata, India",198.90575280597,1
maize,17.53988686658807,30.39419609004095,66.82146342531665,9.268297198564584,24.914320354265236,"Maharashtra, India",359.7110290695222,1
maize,5.473077469670782,16.377030606840158,76.07915548572865,8.278406930764444,59.98980445425809,"Malda, West Bengal",41.273394891923374,0
rice,37.96381740843422,30.91049202606444,70.76694217232556,3.857616086846341,70.42467689044871,"Maharashtra, India",478.0450999704562,1
tomato,49.29549648832826,26.74143123833409,62.83323592535667,0.0,31.163001968521968,"Punjab, India",611.6007827425447,1
cotton,20.11836735993809,28.140072378829494,53.61206382920168,12.545934769973735,49.02759398327082,"Malda, West Bengal",63.13813258876951,0
maize,42.744451840702574,24.068861528595004,64.53649964312581,34.717084093455846,41.92001681284911,"Kolkata, India",87.34553787400466,0
maize,17.431977147239337,28.924871208131925,76.17058328157685,0.0,61.298463781822576,"Kolkata, India",593.1735832894512,1
rice,35.506443210977096,19.898574079301913,48.87061997265515,0.0,45.60229404830766,"Haryana, India",670.233553916073,1
cotton,7.365199521156584,31.400709850538497,49.18736158242713,9.580394377105307,64.9193716421093,"Haryana, India",84.98737965011964,0
tomato,28.53936161020134,25.193916972037822,50.25569591350242,0.0,44.13867179113985,"Haryana, India",534.6916812734081,1
wheat,24.085890391648377,33.81266206773905,51.47954644628316,0.0,33.05187042766203,"Haryana, India",502.04658940315375,1
tomato,0.537066056136124,21.937404910530923,66.87455844140965,0.0,75.67891432601513,"Malda, West Bengal",422.4366441947783,1
tomato,18.681867182210436,26.207555763207722,73.04045785454515,0.0,50.02612550099464,"Malda, West Bengal",518.3560980280661,1
tomato,20.563573029993545,17.941552077222646,58.605988992629754,20.08020923574073,73.7890696208703,"Haryana, India",0.0,0
maize,39.459276744363784,21.26287877004782,65.60414632208705,0.0,45.3654752500462,"Punjab, India",583.3655433506075,1
rice,41.964214835914746,25.68366327935755,51.20086595276863,0.0,67.1714356439095,"Punjab, India",625.4073997588606,1
cotton,18.617710467049147,28.946468100623377,44.72085782174801,0.0,73.34148679196217,"Haryana, India",539.4646810062338,1
tomato,15.902257478175047,21.948330748817806,81.81162064596164,0.0,50.98667279547824,"Kolkata, India",471.1828111649127,1
tomato,21.997034151897505,22.68700833580203,78.66273076268168,23.216994052397954,45.70372093553952,"Punjab, India",51.26986200038277,0
cotton,6.560082603571335,17.89117581804421,63.49616361345274,5.921729929306911,29.812141695987407,"Punjab, India",240.85894761483542,1
cotton,8.63574284759478,23.678072331673587,89.02667095955404,0.0,23.161366180003352,"Kolkata, India",641.7650553198824,1
wheat,11.329826365854338,30.21555649290086,77.19672246115007,8.648178620215111,34.26801568334178,"Kolkata, India",116.63985903755241,1
tomato,12.462309113541778,23.712845812458028,56.99366295251553,0.0,23.686874962655537,"Malda, West Bengal",608.5784121020656,1
rice,44.330388639314926,21.670493399120392,45.05532555172428,0.0,64.61408706744201,"Punjab, India",590.2095064655069,1
cotton,29.332515843928267,32.72594028490782,86.6278539181887,0.0,50.013486856132744,"Kolkata, India",606.0445188463572,1
wheat,31.964185435494,30.327030508970452,73.08805224450165,0.0,29.350339088247104,"Punjab, India",486.6275835894441,1
wheat,13.381089041249744,27.60803407284732,76.96741260452603,0.0,35.12341571264281,"Kolkata, India",441.45300015080886,1
wheat,44.686967783234394,26.871555017632886,67.71681573974831,5.915132882043644,64.34627217252243,"Malda, West Bengal",67.34424102124797,0
tomato,39.1114903258702,23.908595069259007,54.878210144936716,0.0,39.78518553726593,"Punjab, India",540.1628252601398,1
rice,22.496988699332224,33.84530649921233,67.30668845649595,0.0,59.21776593903893,"Kolkata, India",782.2817421581681,1
tomato,16.612357183681024,25.03227125416206,53.953533757417965,0.0,79.88780695542951,"Haryana, India",450.29044128745846,1
tomato,6.381404239624785,31.802905884523355,68.77495904468827,0.0,26.836736820830744,"Haryana, India",693.5460813318307,1
maize,35.88869475784566,26.757079539355956,65.87516403298937,2.2859033158080933,29.144721554630344,"Malda, West Bengal",630.7004102201678,1
cotton,3.114661422780605,25.725537455563682,69.62174410460892,0.0,25.86126040739007,"Kolkata, India",655.063197216922,1
rice,4.757192937869083,24.61461699511314,64.812612129458,0.0,36.75177400988753,"Punjab, India",793.3271637333253,1
tomato,10.241716121753814,23.65108061317188,82.13330208246228,8.516647089018857,68.79300841373905,"Kolkata, India",12.027371067604122,0
cotton,1.9292457081293624,36.48041621775901,80.60086852604302,0.0,44.11549725855704,"Kolkata, India",681.7225380643152,1
tomato,16.812620319289998,26.020335623468995,76.70160286172315,0.0,38.55257193910141,"Malda, West Bengal",569.1455441399542,1
tomato,25.881361811955646,28.28176682483444,56.765367518534454,0.0,37.52132504078146,"Punjab, India",599.3176155528472,1
cotton,33.781360951867725,27.771637664992692,60.66866890634633,0.0,40.3870766528199,"Maharashtra, India",604.8311662602969,1
tomato,33.94519459347797,26.045061810439996,59.846031286352236,0.0,34.75035915162933,"Haryana, India",586.8889482029932,1
wheat,26.14122039168404,21.55995592577581,56.93900606668915,0.0,37.81207106196611,"Punjab, India",381.93853644714636,1
wheat,35.27827588062686,25.523994422294688,57.022859753849616,0.0,49.55069950001803,"Malda, West Bengal",372.9403909207176,1
tomato,2.0430675747276776,25.31932075566513,89.80154351531392,0.0,68.92097439562583,"Malda, West Bengal",452.87388680098616,1
tomato,2.8969358481255014,19.78365482714861,61.353579458828676,5.3889901521466115,39.67517308228699,"Maharashtra, India",225.59951115251124,1
maize,49.64745433644631,24.77516044117547,78.29431705094383,2.9473191411595625,51.91443203305471,"Maharashtra, India",444.43145650435247,1
rice,33.89324176055931,26.072228843533242,47.10644878462014,0.0,51.12597373306703,"Malda, West Bengal",728.5393767668379,1
maize,36.4322214811122,14.329805913555163,77.04864276814403,0.0,56.7470869074395,"Malda, West Bengal",446.70087351335417,1
cotton,49.65039483168361,25.07290169581401,83.89364116942617,0.0,67.69917137704732,"Maharashtra, India",500.7290169581401,1
cotton,3.895352127234125,28.819633220440636,80.05719448106203,0.0,64.69152396353333,"Kolkata, India",538.1963322044063,1
tomato,43.01286312363221,22.26820440826759,60.38229872863409,4.6492974410606225,59.3203283082333,"Punjab, India",206.4757310543621,1
tomato,16.896936726103803,19.831678526398356,68.61833910177772,12.56236781250325,29.021007555153815,"Maharashtra, India",88.56785513834086,1
wheat,6.460949695948068,32.85157862800758,58.99918528985355,0.0,25.78346434966601,"Kolkata, India",523.276640054983,1
maize,48.67108801069001,30.5573689369149,75.92716902438869,17.70320056394587,23.586894526719867,"Kolkata, India",283.66285514702395,1
wheat,18.827611804160288,28.49382426744939,65.12265004427103,0.0,41.62495117688008,"Malda, West Bengal",424.54054566402294,1
cotton,17.276896071164952,18.08052204456075,58.23080107868416,24.771373629263643,33.05032002127003,"Malda, West Bengal",25.36558766508051,1
tomato,44.097868074601095,36.76052223092689,55.08453414190731,13.891375802770074,35.25769487346195,"Maharashtra, India",257.26960930337407,1
wheat,43.149473863171075,23.47462653567408,53.89625956515579,0.0,77.51628867797213,"Punjab, India",339.3223857497186,1
tomato,25.139067485544118,32.17870030467441,48.1696933468215,0.0,40.83730153978142,"Punjab, India",626.086347616333,1
cotton,40.47848333583032,25.94448704688583,84.04305505165938,0.0,61.76459754605832,"Malda, West Bengal",509.4448704688583,1
rice,49.747262568188916,28.431705938566594,64.11924327285632,0.0,61.23290247086688,"Kolkata, India",697.3933885161641,1
rice,1.1692162451420116,30.410066847184595,48.25842785217823,0.0,20.150860465056557,"Punjab, India",996.3781006349169,1
tomato,27.674641126731036,25.79160110935293,37.452415817237416,0.0,20.71318453084302,"Haryana, India",648.1421436487366,1
wheat,47.26727041432681,25.10883491068249,59.39835890265623,0.0,52.64322093487855,"Maharashtra, India",359.02852609143605,1
rice,3.8159848293751812,25.41546475697149,90.67650359787504,0.0,39.33166543857723,"Kolkata, India",790.5245779120285,1
wheat,26.973989872885678,35.91309521867026,65.84797633913095,0.0,21.391648425610565,"Maharashtra, India",569.6948769022249,1
rice,15.26405280725697,25.526146639974343,53.430335442612716,0.0,65.97728825538952,"Malda, West Bengal",630.7040144995166,1
rice,22.278038634879504,13.362003835348254,67.70480436687504,0.0,71.07511799805513,"Punjab, India",460.3440460241791,1
maize,0.5096456856971983,22.905112157964524,65.45099331894866,18.239301083022163,54.770086499955454,"Malda, West Bengal",4.515588945179275,0
tomato,24.53892795249608,22.901343217805703,81.02535365586866,0.0,40.85390735575507,"Kolkata, India",524.4310111371269,1
wheat,30.65348004545724,33.46415945682579,77.20727238296068,0.0,24.102252758635387,"Malda, West Bengal",535.6978737080893,1
tomato,33.369069532638974,20.80336350560963,58.658055768847305,7.423420668601056,79.20982605837048,"Malda, West Bengal",41.059238120433804,0
tomato,15.929541642146136,23.645222161458776,54.32505640630108,0.0,53.105693550012695,"Haryana, India",478.9359306412502,1
rice,14.776143131482195,26.23348315499682,72.42648922881898,7.557282615580451,35.50848676612009,"Malda, West Bengal",448.99211055193956,1
tomato,41.24917471019695,25.99783185790695,85.29610294164591,12.064763896544557,29.37549905945874,"Malda, West Bengal",161.01548236201495,1
cotton,48.16778998902076,18.624209716738456,78.44077998390702,2.754335904117596,50.09534280040158,"Kolkata, India",319.92148138790407,1
wheat,18.970852579171527,31.916648742741764,37.76146937628765,0.0,33.25890339999084,"Punjab, India",485.036666291724,1
tomato,30.576869538645116,26.30527824567333,92.64971854126443,11.699243130761557,52.34946340213097,"Kolkata, India",58.6173536157504,0
tomato,20.481425494251017,29.937587030366064,83.73024154176083,28.558387211372253,47.95766549760987,"Kolkata, India",116.34115233477235,1
rice,37.47146759447076,20.877845488956044,78.1397575048414,5.823948474437148,35.68081479106016,"Kolkata, India",448.275555304328,1
tomato,31.713723989695435,22.1814695612012,61.06812400539828,0.0,60.221161868105845,"Punjab, India",434.30992992674896,1
tomato,20.858860427575102,29.89781841928,56.165648278861184,0.0,55.079345829481554,"Haryana, India",530.7443610420055,1
cotton,29.978210788982494,25.020625468580903,61.169005332963096,0.0,67.17498969492367,"Punjab, India",500.20625468580903,1
tomato,19.63384138355363,22.896874797480898,56.839358115082376,0.0,23.99256890649065,"Maharashtra, India",597.0665777045878,1
maize,21.234051126497416,30.156925592002615,63.608282039809,0.0,65.29634988835343,"Maharashtra, India",606.7261815120288,1
cotton,24.248277960848295,28.482330123161695,63.47808497812362,14.40268757359119,54.7741615744644,"Maharashtra, India",36.03113775451595,0
maize,3.5687008732661383,26.51298306213879,71.2619031125435,0.0,33.420951614359645,"Kolkata, India",717.2510813062253,1
rice,11.136290448608602,26.50097619386252,63.20932485162939,0.0,74.90850461772723,"Punjab, India",618.0117143263503,1
wheat,34.255722268180996,20.413653013471016,74.44193479413063,6.1789701933060135,33.10746392046153,"Maharashtra, India",78.54246402607032,1
tomato,48.246356987112534,26.324002824271986,69.37059692042052,16.15080359188879,43.412828354516975,"Maharashtra, India",100.08273004805994,1
cotton,39.07217193102938,19.11782823641911,62.05544467462159,4.912194229135702,50.58558172072803,"Haryana, India",215.044025648269,1
wheat,34.27297902780446,32.76875942864818,46.62847789158808,0.0,52.94317639146014,"Punjab, India",412.69872637656044,1
rice,44.4326882725307,24.448019453860375,65.21346064195274,0.0,68.46848393359676,"Kolkata, India",602.4638857957734,1
cotton,17.71893739643446,38.39078308555015,59.642853670004506,0.0,76.99369880111745,"Maharashtra, India",633.9078308555015,1
rice,7.771940558574244,31.169918077293783,46.48688500259287,0.0,35.548891919552005,"Maharashtra, India",906.2529271536163,1
maize,46.58303423068387,17.029583804441973,55.832896910552854,21.362503063169836,54.074917159694266,"Malda, West Bengal",0.0,0
maize,42.739374804359194,12.949891285501607,69.96072339118965,0.0,25.965595418776694,"Punjab, India",559.5250190611799,1
rice,25.8078065471743,19.798703663798438,57.07543874356397,0.0,58.74476692724048,"Haryana, India",598.0908260968058,1
cotton,16.914643267052444,26.872223536647894,55.17356954599928,0.0,26.991532441959016,"Maharashtra, India",664.0083843754443,1
maize,34.070021592345,29.34458586264026,36.918232978481385,0.0,61.43044394876868,"Haryana, India",597.7904444890429,1
rice,48.27951573891373,29.068857737744178,76.78803712927434,0.0,42.94597807884496,"Maharashtra, India",824.3599003515795,1
wheat,36.488053352963185,32.53890293448489,80.08512340643914,0.0,36.59166554691116,"Kolkata, India",476.9159963911212,1
cotton,8.863978148231068,27.767925000173143,69.27287320168698,0.0,40.384446094244055,"Kolkata, India",604.8024952352232,1
tomato,40.90145760658568,26.02943812475433,62.12945698882082,0.0,58.771410171994226,"Maharashtra, India",476.3890490756618,1
tomato,11.248513570496316,29.019398281216276,85.54244846428455,0.0,63.96594086560479,"Malda, West Bengal",486.1745845309465,1
maize,46.84357810924422,22.054188893943195,45.97755610433525,10.979262888357786,43.711130458271924,"Haryana, India",52.94348328686556,0
wheat,8.90616215684992,33.12520321692344,90.34245052922273,8.26267696165123,73.65805628643679,"Kolkata, India",56.87642251846404,0
cotton,27.44145876789087,33.90368206319549,64.663011871927,5.9907747995891105,35.90830422248257,"Kolkata, India",401.9551984651133,1
cotton,14.9039809950948,16.246163363142493,61.70899947883893,4.057143197681856,31.37011851958292,"Malda, West Bengal",307.06866892663004,1
maize,10.006463436603864,34.038086934122234,59.16396258743897,0.0,56.000990485278855,"Haryana, India",675.3892821271984,1
maize,36.70538639439093,28.593923227892216,53.58991803802078,20.252184635787728,48.833561258045364,"Malda, West Bengal",105.36301417999505,1
maize,36.19166193021912,19.005927125450796,41.08859038024404,3.6047463892123237,47.50660402005154,"Punjab, India",364.30406095407386,1
maize,32.737602977582526,23.43687826850047,79.63449568304586,10.330689789118596,24.611646762703373,"Kolkata, India",204.82232086411477,1
cotton,35.28321406716119,22.413947969766678,63.05069091984054,2.7803861749806495,64.35061992286569,"Kolkata, India",335.12017094863427,1
wheat,35.273728874344314,23.307500565028295,68.62740826998963,0.0,63.241055016278914,"Haryana, India",338.1525039551981,1
wheat,5.282762742086117,26.55814411862365,66.94399342147237,0.0,23.53415091271868,"Punjab, India",474.46946357434945,1
rice,42.470278657219524,25.69967805267222,72.34998998766451,0.0,22.28409386899278,"Maharashtra, India",898.6978660920979,1
maize,6.029453050532089,32.21033429482417,51.505507668626926,0.0,20.362561811484014,"Haryana, India",878.7574970721631,1
wheat,3.849057956324836,36.29791814954758,55.585755051250075,0.0,43.47879949232361,"Punjab, India",478.5212194461182,1
tomato,33.940666451571644,34.067138461545156,46.53327879342503,0.0,51.467636054058886,"Maharashtra, India",590.252761341682,1
rice,35.35082689048548,30.21858409582018,58.409692973519,0.0,58.76263877068091,"Maharashtra, India",737.0843502765939,1
wheat,3.591964030891328,19.834093470878372,69.52351567696908,0.0,45.84029632455115,"Malda, West Bengal",342.58534504869215,1
rice,21.368023749846458,28.77998525785722,51.91135369426845,0.0,54.71578818077278,"Haryana, India",743.9979854522074,1
wheat,8.65770628916348,22.978168572682957,46.61250258897409,5.695851425118321,43.42714492165941,"Punjab, India",89.9217161799744,0
maize,1.4566938137260146,29.714937515495393,60.31366075530284,27.275023626551235,62.75984284684524,"Malda, West Bengal",51.864312670449294,0
wheat,26.06228738558548,19.741685921818103,65.73579551268568,9.074971422524708,75.49368334941752,"Punjab, India",0.0,0
cotton,20.40545124098497,28.906071725284693,62.3466726024513,0.0,46.43853597857723,"Kolkata, India",585.212206614073,1
tomato,35.49572869241082,29.15162331939303,52.85042501751213,0.0,67.86342010158734,"Punjab, India",487.3646098745372,1
cotton,34.86534717574997,27.58214893993493,70.25091354891958,16.75131488894445,42.20468702343902,"Malda, West Bengal",93.10199466601057,0
tomato,5.994113128052321,21.80745877556957,55.04558288446058,2.0905742254284503,67.62684616836574,"Punjab, India",316.73841770870365,1
rice,40.30629461405752,32.65642983346532,78.84280789328197,0.0,25.64246126833007,"Kolkata, India",998.7768363377133,1
cotton,31.511956330902226,31.191584834128378,73.30879960561312,0.0,69.14621932731461,"Maharashtra, India",561.9158483412838,1
tomato,6.458153556493045,36.632255959807665,68.01189646156124,0.0,76.94171905709587,"Maharashtra, India",554.690303638269,1
wheat,41.31031516576027,22.70056023631865,90.23043731991304,10.832610307476829,43.825882181271595,"Kolkata, India",21.214739261228885,0
rice,4.4307080927393585,25.138894208628525,45.70583473990007,3.983463059184048,45.49172348081172,"Maharashtra, India",549.9517235801073,1
cotton,42.09153248760756,31.47859850422538,57.31929644535632,0.0,39.66078643774509,"Maharashtra, India",651.4197134575703,1
tomato,14.383638806301178,21.714734626782786,62.24677471912846,0.0,26.45530667599246,"Maharashtra, India",571.9762571411753,1
wheat,3.740492000773585,29.77805301498006,83.49862197386742,9.748518109105081,55.49895965149517,"Maharashtra, India",33.44637110486036,0
rice,32.306423570016776,27.240162529801992,71.01582335620778,2.391930210080888,28.82438341140601,"Maharashtra, India",765.4079481959348,1
maize,17.10448725018688,22.45296344579556,61.23505107144181,0.0,43.845976998664355,"Punjab, India",606.3037868320924,1
rice,2.163657390538386,22.656615422595134,72.69343831131951,17.77585391682536,45.55554676148462,"Kolkata, India",111.6721739355662,1
wheat,14.002930298701159,21.7004753341126,46.58178196809776,0.0,68.899963390736,"Haryana, India",326.9033273387882,1
maize,22.694144343526567,24.741775559420212,84.2258734070279,0.0,28.87021367168125,"Malda, West Bengal",717.4891240767756,1
maize,12.788776646612881,18.718545139937042,65.79696066041777,0.0,58.14976025749082,"Punjab, India",489.8018734065927,1
tomato,20.708316176670436,30.789197510093615,54.14329068286003,19.63270133351759,34.840072816331826,"Maharashtra, India",190.98404025964487,1
cotton,29.999391564305075,32.05828991670317,48.1544743936195,2.352382105820936,77.55606416809619,"Punjab, India",452.96379387598483,1
rice,7.921569132230528,23.343272548075213,94.26046783981943,39.17713849698364,40.97507899337242,"Malda, West Bengal",148.4984306060726,1
tomato,11.510926311808083,21.2644186948369,43.799056608049426,0.0,58.513250212572686,"Punjab, India",432.9797877792701,1
tomato,33.540910814787054,26.341286796513415,71.4471019998399,15.919825906659431,28.789912641173178,"Kolkata, India",167.83631484087527,1
tomato,8.94067129623517,20.024340688522972,49.82735469552555,0.0,65.66148204008749,"Haryana, India",405.21906619670676,1
cotton,11.880852898428614,21.843950401682733,27.380553300143045,0.0,55.48072294254412,"Haryana, India",468.4395040168273,1
tomato,6.822440198844906,32.383768649244644,52.78377808770635,0.0,50.13601633113197,"Punjab, India",580.3081959025644,1
rice,4.629504939452103,18.590772494593523,71.575174973328,12.340298378018595,21.633704740210902,"Malda, West Bengal",176.08817070421878,1
tomato,14.53039085296061,23.645586395665028,69.11811723727979,0.0,58.73838318577869,"Maharashtra, India",454.2790225761083,1
wheat,45.60615048127833,31.48526711237539,71.56642406436629,3.30880656591634,55.08210227215913,"Haryana, India",229.95654149081074,1
maize,45.37176368741364,23.25264381041312,49.448140553688276,8.335053405514872,65.18500758039234,"Punjab, India",114.02641163880077,1
wheat,25.19997859653036,26.833389369817517,57.051946545140105,0.0,33.77675339118288,"Maharashtra, India",439.83882195037603,1
cotton,37.46794518542201,28.01908696923937,72.2882935917897,9.227793566743264,48.04354767322866,"Malda, West Bengal",105.68366644627622,1
cotton,38.58186414681942,24.215275973614105,61.417765607994895,0.0,45.97872596344982,"Punjab, India",536.5512088703827,1
tomato,3.4743734607925885,22.69634188022233,79.74460326606835,0.0,64.05638803255198,"Maharashtra, India",429.26707692200097,1
rice,34.5009714358821,24.35397718335542,56.917808021036294,0.0,72.36307047774157,"Malda, West Bengal",592.247726200265,1
wheat,40.520277482461154,25.903843105505427,78.88088236640301,0.0,62.029100602988784,"Maharashtra, India",356.326901738538,1
tomato,12.846086129415355,26.72989716914663,70.99262825400798,0.0,47.382595594876705,"Maharashtra, India",535.9510343030487,1
wheat,8.21126087299863,24.55649014883938,72.1849343857923,0.0,37.77757926616996,"Kolkata, India",406.6392216823408,1
tomato,41.10094928820564,25.46008266627365,56.40180031001593,0.0,63.73094116187667,"Haryana, India",454.1407439964629,1
wheat,24.84947147591093,30.926883546901173,73.49959727590172,29.6436209132733,47.56575910355187,"Kolkata, India",70.59235956957673,0
cotton,29.514000945497205,23.8130455557412,47.27787424661442,0.0,63.57354228163345,"Haryana, India",488.130455557412,1
cotton,28.483042321349377,27.00676651232821,66.71591892761232,0.0,23.19363709253186,"Kolkata, India",685.4822740567893,1
cotton,29.033111992754773,23.61950765278577,60.62709837572561,0.0,25.67365851604808,"Haryana, India",628.7783049485787,1
wheat,24.70510312440269,25.368542649727083,69.58418195515014,3.665756705366729,33.09341213551899,"Maharashtra, India",246.53016664110046,1
wheat,33.35794822718671,29.042286085261832,42.63354846779285,0.0,56.2004377701336,"Maharashtra, India",378.29600259683286,1
rice,44.31703825178011,25.437164709893366,69.77640074145886,0.0,69.45841452915242,"Kolkata, India",608.5239007904353,1
wheat,33.76585024653394,18.87415469310789,53.736109463835284,0.0,60.671071058410085,"Haryana, India",307.11908285175525,1
rice,35.38771606962261,30.573784488819125,68.21235475894423,46.87752142569412,29.203605351615273,"Maharashtra, India",338.95061915904716,1
tomato,21.922922411845384,34.33979486010007,51.583922513756896,0.0,79.97831923791077,"Punjab, India",534.0581537409006,1
maize,9.911403434482072,13.050130862287414,63.254188266758526,0.0,23.27573518516718,"Malda, West Bengal",572.2613785079869,1
wheat,18.060206377125603,17.820501484951187,56.78727502486674,9.233588310033669,25.083109812805116,"Kolkata, India",39.4174472426713,1
tomato,36.38047326558382,33.22275386143138,61.29407514470621,0.0,31.802542713226472,"Haryana, India",684.8609297330481,1
tomato,11.692539576395797,24.738514312144968,56.916215307663535,0.0,39.11626588078957,"Punjab, India",552.3231262836813,1
cotton,27.276633203146726,29.733064917858883,68.95595839186022,0.0,56.26785764697839,"Maharashtra, India",547.3306491785888,1
cotton,24.811078046113963,35.13110239230567,45.923422917585356,0.0,76.79573548989335,"Haryana, India",601.3110239230567,1
cotton,13.45995230422532,26.40189700104585,68.70316500139313,0.0,62.63752714284235,"Haryana, India",514.0189700104585,1
tomato,48.550345693856066,21.09195367777971,94.22555574595944,0.0,68.5123890018184,"Malda, West Bengal",414.82758310001736,1
maize,36.76675053750145,29.273676262662217,52.98787604356218,12.58212035707558,78.2326880159293,"Haryana, India",47.01043888928439,0
maize,22.400395399136304,32.691910801012824,79.22958683189825,0.0,39.605367623264314,"Maharashtra, India",764.0376031199303,1
rice,32.83613621488265,31.02732610995263,86.35802651990737,0.0,58.4248106377386,"Punjab, India",750.1511424214964,1
maize,38.16963007412117,31.36582408798981,50.29202484706809,22.464343441076238,72.72550878799996,"Malda, West Bengal",70.02406496788797,0
tomato,41.426682485605276,27.37396573336525,70.22324134233963,0.0,36.67589602071344,"Maharashtra, India",593.0916579218286,1
rice,38.73972042537465,24.851430742519234,72.61008990791846,12.617040789448502,30.928638468509437,"Punjab, India",231.9487617185946,1
maize,26.45905293123026,22.923728633268592,66.70447050412966,12.83606032451472,29.444852035530662,"Maharashtra, India",138.23584309980038,1
wheat,35.29882090034794,22.52416172341757,57.56344977651582,0.0,28.835267715118366,"Haryana, India",419.71111986288776,1
tomato,24.778223346268145,25.30985701085222,56.45306131556002,0.0,70.72373024963089,"Malda, West Bengal",452.78871309767,1
wheat,21.718334283687284,25.592246024551105,42.02788460833727,11.69491138445175,54.88436941139398,"Haryana, India",4.55522295492807,0
wheat,2.344801776795224,23.941349817907273,77.27753921258835,14.798225207348171,36.824287977523205,"Kolkata, India",54.857520345061516,0
rice,45.804789341245666,32.293738287108425,60.910505791592215,0.0,29.70884842986844,"Haryana, India",964.5365426467413,1
rice,2.6779520126363727,25.822955146909568,62.92976039313969,0.0,37.907782204728605,"Maharashtra, India",805.5980232317864,1
wheat,36.15486649711719,28.630667803573246,65.1381923682132,0.0,37.73104637545741,"Haryana, India",440.2448606857337,1
cotton,24.935765481613494,26.918266498580973,77.4635685411437,0.0,40.11318034061004,"Punjab, India",596.4724520250621,1
tomato,38.669347338612546,30.708204008819955,51.94511087876401,0.0,28.3466001106806,"Maharashtra, India",672.6100472559907,1
cotton,37.45327790753676,27.39046080281782,66.9862724525961,9.33101776705645,46.604761771872795,"Malda, West Bengal",101.33675960745728,1
cotton,15.44557170163834,24.676815817530407,58.0438800008599,23.97462083203904,29.809240102195716,"Malda, West Bengal",121.90783214998953,1
tomato,43.24708130663316,26.281524411689126,44.46846635100339,59.681929961557344,60.2463314354134,"Kolkata, India",21.935160061165504,0
wheat,4.3511056094438905,21.958240252522003,58.35719025525679,0.0,30.197603753370466,"Maharashtra, India",410.2350634927776,1
wheat,21.831106441866034,31.457892283475584,57.400480739278706,6.991468137637466,71.77319649496916,"Kolkata, India",45.631839102455785,0
tomato,41.47170394526367,29.02347929568387,75.7099966079162,0.0,53.43038999329643,"Maharashtra, India",530.3087836186918,1
wheat,27.774524045191487,28.475599844927967,63.805015418460385,0.0,69.21803571695753,"Maharashtra, India",374.32919891449575,1
maize,35.22222641214511,23.242900489496183,64.31676526201889,6.112959695548763,51.00112345729591,"Punjab, India",272.77843021938264,1
cotton,20.187457567551373,21.115365671292803,45.9773476708869,0.0,40.17308581706102,"Punjab, India",529.5285136452388,1
rice,9.161464891676612,30.621276784691183,79.88129469122316,16.008543943928615,46.852412633471076,"Maharashtra, India",221.95512507367744,1
wheat,33.281733635649786,32.330433651073875,81.89512299919272,4.169896774258211,39.572811424839884,"Kolkata, India",254.7295156167642,1
rice,46.9319207916457,16.518754857250155,53.29100059791059,0.0,65.9595806159765,"Haryana, India",518.3554401180922,1
rice,2.038648630763552,27.845471567237766,50.79445404040169,0.0,69.52088758170787,"Haryana, India",637.1839294082572,1
wheat,46.70527946739285,25.93299536050761,77.70194121279314,16.368106592191346,32.51036288841294,"Kolkata, India",86.71348831003081,1
cotton,35.13980013517842,34.52930543093406,74.74118468233698,0.0,77.8883551909357,"Maharashtra, India",595.2930543093406,1
rice,19.564014552280653,28.11322218297432,72.12548631190153,0.0,53.83254089014538,"Maharashtra, India",740.4033679359951,1
cotton,1.9263623521534818,30.567830757895134,79.23323381515124,0.0,21.83145295610193,"Kolkata, India",739.9887284410124,1
cotton,36.756963690234734,18.405024183713987,59.22611036101063,0.0,72.02610505627226,"Malda, West Bengal",434.0502418371399,1
maize,5.497708656439456,25.68147347211723,80.57937781524373,0.0,27.937731485133682,"Kolkata, India",736.2421394244201,1
cotton,37.61689305752803,29.114319981051466,70.15906230314029,5.685552402865028,49.2109145062084,"Maharashtra, India",288.19282214813336,1
tomato,38.28993484382031,18.044567566808976,54.04819558037582,11.106815848079973,75.78831512661549,"Malda, West Bengal",0.0,0
rice,15.030147767485643,33.28414804599357,68.13780373161114,6.933970189185858,60.1790673382166,"Maharashtra, India",421.399830277724,1
rice,22.412554789935005,21.525179616392894,50.11957737749041,0.0,37.318909160596164,"Punjab, India",740.7613899602645,1
rice,33.840975409093666,16.199305278008467,64.71863223100539,2.363830094104217,36.778285623580274,"Malda, West Bengal",540.445544925241,1
maize,20.133967389828996,27.598395249329737,72.949765332286,4.054645826984325,45.017505437886456,"Kolkata, India",462.5361251812987,1
rice,3.978673676441147,10.58759382369167,62.242419768291406,8.744301167650292,76.96254474541499,"Punjab, India",0.0,0
wheat,36.290296595534414,34.790763455741676,67.70842111495898,0.0,49.46201719200809,"Maharashtra, India",441.7137595968144,1
rice,27.860803489413197,23.134956443785875,68.04035485298081,2.2352499069246416,71.83710320325592,"Maharashtra, India",465.8569819791984,1
maize,16.275443974112918,27.569603719325663,82.70737497752481,10.168093959180279,66.22047436716072,"Kolkata, India",69.86094295356833,0
wheat,39.20047177612115,29.987020164434227,70.80421940096241,9.268308107792624,46.65463524813932,"Maharashtra, India",67.03121294334812,0
tomato,3.48473126719871,20.4496412181552,52.45345033111006,0.0,58.84628603833999,"Punjab, India",423.9921699438059,1
wheat,5.996415877197641,32.886401452712136,69.99189775278691,0.0,58.239210088625924,"Malda, West Bengal",405.2048101689849,1
maize,33.634859949387916,24.250189885518644,66.79192141924179,0.0,74.55045792438085,"Punjab, India",541.7520887407051,1
rice,41.626891003964886,21.324199351570876,71.89160851725002,16.57956087826592,33.973130679798516,"Kolkata, India",156.1602973870913,1
tomato,35.95179260813444,24.513590354216756,60.86948471739989,11.754713183947914,69.58451829861716,"Maharashtra, India",0.0,0
rice,5.573486338473444,21.17833815559717,47.626784738201266,0.0,34.798602521700516,"Punjab, India",749.205102223466,1
tomato,29.830187700450672,32.1680850578977,54.73388611439835,0.0,60.00931231737984,"Haryana, India",527.3276715974212,1
maize,25.74494379568394,25.011929658152535,63.77494220635307,3.945669990769651,26.62207212135364,"Malda, West Bengal",536.4701306333877,1
maize,40.04112073334234,30.087108349044506,61.1491272637148,0.0,28.858111107289098,"Punjab, India",794.6650186784234,1
cotton,18.842678331745365,32.783734146394295,87.09859530979574,0.0,61.83096681854278,"Kolkata, India",577.837341463943,1
cotton,26.21431498903264,24.46228629481611,59.48863449149255,3.4455089501638376,56.05577603622262,"Kolkata, India",322.34741543996927,1
rice,19.045656838100545,27.072780714246257,66.23024516823982,8.118650966077817,57.95431884772005,"Malda, West Bengal",294.21107385063266,1
cotton,39.02336936615923,20.876080049798773,56.0243554704355,0.0,21.150293453840913,"Punjab, India",614.0499852153669,1
wheat,45.67921080352664,19.13393644298636,59.46056944175867,11.26017039958601,44.405702410323784,"Haryana, India",0.0,0
maize,10.412030306810912,23.836297356723012,68.24011809434386,0.0,36.51667565612883,"Malda, West Bengal",663.3515180879364,1
maize,15.516235158101546,26.258539240958786,80.73641487376813,16.893503665786575,32.50719473776912,"Malda, West Bengal",168.8604457621376,1
cotton,8.455610799916752,30.30098582507559,74.8941265698277,9.253105165511945,77.93449878360431,"Maharashtra, India",90.35459997515864,0
wheat,25.22700218832999,21.112623334236424,73.36153170114025,2.1355135924101463,39.48157139600097,"Malda, West Bengal",266.104365426029,1
tomato,33.710380810647834,21.19498668053528,61.85724406252838,0.0,46.72233763055423,"Punjab, India",481.35128139540524,1
wheat,25.065744123341407,24.867558899854107,59.2339164625697,0.0,21.931408990998097,"Malda, West Bengal",464.50640599033994,1
cotton,40.27223128607681,29.98691711614806,51.59993623497857,8.457240539954576,37.1256611074684,"Kolkata, India",225.29262328270954,1
rice,37.53760732594313,17.67239474639896,67.4566254243904,11.000526342136192,66.71583677044265,"Haryana, India",0.0,0
wheat,11.110027245272708,25.122857757426512,50.81629723930296,0.0,75.25172551677531,"Haryana, India",350.86000430198555,1
rice,20.078952605116687,28.29586732780248,78.74290913573377,31.225911991136773,24.96404380607131,"Maharashtra, India",327.5780494887116,1
wheat,4.449066016440128,23.269290857012937,41.005447483719195,8.911137165518287,34.883687662676024,"Punjab, India",55.85504518174719,1
tomato,42.78589163610874,28.15604778417486,71.33593243565257,0.0,77.63376209754051,"Malda, West Bengal",478.4044300575738,1
tomato,45.537623255772225,28.17285009968267,81.01082738107765,17.767771894119363,49.30216921729105,"Kolkata, India",91.71461590364049,0
maize,37.79781971323316,18.630815040745293,65.22661774797987,0.0,58.147396087948486,"Malda, West Bengal",488.83033349755107,1
tomato,11.989393662548911,28.213797901944044,62.97562598957471,8.640525035424425,67.78131360759092,"Malda, West Bengal",46.89792934627525,0
rice,24.608692823763178,27.981381287148945,82.05435746740858,0.0,40.17583277975089,"Kolkata, India",825.3916444539121,1
wheat,13.154290380030378,19.09689856426791,67.6879942587475,0.0,62.46751564257062,"Maharashtra, India",308.67828994987536,1
tomato,8.651904513224125,31.00176576785068,86.60665232068416,2.6067630918506413,58.77497011162282,"Kolkata, India",392.45247993396686,1
rice,7.732147978995462,30.49132768246048,75.4381419283176,0.0,63.538711296840034,"Kolkata, India",708.9213908308892,1
tomato,7.602123592743093,24.847301120511794,74.11895119774823,2.778195293081591,43.266729170433884,"Kolkata, India",396.0013432621629,1
wheat,41.66616148673484,25.654529950776837,81.49817020802585,27.530496476589654,23.252048530521996,"Punjab, India",117.15413875649165,1
tomato,31.25137469406376,18.259558051537535,66.4851636383883,22.617802293113353,70.20596661529726,"Malda, West Bengal",0.0,0
tomato,15.735763727949776,24.96102197913904,69.51255901915466,0.0,39.76340550903613,"Malda, West Bengal",551.884112550695,1
tomato,45.43632826664603,38.94823174167773,80.4089164391144,8.90470806882557,75.09251605452646,"Malda, West Bengal",130.29868223382107,1
cotton,13.128260049668024,24.726765276177648,58.434953513991445,0.0,22.556797302249805,"Punjab, India",658.5972052976242,1
rice,35.454484525546164,28.619842830777426,76.86494040066019,0.0,32.18292860629393,"Maharashtra, India",886.7675649034262,1
tomato,42.001380270686695,21.298150261334058,72.29358059384991,8.453377848272329,60.62974348417005,"Malda, West Bengal",1.807507486132181,0
wheat,38.588630094405964,24.665797290896815,64.61240374509039,0.0,28.20384955493651,"Malda, West Bengal",440.8202333689406,1
rice,1.3726945115559686,22.92784434749648,64.44234580485613,0.0,65.50330378981312,"Haryana, India",600.9961668947356,1
rice,8.697970671497972,21.514724523628754,64.59130168960186,0.0,79.28415873501025,"Haryana, India",558.1766942835451,1
cotton,32.750719425567866,28.365039774837026,64.57884213317118,0.0,50.762877447097814,"Malda, West Bengal",556.2618191050187,1
rice,16.257201540861736,26.600034655960908,59.23949539239393,0.0,59.454913208199734,"Maharashtra, India",684.4956371403719,1
maize,6.03332280569463,31.352903026276636,71.58842156998725,0.0,70.56808301174479,"Punjab, India",619.881933289043,1
maize,29.064901427448405,18.53187231958853,56.384880275495306,0.0,68.63892785336483,"Punjab, India",478.8505955154738,1
cotton,2.529290210982683,33.65839268500609,50.096501925392026,0.0,52.76374979782746,"Maharashtra, India",599.7014111001571,1
rice,40.09298197676811,39.740092543269384,71.0928511641586,0.0,72.82749400206224,"Maharashtra, India",776.8811105192325,1
cotton,6.8340923492903745,26.29302812876465,77.36236706108768,41.81840346365731,75.60820198638713,"Maharashtra, India",12.930281287646494,0
tomato,2.5607406431210356,38.14356916758445,52.342732015900246,0.0,57.549688596664225,"Maharashtra, India",596.4243522530454,1
wheat,19.03353287737848,24.215895118590304,49.163019529630084,0.0,63.44201579934824,"Punjab, India",344.5112658301321,1
maize,13.168440557372014,27.93854603180492,54.63528796454568,0.0,33.07686780216646,"Malda, West Bengal",739.1038683991459,1
maize,17.621003073732545,19.09565894154172,79.20654108707816,0.0,66.09860247421538,"Malda, West Bengal",485.05224835695896,1
cotton,25.42516799270889,11.873207944842829,49.71620889548637,3.8146731874270774,23.551345298243348,"Haryana, India",293.95969851741756,1
tomato,44.21626598877168,21.866005070301586,49.74939529316134,0.0,63.09465619685901,"Maharashtra, India",421.7940456327143,1
rice,26.39606851603983,29.754160546734077,35.31317861916613,0.0,62.59398786367239,"Haryana, India",705.711123863634,1
rice,12.142930848498109,23.23477496141532,73.00416099551269,0.0,51.62708543410426,"Malda, West Bengal",685.1629074735387,1
wheat,2.3003562704880194,27.773250292446743,46.82780725034858,0.0,42.86645821670702,"Punjab, India",414.2356026695778,1
cotton,26.17745357155522,20.934060816056803,93.57284188127775,0.0,51.40632253160081,"Kolkata, India",475.8478280992423,1
cotton,11.541170757956424,36.19169251314612,70.41144391811756,39.40486048834746,39.11349549128501,"Kolkata, India",209.12913503206107,1
rice,44.302090710824814,23.964702575826273,80.75749218316699,0.0,38.95038582784428,"Kolkata, India",770.0166456739672,1
cotton,41.039327741821694,28.65411362649319,76.90860307652534,0.0,79.67669084549661,"Kolkata, India",536.541136264932,1
rice,31.993180437865686,29.27409609173499,82.16075946398517,20.426016662198542,77.65246136127632,"Maharashtra, India",51.28915310081993,0
maize,26.223204478293887,26.026103165121345,55.465457504343235,0.0,48.94070584782052,"Kolkata, India",623.3615300940135,1
maize,34.9287968013357,29.59751407096713,58.37972621989465,0.0,70.2631545881226,"Kolkata, India",600.5726547806385,1
wheat,37.518932336488554,22.06170835200779,68.17761005225667,6.44527295475455,22.152780907330943,"Kolkata, India",115.37754788428555,1
wheat,32.571992834426766,25.021041494299723,51.07240077915806,0.0,39.11312825018617,"Haryana, India",405.7747414309419,1
maize,0.9587080581031872,22.50270138730474,65.62663392614786,33.95164582621464,42.593619893745064,"Malda, West Bengal",63.483223666700724,0
wheat,36.82418340994681,28.977149580132593,66.79318501159803,6.69782213202906,65.41381262653292,"Maharashtra, India",42.948940459475125,0
rice,6.296157016429905,23.666101010643445,60.64909872152216,8.513917099284509,64.4004507663667,"Kolkata, India",190.9983445976642,1
cotton,4.058819355468095,33.775418028807685,54.97175281064384,2.6171285280987084,42.23608419085896,"Punjab, India",531.9182026198187,1
rice,46.77164916976681,17.716307729277485,61.33667941248558,0.0,42.49574308155973,"Haryana, India",653.5813290385144,1
maize,12.242995377257229,25.642543497606407,66.50190837155192,4.335872443737445,32.06810664059192,"Maharashtra, India",495.8739899734741,1
maize,15.88142970901278,20.51275211786791,67.97544637964864,0.0,57.98364840484399,"Haryana, India",510.7349414331553,1
wheat,18.936356353441454,19.223120578374274,51.216224252727486,9.117048080043439,75.68315144412762,"Haryana, India",0.0,0
cotton,2.64598409891664,19.80513258142618,70.25406570751286,5.919439336262837,63.428931434472574,"Punjab, India",152.07935900111994,1
rice,15.095110486914946,24.19857246209361,71.20091168124657,4.667640343559857,36.61283062114177,"Malda, West Bengal",554.1129810059244,1
rice,48.641619170822516,23.876783355420446,59.122206935654475,0.0,49.133960230115804,"Haryana, India",708.9051889032314,1
maize,27.595685145365145,28.379073838286622,62.57111037173943,0.0,28.64510966308776,"Maharashtra, India",771.2762629345488,1
maize,42.70980720282044,27.373456421161414,64.79850619043263,0.0,44.224447790089194,"Kolkata, India",666.9922422131827,1
cotton,40.56121009346509,25.192635914908326,51.82715084141116,2.13987505603303,41.202793215932076,"Haryana, India",464.18442402297416,1
tomato,13.78410981449319,24.060530875328897,73.69394861019941,0.0,60.50303738878181,"Malda, West Bengal",450.36226200396925,1
rice,39.4185431588856,34.02350075769615,56.98573671793403,0.0,22.47691489331119,"Haryana, India",1044.8794710686784,1
rice,22.484360380171964,27.86116797240456,60.846676791502475,0.0,63.44491758702912,"Haryana, India",675.9151331694558,1
tomato,46.494911758201845,27.580445506079986,64.69787273215717,0.0,49.4907354335751,"Maharashtra, India",534.7869729495372,1
rice,17.602623577117853,31.517639233632515,57.77574002278784,0.0,41.64373906976517,"Maharashtra, India",870.5271418359615,1
wheat,25.969576485254326,21.79697692980928,74.07342150027034,0.0,55.42291514010191,"Malda, West Bengal",327.57883850866494,1
cotton,44.81445644480562,35.36610006638654,60.877755849105064,0.0,47.628849410525525,"Haryana, India",648.1577620727275,1
rice,36.71483455601164,26.44855284559658,63.3983591338644,0.0,49.805728968686225,"Malda, West Bengal",742.0585565871006,1
wheat,44.99793518626169,30.619871670837977,60.45610663380828,0.0,58.498669825473215,"Haryana, India",389.3391016958658,1
wheat,39.26367839668063,24.005570288290862,48.752179164674374,6.879786182575161,50.57217522616702,"Haryana, India",14.238848361759494,0
wheat,26.35223789795001,24.419504580774124,73.67520494769923,18.65142257142957,34.845508722475486,"Maharashtra, India",65.65828024631446,1
rice,21.114657090258103,21.367805502721087,80.06443989903285,13.269238824565761,58.92776988418436,"Malda, West Bengal",18.02106753163423,0
wheat,30.997257231792553,26.888304982344945,68.27396752383177,0.0,68.45658194210024,"Malda, West Bengal",363.21813487641464,1
rice,4.190372255176593,23.739305254443714,44.0130087435149,0.0,72.32112535523808,"Punjab, India",584.8716630533246,1
maize,17.398765465367397,24.08528460363808,68.84850564682202,0.0,74.87442079925562,"Maharashtra, India",539.9381306400189,1
wheat,4.852394974500714,24.085439787749024,77.71674849638511,0.0,55.44508709363462,"Kolkata, India",343.5980785142432,1
cotton,38.803139515295015,28.25305448053068,69.83926909206224,0.0,27.236529401114975,"Punjab, India",680.3795060424103,1
wheat,40.263989154257416,20.52664861972923,90.48643819166949,5.962728999958649,45.238379453919066,"Malda, West Bengal",51.659061139411165,0
rice,46.50156762877985,26.23789708576394,60.13226381826473,48.15030561708557,71.71184097697432,"Malda, West Bengal",14.85476502916731,0
cotton,49.98493266306064,18.63443169010783,60.53785125883271,0.0,33.572345948218796,"Punjab, India",529.8426676012492,1
tomato,20.73773669389508,30.262520276176136,67.70989420868611,4.181364345938473,44.52324573365962,"Maharashtra, India",377.70413243157395,1
cotton,37.683467494208344,27.130932435541396,60.21633283412062,3.101501040987242,41.748278655920345,"Maharashtra, India",435.31673131033585,1
tomato,44.223481854818786,35.17137242988265,72.00804849830679,24.534747766870137,29.155684292905537,"Kolkata, India",272.1159433637489,1
tomato,41.67292173079502,27.87414867386302,65.30075804089151,0.0,43.974335522853636,"Kolkata, India",564.0249244709738,1
tomato,25.51855209412367,32.778712161235774,58.76720214077156,0.0,64.4033935576187,"Haryana, India",520.008409451122,1
rice,44.51951370797789,17.822231341369555,72.07685848817077,0.0,53.473155582517194,"Malda, West Bengal",598.7927386950271,1
tomato,30.354943856969122,28.85588628507955,75.54733190654285,4.196039628207526,60.093401635591725,"Malda, West Bengal",286.5658490616084,1
rice,26.30024558123617,30.229057526707333,66.0464232184866,0.0,75.33654299601918,"Maharashtra, India",662.7486903204881,1
cotton,1.8757431033703615,26.47296310471686,38.99018789500401,0.0,32.491092680512466,"Punjab, India",630.5896466455159,1
rice,13.940350164129752,18.118893897978367,56.47895005855571,0.0,45.535061608481044,"Punjab, India",644.0148567026785,1
rice,23.821148764335398,26.683580154840318,47.45762465322604,0.0,59.26519013238336,"Punjab, India",686.780570606876,1
cotton,36.3241741804424,30.249240265276896,61.02245791350889,0.0,73.5254500034423,"Kolkata, India",552.492402652769,1
wheat,16.033901632648924,26.67928924776444,74.8116640829862,17.693892773510058,38.268434096942904,"Malda, West Bengal",72.28230510539947,0
wheat,27.426496971986424,32.26137738765308,72.54540646399539,0.0,68.87519237032049,"Malda, West Bengal",400.82964171357156,1
wheat,43.057520835246166,32.13548948657831,71.47397248588935,0.0,55.866293673324336,"Maharashtra, India",399.94842640604816,1
tomato,2.207241124132958,29.517718235014655,60.184557421389506,12.617373793045177,61.95193416543398,"Maharashtra, India",43.348601002011605,0
cotton,20.486470977562625,24.289598738554393,63.53007812632934,6.550643270031607,60.17094245612073,"Punjab, India",165.36382388396356,1
cotton,14.771865760655139,34.16122629449433,67.04028496113801,0.0,40.22990077141351,"Malda, West Bengal",678.9939812303975,1
maize,45.02417438745364,23.47313131953176,37.82353479280239,0.0,68.1345930793909,"Punjab, India",533.2044445148493,1
tomato,16.577355737890702,29.423124981559457,67.56097051399158,0.0,66.4402581293264,"Malda, West Bengal",489.8081248340351,1
rice,13.5538062920673,22.352629238330188,60.27009909470708,0.0,73.10583891516886,"Maharashtra, India",568.2315508599623,1
wheat,48.36572246501317,27.016510983711512,70.13621506602705,9.620329278410738,35.96496991827473,"Malda, West Bengal",83.4250864784745,0
cotton,12.357791780109666,18.817456626974085,73.36599549252104,0.0,63.23442608359808,"Kolkata, India",438.1745662697408,1
wheat,41.33031133348008,28.378317908676152,69.69040352845741,3.308492288723002,52.739252456860925,"Kolkata, India",216.67085399940848,1
wheat,2.623347521788269,26.244155624042047,45.66578733289733,0.0,63.79319987136481,"Haryana, India",358.7090893682943,1
maize,42.167140206557946,27.993349609868382,71.27372670187422,0.0,51.49090127262757,"Maharashtra, India",632.5286665182507,1
rice,4.830591136537243,19.055783158852662,63.75214975163386,0.0,32.62410145222894,"Haryana, India",726.2643357207774,1
tomato,5.985174340413457,24.626477454975923,76.9621711133618,21.615631910359436,27.318466058155707,"Kolkata, India",153.77250118445988,1
wheat,14.071783263880015,27.95414609099686,40.67259992569133,0.0,28.433593806180124,"Haryana, India",469.15511746599907,1
cotton,36.85858032655158,29.252862445374358,56.747294548037985,0.0,44.36371250314424,"Maharashtra, India",600.2335287033807,1
tomato,19.182874902789404,22.37648703234825,59.43099135018467,0.0,72.76744241937561,"Haryana, India",426.3883832911343,1
rice,13.779541534260833,26.950815972377548,59.53320499751532,0.0,45.56949950871662,"Haryana, India",775.7119238848197,1
wheat,17.629698061787657,19.183720165893508,55.253758049445835,0.0,23.344092871023868,"Haryana, India",407.1933431141482,1
cotton,17.143196557698374,26.483422628374342,43.83958883667904,0.0,44.50278083788855,"Maharashtra, India",568.8775033383089,1
cotton,30.87351373344376,25.097393772062556,72.45600430488835,2.231471133599758,45.86987889866383,"Kolkata, India",435.1399082406633,1
wheat,5.741136743865128,22.747603075885014,83.61148542464795,0.0,32.82216762750221,"Kolkata, India",408.35890513558275,1
cotton,6.2052864287559215,31.215407492611877,67.1325520610639,0.0,64.05836838128063,"Punjab, India",562.1540749261188,1
tomato,7.320772044604389,35.08270175496572,64.97321912441868,5.235602131217673,70.03287561562261,"Maharashtra, India",278.9642092338078,1
rice,8.64284135232245,25.432244796790314,81.06110837947958,2.146973030104415,37.82330883260397,"Kolkata, India",692.5674179408436,1
wheat,12.132154516731877,29.658886327625638,64.6284257906977,4.078617086590933,20.67266139483682,"Punjab, India",310.0219368762998,1
cotton,45.19749262828927,26.602382516480255,61.48045270744274,0.0,66.83747270982212,"Maharashtra, India",516.0238251648025,1
maize,5.878975836937339,20.725399492133462,76.66327181740618,0.0,65.24887908478654,"Maharashtra, India",502.97939441346807,1
maize,17.513292425383913,22.345303189648494,41.545820955528164,0.0,49.48235803083516,"Haryana, India",575.5740393518644,1
maize,39.582754778198456,30.812552903819984,69.20659430424185,2.108471140681777,29.289879091606807,"Kolkata, India",697.0556521749954,1
rice,16.330161674425433,25.78978116017845,69.82753711689004,0.0,32.824454929359206,"Malda, West Bengal",836.053909759925,1
maize,7.467828825611399,34.69884131618345,46.1044642088294,7.0874330870803774,38.15142925938127,"Punjab, India",445.7923794632557,1
rice,30.424463991182577,33.88933570139404,72.04407956130646,5.364651794533736,32.580726679704725,"Punjab, India",702.870976481372,1
tomato,23.322751615876008,30.49159283476847,53.483150761751695,38.847555194593824,26.992644668919123,"Punjab, India",226.75670893337679,1
wheat,18.727394363461176,18.524301707580584,43.61737865041901,0.0,79.13293969337752,"Haryana, India",304.67011195306407,1
tomato,41.359099336029665,22.541330215926536,66.90839450928692,0.0,44.99592354270666,"Punjab, India",502.7670090516296,1
tomato,11.132106917593088,28.412620706645626,47.48931414437723,8.069911100388207,29.989973066081763,"Maharashtra, India",233.49814774097916,1
cotton,16.106275767390862,30.16587796965772,69.68626506315202,0.0,69.85941863405584,"Malda, West Bengal",551.6587796965772,1
rice,48.584509007437845,26.88668299892037,61.5765074894051,0.0,68.84245917861473,"Malda, West Bengal",629.8475104259478,1
wheat,32.17206839768373,28.1615502243116,67.15742814029396,0.0,26.8343429345785,"Kolkata, India",476.94395105807115,1
rice,22.604579273186754,22.911116919431194,58.08043513354925,0.0,25.49325363586292,"Malda, West Bengal",830.8175544838512,1
wheat,5.575481573740952,25.338221648669126,74.68623785705837,0.0,36.628570494774394,"Maharashtra, India",417.1025078712701,1
tomato,36.28894426250506,19.170718076728107,78.14552795857384,6.826639081525096,28.70073004377712,"Kolkata, India",190.5689308134974,1
wheat,34.37555276179147,22.53123304069217,69.7573894477544,19.876235041464213,73.44224164315528,"Punjab, India",0.0,0
cotton,1.8317556155568755,33.031891374018905,71.90782326480632,11.039443958676806,55.3021254946505,"Maharashtra, India",80.31891374018903,0
wheat,0.7145878761623932,31.177995334608028,70.6446490286277,0.0,63.89802989654281,"Haryana, India",393.2459673422562,1
maize,46.14437522521861,23.412903251992862,82.37028972055683,12.26427191595696,52.36191613068452,"Kolkata, India",23.217935465457117,0
wheat,21.216602551622334,30.3445762468165,75.57562287713593,0.0,53.91627242883397,"Punjab, India",391.61052475123785,1
tomato,27.532309305411783,28.172412779749504,67.32202338205398,0.0,26.725112954390525,"Punjab, India",649.753050520171,1
wheat,21.44560430665065,26.112679205697447,66.58827244793201,0.0,35.815350852401025,"Punjab, India",426.42927166873784,1
cotton,15.042845097796372,32.0802072615415,74.2764631504761,7.274877532272541,44.50404010714953,"Malda, West Bengal",266.9693526110613,1
rice,12.426144181106608,26.056577107328167,60.0690898210748,0.0,37.05704358310919,"Haryana, India",814.5134766210185,1
maize,34.77532909243636,33.95907581853864,79.2462407018554,7.669403169213715,41.69749399472841,"Kolkata, India",383.78054785898667,1
tomato,24.811515320770077,26.910240321351477,52.730372210313234,0.0,21.644125867832795,"Maharashtra, India",658.067604918735,1
maize,46.670188732719616,29.616969275328437,65.50090148570797,0.0,41.35638260103815,"Maharashtra, India",712.7950286812214,1
tomato,47.97355796074095,21.46660334677604,69.94440923493606,0.0,32.34477092276525,"Maharashtra, India",544.3084262736575,1
tomato,11.7642280732199,24.193041797160426,76.74404801056949,2.9100560404757765,53.36109658765713,"Malda, West Bengal",337.69591532957855,1
rice,3.764994833106382,29.072318679525928,70.46568652411916,0.0,50.79250739900227,"Maharashtra, India",773.4990634690055,1
rice,41.78092717091536,20.528242484328082,64.30482450923526,0.0,37.82831717407803,"Haryana, India",722.1053310312333,1
rice,14.9133142050713,32.13031016822475,73.01247893018554,6.275597170268717,48.08004206487936,"Malda, West Bengal",522.059142990207,1
cotton,2.762669060561412,24.93179462956299,54.336548232029955,13.723937831369938,59.23349444243032,"Punjab, India",0.0,0
wheat,28.879626572859166,16.2579718559704,53.442587263990085,0.0,68.7178765224547,"Maharashtra, India",288.8058029917928,1
wheat,33.67463313092266,28.33925584660008,71.47469035582915,19.884647877873824,75.29022362553765,"Malda, West Bengal",23.374790926200546,0
wheat,19.162482905209853,26.45672230557078,48.5110693193981,8.117499398569937,72.3727587997,"Punjab, India",10.197056138995436,0
wheat,2.0062125154001578,19.8951997527318,75.21650835057677,0.0,44.34263531949989,"Maharashtra, India",347.75891440093585,1
wheat,44.97195052178108,24.139995297424505,55.79846197906427,0.0,69.60575491901913,"Malda, West Bengal",343.97996708197155,1
tomato,36.63891181150329,30.173340508764678,67.86954564094698,0.0,30.555375759816926,"Punjab, India",655.1843113354164,1
cotton,30.625308286955814,30.973112096374976,62.36151337266041,4.002389426652897,48.03394293858689,"Malda, West Bengal",398.602838907927,1
cotton,30.772568955926825,30.856140274396587,38.23633846738071,6.684519347707484,71.30635026439722,"Punjab, India",224.3354353585916,1
cotton,39.50201710011909,36.67104942410257,69.67947893952292,0.0,36.18101959528047,"Kolkata, India",732.7691213060934,1
wheat,20.58943976592814,24.77269899123919,67.89438137195634,0.0,70.82495559335112,"Kolkata, India",348.40889293867434,1
maize,19.7317122987448,27.300606596971438,69.88661537260477,5.202643456913205,34.337992015315784,"Maharashtra, India",462.8097439715095,1
tomato,22.158294469453605,26.37241202618433,65.94243526794202,3.7001770853215654,22.92678479380116,"Punjab, India",460.3102904792146,1
tomato,24.769649267546068,21.863097782879116,67.169576318007,7.094584644603305,25.995522811023946,"Malda, West Bengal",221.00280737753462,1
tomato,20.06974703604699,21.163973285920356,65.12407841005039,0.0,45.12152004096865,"Maharashtra, India",487.67913118535944,1
tomato,39.04963719416475,29.419947323199864,79.62345815872773,0.0,30.627235741946294,"Kolkata, India",645.8857995859233,1
wheat,40.602152832913845,24.468014291435335,56.485910723470404,0.0,60.15420662832044,"Haryana, India",346.27610004004737,1
wheat,32.78382387850679,29.79273856939614,65.34661432057186,0.0,44.78807127988097,"Maharashtra, India",422.71693783132827,1
maize,36.82744318394878,24.515570086538503,93.45304563471828,18.25292566645469,36.38999626469462,"Malda, West Bengal",123.26817836880798,1
tomato,30.774648608352177,24.894686252094953,73.83350753110943,23.988642502589247,69.07846063374305,"Kolkata, India",0.0,0
wheat,23.582961966125286,25.553338122688974,86.33264681561855,0.0,38.44424597960948,"Maharashtra, India",412.45977101964377,1
rice,35.2449357265307,30.840113533381302,65.02254857718827,0.0,30.478331884247687,"Malda, West Bengal",934.9086945540425,1
rice,47.20865020769447,22.862409520431626,76.00854322356089,0.0,65.54873843224827,"Malda, West Bengal",599.9146867297745,1
rice,42.818089074739056,28.114672159226014,70.0061538713502,9.82888863115792,68.35642417936131,"Haryana, India",156.40739325866286,1
maize,4.285420065880688,28.466531180085124,72.0403242695174,17.942811763894586,51.87398365937571,"Kolkata, India",85.92353264598194,0
wheat,44.38860626490888,35.836618463492385,62.15297209469709,0.0,51.109698459471716,"Maharashtra, India",442.42342458148056,1
wheat,47.52094998421014,26.05079528388961,65.81961282878989,0.0,34.81632160351028,"Punjab, India",429.48306535988155,1
rice,4.497926148767133,31.7513964174414,78.22047204325693,0.0,42.36696559651159,"Kolkata, India",869.2023517671969,1
maize,31.710220972245306,25.202025864953356,49.33505833695802,0.0,42.220044680066785,"Haryana, India",650.4071599678772,1
rice,34.934259591821714,30.94641716478798,59.93051309740374,11.733865803406593,72.96522849475659,"Maharashtra, India",84.6637158071261,0
rice,8.028672984171145,30.625854249394493,55.18537708056512,15.087899378430087,59.09519601609144,"Punjab, India",140.30093543598764,1
cotton,38.28416120968877,40.0,71.8216095444462,33.35609462846939,30.454006453065077,"Malda, West Bengal",309.5489580550769,1
tomato,21.071442686857985,32.85709500952099,67.12450950943484,8.923208283268027,67.42864694851141,"Haryana, India",74.55344092228756,0
rice,16.004238686256187,23.094998859659725,57.071390503924945,0.0,52.456174591884505,"Punjab, India",678.3924178756029,1
wheat,49.65470978839557,28.07517906068615,60.76019666179033,19.94493190232543,66.62958177558974,"Kolkata, India",21.52625342480303,0
maize,40.89831698693004,30.596329270656256,66.19197669137117,12.991467101510333,27.321303717870485,"Kolkata, India",261.4093334272935,1
rice,48.61933253108859,24.0619542767786,49.83105485762399,18.44651463408173,48.427234352057695,"Punjab, India",115.7516963425038,1
rice,42.54147705374259,16.789606196372908,56.0287638998664,22.507688392454455,52.120630954410345,"Punjab, India",0.0,0
tomato,35.876728783579345,28.80649495368113,57.325957496850556,10.159519761518043,41.01209978594484,"Maharashtra, India",138.31542808207882,1
cotton,13.436841009017176,24.383369990800446,58.543128296340825,0.0,46.1419184329563,"Malda, West Bengal",537.5778918514053,1
tomato,3.3201895174658507,34.1426989517845,46.47253470769752,0.0,51.703019439023606,"Maharashtra, India",589.7549219476092,1
rice,11.008187133876543,19.33294306931581,76.71796945186247,0.0,48.95457102326044,"Malda, West Bengal",643.9560133952046,1
cotton,39.90624196534396,25.91964663135798,58.7108029199381,0.0,39.98734185459942,"Punjab, India",585.6403910896975,1
maize,28.473553074860753,27.528095746474268,57.38081101606341,0.0,56.936735140237424,"Maharashtra, India",595.508874894763,1
rice,36.358558652941134,24.75066237582515,72.16954826589438,6.813204086888093,77.35037965460853,"Maharashtra, India",256.34774416549715,1
cotton,11.482525929881508,22.73005999023151,84.17826491302655,14.55741560703771,31.515517198863705,"Maharashtra, India",89.39217719609462,1
rice,34.90932964011113,31.712299447033548,71.70996493204267,0.0,33.299280496227006,"Punjab, India",930.3134566947498,1
tomato,5.849403107480022,28.3685896930564,44.024424204861134,0.0,56.513268850140506,"Punjab, India",509.07261308806187,1
rice,13.441817013983679,17.81373846375784,63.31109953960024,0.0,54.358872619501376,"Punjab, India",594.1234779987329,1
rice,36.03327162780234,27.763150474213706,58.363673927668586,0.0,36.79540915995321,"Haryana, India",843.3952644419348,1
wheat,22.807088181995773,29.734980191776735,67.87688552019584,10.618283626755671,41.65889174203155,"Malda, West Bengal",84.26063207897482,0
maize,46.236895227614056,25.052786112369105,52.29839893387826,0.0,42.1272103936906,"Haryana, India",648.9847679296178,1
rice,25.41440233264669,26.0801989898258,66.28339027202938,18.57696540797946,51.21467399661165,"Maharashtra, India",128.10937071892863,1
rice,14.456574761097691,20.177355869607382,60.38960281037568,0.0,60.59455442501985,"Haryana, India",593.1178498576609,1
tomato,30.078887651817038,24.5641563733783,72.70994669002488,0.0,52.134644240996785,"Kolkata, India",492.31491759384863,1
tomato,30.94353400700845,23.666213308059604,64.0300780238181,12.708002114453937,78.61853865540101,"Punjab, India",0.0,0
cotton,21.593029992849612,19.72589647864406,66.98837515050423,0.0,58.45779287622965,"Maharashtra, India",447.25896478644063,1
wheat,41.45382319033754,33.02255904211698,71.64745732722704,14.815713446311296,56.01241145556028,"Haryana, India",56.15791329481891,0
tomato,29.65632122703681,21.13346985405581,85.22432302436312,18.44093949901848,39.840573125790925,"Kolkata, India",59.28344748153785,0
rice,19.22609319268229,27.84596251390462,71.65444980060812,5.3564884558585275,72.86486033323354,"Kolkata, India",366.3271273739291,1
maize,16.406252809525544,20.62436741357432,67.4958863172014,11.256657376421458,62.84755596708376,"Maharashtra, India",0.0,0
cotton,46.370546174527995,27.93840990634327,78.21021124956609,4.0052922652992295,26.615567378915788,"Malda, West Bengal",479.3821587038651,1
rice,33.80120904304932,24.821009822598043,75.91691201416617,0.0,22.386771910201567,"Maharashtra, India",882.5088103928704,1
tomato,42.7236697558746,23.460847097626345,60.02432599493957,20.23001489408431,31.690145492037196,"Malda, West Bengal",120.52407223558203,1
tomato,28.783364342055954,17.457791011607714,55.63787120184657,0.0,44.80395453614135,"Punjab, India",449.7402691077472,1
wheat,41.2291528425433,28.337479440861458,49.18232318195002,0.0,28.793428458885586,"Punjab, India",471.207829041306,1
tomato,8.508393856846507,25.37189358425002,68.94322787242822,0.0,55.29727303012978,"Kolkata, India",486.000391938094,1
maize,27.57260408389025,26.637878310662316,68.7960325306325,0.0,21.944783747156528,"Punjab, India",784.176630271815,1
maize,23.467862606164278,28.45592863392428,69.9093111599205,24.081574424467764,38.33216880727321,"Haryana, India",165.4253591411025,1
cotton,1.7327367228403352,25.096830056980586,59.70812424623206,0.0,53.5412152181311,"Punjab, India",508.27634990050547,1
tomato,31.1650313582203,30.260007279263743,87.95316761604936,0.0,21.72113441839083,"Kolkata, India",700.1497023125594,1
rice,29.851493047115746,30.076584426039524,57.06659698494491,0.0,24.082943300297835,"Haryana, India",964.393571102441,1
cotton,0.8996181934832239,29.145413096206198,75.51573538819825,0.0,44.73166694318566,"Malda, West Bengal",597.0524444791262,1
wheat,19.673677717108717,28.00811432440632,62.64439189045949,0.0,53.124386236857916,"Maharashtra, India",378.01639268579885,1
tomato,2.0128868773584356,24.384596208674377,80.10051833878168,0.0,27.2279221718156,"Malda, West Bengal",601.2321247667934,1
tomato,3.0908448643844086,30.71178915696247,68.21212897008031,6.206150775900908,53.67376043233161,"Maharashtra, India",235.35386742346714,1
maize,4.134231792189089,36.433989022176235,47.14491813208386,10.627229780182649,52.018917087061226,"Haryana, India",198.34646384124756,1
wheat,7.489910309233936,22.143853527744913,66.25727429373568,15.389465807087664,64.16412152137892,"Haryana, India",0.0,0
tomato,19.987152819099894,33.29018317089292,56.65456700764681,0.0,77.67206529300682,"Punjab, India",524.6116485380362,1
tomato,32.85113794177593,38.379279409384324,83.29819767491688,0.0,31.953646627401206,"Kolkata, India",744.6540425650344,1
cotton,26.833282026138512,31.22225578956691,76.72721179823112,0.0,78.46398992954873,"Maharashtra, India",562.2225578956691,1
wheat,10.736840993470935,20.120100981164455,63.12476168095033,0.0,22.373043760175314,"Malda, West Bengal",418.8899160855758,1
wheat,37.803889612299315,31.462859443222563,36.00232106643029,0.0,30.378132566245984,"Haryana, India",492.5554889124777,1
maize,12.71232816108741,34.10077640966728,66.60486140298393,0.0,56.55069847638311,"Malda, West Bengal",672.532744299189,1
rice,16.574315190039403,24.069017020602885,60.53349518841226,0.0,64.02664537542923,"Malda, West Bengal",624.001001016414,1
tomato,38.15606307925122,27.794647350081625,86.2749927710257,11.505395866596935,41.35744718014986,"Maharashtra, India",125.61105196913616,1
maize,22.509000048797844,29.698612432437137,33.20218808035748,0.0,40.03996519700089,"Haryana, India",721.781219617801,1
tomato,14.45315064601811,25.919226014435246,44.90070735531426,0.0,76.26279701917848,"Maharashtra, India",458.2730341299172,1
wheat,46.631725393499025,23.63837695002619,57.31331383590959,0.0,50.58080801169987,"Punjab, India",355.5146014520867,1
tomato,24.65552334349031,30.877580607720336,69.98569691004226,0.0,54.17425418524511,"Maharashtra, India",544.7682534289851,1
rice,25.746495335761107,34.03605510739198,80.82312885524483,2.764291887045868,41.00998141146185,"Kolkata, India",775.5928271312812,1
cotton,10.020452297154105,25.712698403838953,57.22645625359036,15.603260672863888,35.52293613130033,"Maharashtra, India",105.90043061495703,1
rice,42.22493662089275,25.277298897758037,60.608391980882,0.0,36.45275230224064,"Haryana, India",805.7273867367811,1
cotton,28.607098029694097,18.478646710254395,79.72583913387582,20.05378118602201,45.034407150542904,"Haryana, India",0.0,0
maize,39.51946861074622,26.71524294074756,70.46994933515637,0.0,59.15117942051081,"Maharashtra, India",573.6963382211761,1
maize,49.00904991556679,38.99418519130642,68.43355348386302,0.0,44.57925035313902,"Maharashtra, India",812.48825106027,1
maize,1.4455531825941037,16.660074891397542,54.70190787733572,0.0,25.26411792518188,"Haryana, India",617.4417631574973,1
rice,47.399674433679365,26.475632764326456,65.87817564457708,0.0,36.843856227970406,"Punjab, India",822.515610854742,1
tomato,4.961675805329299,22.694540752520737,65.73886416148069,0.0,41.455686631916805,"Haryana, India",519.5837643115441,1
wheat,43.89875427031289,17.083420142349432,56.600710381813755,2.345794539091862,70.55985477775678,"Punjab, India",177.2942140418529,1
tomato,40.55619897623619,26.473277270552316,64.6743344436004,7.831249726138578,22.828374417723968,"Kolkata, India",255.4795816313448,1
maize,25.703865974081324,23.46313725061506,76.1276920463887,0.0,36.58180877529057,"Malda, West Bengal",657.9356014600323,1
maize,43.735930111533854,22.58015841276973,60.44067379094889,0.0,61.01301902345644,"Malda, West Bengal",523.381742540467,1
maize,43.571597527249565,23.536598581003283,66.73993557660332,4.359226497946515,48.463575244103836,"Punjab, India",377.53452941176715,1
cotton,22.946875757811476,23.70201490795499,69.98198218362073,6.431165724891044,64.57887308891199,"Haryana, India",165.46186283499765,1
tomato,12.85212372206641,18.97628576972411,47.43737396047233,56.45678625121307,66.05756113331944,"Malda, West Bengal",0.0,0
cotton,42.81591573622213,30.489077415408456,66.2786911265242,0.0,50.02230619455966,"Punjab, India",582.5115378461123,1
wheat,18.716614257049144,21.82072729115068,82.2921700961701,0.0,62.79964007083291,"Punjab, India",327.74509103805474,1
rice,13.284748476678917,23.857239293144694,65.48753287003831,0.0,64.39872658999552,"Malda, West Bengal",619.1264021584063,1
tomato,4.387120733793273,28.30128281811826,83.71284301885558,2.467168345072577,57.93360174629798,"Kolkata, India",378.2586677397014,1
tomato,45.427096191485134,28.587652582003397,50.077302868720054,0.0,26.049888731736523,"Punjab, India",658.0837041677469,1
wheat,1.691844582161494,21.83501483851854,69.43600052794599,0.0,67.27065581582099,"Punjab, India",327.8451038696298,1
maize,1.0728737212282111,21.87941230114688,76.85687308842274,0.0,35.46426342890118,"Kolkata, India",642.1978355037913,1
rice,32.488064627321634,20.782285812512228,72.22710498985391,21.881250967108453,20.76843995782562,"Maharashtra, India",219.85943209174877,1
cotton,18.238102679306504,28.688033822384813,79.80196341689589,11.72200446950101,68.8342083363496,"Punjab, India",36.880338223848184,0
maize,13.965913500787336,22.988859064951168,55.759643446875195,21.47116444725332,51.71013724567015,"Punjab, India",21.637765806848506,0
cotton,14.834061305138697,15.185524937562873,65.06211505995722,0.0,32.65744610221465,"Punjab, India",491.6399750584583,1
cotton,47.85314641252102,29.389332767718482,60.01904399641125,0.0,57.32815595116,"Punjab, India",543.8933276771847,1
cotton,13.26247507766471,29.69982430441752,55.74421245626529,0.0,59.61074621820172,"Malda, West Bengal",546.9982430441752,1
maize,49.31763326271172,23.00347555719337,76.01548927805806,0.0,33.518202581781935,"Punjab, India",667.8722457874845,1
maize,18.27978389411997,25.544919317254017,53.37182997339002,0.0,64.29512261461541,"Maharashtra, India",555.9941124897942,1
tomato,45.38704375941677,28.27267150518474,68.49766913770715,0.0,58.85633063490288,"Kolkata, India",496.92376365109186,1
tomato,25.311714372068817,20.95104327144812,60.549307680442595,0.0,20.47857004048955,"Haryana, India",587.3429586188163,1
maize,14.518202287473757,24.666346272365697,66.07243348396045,0.0,26.595498397950116,"Maharashtra, India",728.8285587945751,1
maize,21.64995937191596,27.261829620915368,65.84451728557356,0.0,35.61313593949142,"Malda, West Bengal",715.0753606271286,1
rice,8.666241739950634,38.95512969895576,79.65229669945005,0.0,64.56061506489316,"Maharashtra, India",809.2067446683457,1
rice,32.89466692616401,20.78055779974989,67.90660523985618,0.0,67.06027869623037,"Haryana, India",565.5165433244844,1
cotton,20.834451427945183,22.2730920791957,70.22928972102565,0.0,77.55427428100407,"Malda, West Bengal",472.730920791957,1
cotton,26.818149040195653,17.836454574584444,76.28994587234695,0.0,36.45375026151356,"Kolkata, India",507.81010419100176,1
wheat,17.786998400002275,28.584384849592833,62.94570670506795,0.0,54.33031263725939,"Maharashtra, India",377.6026289233299,1
maize,40.83736636752219,30.38883283090402,77.65006359068305,9.789230703018132,52.27948523199926,"Kolkata, India",166.85495919290264,1
tomato,9.532050902200611,26.997454993120456,60.56454502757143,10.720708888885797,39.11084225241672,"Haryana, India",127.43299589571018,1
wheat,21.5490318911837,34.333994823646215,34.19061495376866,0.0,48.328889030526774,"Haryana, India",443.04562022667204,1
rice,38.66996535316693,28.135424965874936,68.29707077217762,0.0,36.96141034886263,"Kolkata, India",848.2874397568602,1
cotton,35.311423951080556,25.209511414899644,51.343546543858125,0.0,41.489787311072405,"Maharashtra, India",569.9292319712397,1
wheat,36.31659472917877,22.18868909214556,51.38867999703343,0.0,35.168111986827384,"Haryana, India",395.8296794744885,1
wheat,16.19522241951393,24.160844897771835,95.94797785715863,0.0,55.43456621701656,"Kolkata, India",344.1259142844028,1
maize,32.98815053504915,25.72095898282115,54.70132266732545,25.477643244884703,76.52660310813238,"Haryana, India",7.930548811032622,0
cotton,8.003962571296455,18.657219002791294,60.06248682722425,0.0,36.008381655630856,"Punjab, India",519.4843141556682,1
tomato,24.482107589343933,30.307730243780995,72.02088369450856,0.0,41.96550420471852,"Maharashtra, India",599.9840440664024,1
rice,23.54380832929597,26.701879779946577,53.78363741196587,3.215834192445267,21.383558507456645,"Maharashtra, India",761.2582173422497,1
tomato,16.87830181997627,27.777025848470736,88.65115849391796,0.0,30.58823760233939,"Malda, West Bengal",626.5719444400797,1
maize,22.480239765100812,27.799550375638695,79.7950852464261,0.0,28.88697728177854,"Maharashtra, India",761.4979512704293,1
rice,15.857924185325555,28.429912678162463,85.55131965631955,0.0,22.357877167274957,"Maharashtra, India",946.6206876685242,1
cotton,24.134540796042682,28.358440325065597,63.29678484243153,9.583940148636614,78.0359639817865,"Malda, West Bengal",54.38739581882521,0
cotton,41.256956845152814,30.51440308080579,86.6421179855456,0.0,35.09609881623085,"Kolkata, India",665.6393501276867,1
rice,40.71829905902045,31.784772711906694,69.7991047318428,0.0,55.85863254104693,"Malda, West Bengal",777.7789929819447,1
maize,1.2597597218212637,27.080663763490314,29.17087688570537,0.0,43.00171290426604,"Haryana, India",670.268329625095,1
wheat,14.225850216705805,21.043217123252738,49.665142260869374,10.18638685126649,35.03581641176436,"Punjab, India",36.64758663768208,0
maize,6.190135012446472,18.87466612427837,41.29862257240107,3.03280517406814,43.0934080981509,"Haryana, India",412.5758869128914,1
wheat,28.66266122778062,22.275605579131337,82.89639138815099,0.0,77.39972484468618,"Punjab, India",330.92923905391933,1
tomato,17.64593294740608,26.633479110144584,69.64301672657241,3.150622133234142,66.6997336781091,"Malda, West Bengal",307.1702053295942,1
tomato,15.619838031052353,27.967860055772963,69.04840648514384,19.079557954542675,40.49347258795919,"Malda, West Bengal",131.61822028666256,1
maize,0.8793689888643936,32.66964999595283,93.99929518483498,9.421179176891208,49.5834669144846,"Kolkata, India",229.38615100434367,1
wheat,18.106088919533637,26.713581806630867,75.6423381438391,0.0,58.51709425425828,"Maharashtra, India",361.9950726464161,1
wheat,27.343040702951207,36.04320520450024,59.19670634836204,0.0,63.45977425442806,"Haryana, India",427.3024364315017,1
tomato,27.66790448798105,29.077196256456098,33.650781092389884,0.0,70.20405095315965,"Haryana, India",486.6947663081049,1
cotton,28.824424383431396,16.507367948887136,82.34695279194261,18.100949326392563,36.840422615620085,"Malda, West Bengal",0.0,0
maize,39.55409200270217,24.246670630866713,66.70262774871118,0.0,71.50166614354151,"Haryana, India",541.7133769395339,1
cotton,5.773310453671748,25.28541618448899,72.8756744849026,0.0,39.50984920955332,"Maharashtra, India",580.7470297707001,1
wheat,42.57316247544626,21.90697047796055,44.01275823218533,4.980930015072564,49.418829137798085,"Haryana, India",97.62799977269873,0
wheat,19.75069720762916,20.05944211557378,79.10122693265292,9.002375094318593,23.954818802235252,"Punjab, India",63.33759296938905,1
maize,37.77532961657024,35.530835654422305,51.965275712184194,14.125259012062028,69.36394453948816,"Maharashtra, India",115.83919219864526,1
wheat,28.836347975249858,27.604115929929947,72.22182116505154,0.0,52.83500906287927,"Punjab, India",376.2009319065579,1
maize,33.070539085275186,31.479403297948664,32.573002925290375,3.6503763324384364,58.71833231379505,"Haryana, India",446.7172805312564,1
maize,4.31167287905769,27.643391211740415,57.03660422726178,0.0,63.12975720631177,"Haryana, India",579.0773033291446,1
rice,33.87912335933703,21.200431574802238,63.87395831922889,0.0,70.53050687266737,"Haryana, India",554.4051788976268,1
wheat,4.683517703480317,23.798930574861213,61.76693683426499,9.254268447506366,47.79047600134547,"Punjab, India",16.219708300198192,0
maize,33.18823528705067,24.7974288782201,69.19874622791768,0.0,55.7872028697207,"Maharashtra, India",570.8482288625008,1
rice,43.36485179627098,27.240263993024627,84.75064639169304,3.385258192027015,53.83944700649679,"Punjab, India",558.9280448734094,1
cotton,43.74989749619523,27.857782855193808,66.15044601976025,2.4881315501709436,52.99034726904372,"Punjab, India",414.79382981011423,1
tomato,37.72232817148084,38.0531669629191,55.65603099006033,0.0,76.84028272389878,"Maharashtra, India",567.4785026662719,1
tomato,33.52020798668773,37.25339336663649,74.2374370368407,0.0,61.14892598730606,"Kolkata, India",567.8503450778993,1
maize,42.752717718752415,24.85157140899645,63.28066984583546,19.029818749631335,32.82518643796899,"Haryana, India",147.38507296847388,1
maize,1.6324582884842207,26.800554453197986,77.56311290689408,0.0,43.909555223864274,"Malda, West Bengal",661.4904346734412,1
cotton,13.58501130058965,35.794583120411716,65.0738496639418,0.0,72.47012553696067,"Malda, West Bengal",607.9458312041172,1
maize,22.108943244095393,33.939940841830285,75.77422361941716,0.0,31.116519643962487,"Kolkata, India",835.6023178441452,1
wheat,47.9227087246357,32.782088857487196,67.49906342511693,0.0,33.205395925215015,"Kolkata, India",492.62826445081885,1
rice,48.37522082534033,25.103543418427016,49.31273045793674,5.874527572485309,57.23616065563947,"Punjab, India",384.25777184997827,1
tomato,23.411410521665957,23.655461618924953,65.57786723886163,0.0,48.44054130485975,"Punjab, India",499.4654053335077,1
maize,39.97292467186113,27.300648206136433,66.96511926001214,0.0,64.3078044848984,"Maharashtra, India",575.3071302675008,1
wheat,25.448022298133207,29.364928206712847,55.61818880802651,0.0,26.280806242266998,"Punjab, India",489.84668092255805,1
cotton,21.010792839395595,30.285286983535734,61.38695852298457,0.0,41.21172841326824,"Maharashtra, India",629.081725003297,1
tomato,15.94120714011569,29.48895334837536,67.2404251577602,0.0,38.842270975789006,"Kolkata, India",606.4182205169647,1
rice,12.484977651137347,17.10088412338283,57.143522082769955,0.0,44.70497174067597,"Haryana, India",633.0037759178133,1
rice,13.508643425762884,16.825673817225265,45.86898358267432,4.452316315277265,38.142801128804216,"Punjab, India",439.18612708889333,1
rice,34.20947595092259,30.77835251428756,34.258900063844045,2.7722226219416934,39.862433403228934,"Maharashtra, India",732.4519567012676,1
wheat,44.484864286091536,20.146893937430374,55.25749840241667,0.0,66.35346552039059,"Punjab, India",316.0282575620126,1
maize,13.451538977148632,25.010152790893613,50.07792209031955,14.155658888963178,43.16286599343863,"Haryana, India",92.73472156500702,0
rice,11.711930944522344,18.9325886510276,76.76580420138741,14.22815087507341,27.896332968100953,"Malda, West Bengal",149.15783394180164,1
cotton,27.947490429671937,24.777065314165128,77.23932348866126,15.25805013095134,79.98392505774035,"Maharashtra, India",0.0,0
rice,49.28316569837731,22.827749001757766,52.350396468913644,8.446922591053415,67.81888409043322,"Punjab, India",164.1050021804025,1
cotton,18.724254522161736,33.26226573215064,68.0361804628516,0.0,48.575144535666354,"Punjab, India",620.0553209568732,1
rice,33.0539526464268,23.99551318715966,42.99343278727652,0.0,25.332043953818143,"Haryana, India",850.5696897864165,1
maize,12.683490030052154,24.230113523064414,55.59295477719222,13.017223912751795,54.79950542210703,"Maharashtra, India",19.69355198274127,0
maize,24.737336900843705,34.36795473599828,67.15245532384309,0.0,26.34612777573313,"Malda, West Bengal",872.8232740151292,1
maize,44.61795602248568,24.325449246835355,70.49526674429644,27.177364858398658,46.23320765949208,"Maharashtra, India",67.275795572368,0
wheat,1.9283901424172931,36.78457631921442,71.73711774340546,0.0,43.36692857757271,"Malda, West Bengal",482.8041414733092,1
maize,39.18564682687044,20.13539189877119,77.54548724781978,0.0,22.95744023914667,"Malda, West Bengal",680.4016605778575,1
rice,9.115102714318176,26.849235688594185,73.99209572096419,0.0,75.26131204150425,"Kolkata, India",622.1908282631302,1
maize,16.41573017444504,31.52649126437433,49.69461681707318,0.0,61.36322297375414,"Haryana, India",621.7914039081176,1
rice,34.92720441274334,28.221203155404023,51.47353685146637,0.0,69.42718536089836,"Maharashtra, India",642.3127439782103,1
maize,15.615893721564735,20.552008234610547,78.30956816651252,0.0,69.34172714496276,"Malda, West Bengal",501.072090580716,1
tomato,42.19256808033924,20.827971711191275,59.265651610094864,13.400529146780308,34.6079109670689,"Kolkata, India",77.49315344576905,1
rice,14.948152916130997,34.50686614728772,63.443220646630714,0.0,41.595313969720074,"Maharashtra, India",916.9152557146048,1
maize,23.557379889628823,25.83953765488658,58.10091140190458,0.0,29.49557358861918,"Kolkata, India",729.8263170737847,1
cotton,13.83116650773576,24.72255697816384,57.306461833267065,12.165105070659928,47.55754721205159,"Punjab, India",34.231348062244365,0
cotton,9.017158941171262,16.024655452906515,75.50817351713877,2.6813537263756606,65.55277882659502,"Malda, West Bengal",276.1788682102822,1
rice,35.89852307240324,24.024832610220727,69.02809105970383,4.909992003183731,43.94603521788139,"Maharashtra, India",496.0733426365763,1
wheat,3.2712130404533264,30.056751308765712,74.86731520333498,0.0,35.67077924351479,"Punjab, India",459.89154617410276,1
wheat,18.404288668878706,31.49949085434738,49.73412675857243,13.16919149258264,28.20635019200918,"Maharashtra, India",151.46436604011308,1
wheat,17.005497869660374,23.411599868249418,56.66925663466134,0.0,59.26588436880873,"Punjab, India",338.8811990777459,1
rice,40.10199600720636,25.994699226912022,70.81554259540843,0.0,44.7591523065111,"Haryana, India",766.3943230863558,1
wheat,29.31053052904242,24.857654713388275,77.01409194675297,0.0,54.54965880284139,"Malda, West Bengal",350.5752899074983,1
maize,1.8395023753322088,29.041837150289616,65.82047080577416,10.650503909271968,68.1165376153669,"Punjab, India",61.93501318958738,0
cotton,40.08895640917265,22.4414123707557,53.72864503310049,0.0,44.74619447128136,"Maharashtra, India",523.0596253533046,1
maize,6.938350481980178,32.179507760238614,63.67985793171159,0.0,24.02315641695432,"Punjab, India",855.2597881156463,1
tomato,32.796967158894354,23.483342333036454,51.03328590229413,13.825310184454311,72.99680789072076,"Malda, West Bengal",0.0,0
tomato,37.46980320115962,31.229005945101676,77.02761269076262,16.259758476525892,61.08029970315138,"Kolkata, India",63.24560378477372,0
wheat,33.53524265727084,27.798460521585234,78.48660952172223,4.073321648375315,26.972231779839028,"Malda, West Bengal",269.5107522039526,1
cotton,37.82811077356244,24.909421627002395,50.304461718291954,2.450479280484653,31.347528985884132,"Kolkata, India",494.61836708218743,1
rice,25.399599540787435,22.439346324761594,48.16359554867367,7.431861490110007,51.79809846276201,"Punjab, India",301.2974386869479,1
wheat,45.545510892487606,21.646535223094737,69.20792732149731,0.0,48.6294635084234,"Malda, West Bengal",347.32718840076683,1
maize,29.99180992866045,30.711469594716963,78.19423075587304,0.0,76.41015914349721,"Kolkata, India",612.8261655418867,1
cotton,44.51749155239824,25.569459160985083,58.02125502021311,6.464596891017711,31.05102074925567,"Punjab, India",303.5734398757447,1
cotton,21.234283081286478,21.133212902829516,80.68918415238034,0.0,24.433528712812034,"Malda, West Bengal",602.345081786302,1
rice,15.019512083615483,30.491087754018746,70.02755860450748,18.5259554994151,67.63762075447532,"Kolkata, India",81.62397233082675,0
rice,11.731368827833025,25.768957615822565,74.82418551361765,0.0,77.16677154602331,"Kolkata, India",609.2274913898708,1
tomato,28.88060826304237,28.507842642931823,78.28300882380091,24.128982515326125,76.48042107399027,"Kolkata, India",31.570583786386408,0
cotton,18.05126683934321,19.18374534004032,55.878067287938805,11.635093659579507,53.75581317471937,"Maharashtra, India",0.0,0
tomato,2.485919180856655,24.408125183985955,64.47732123329308,2.872048620772368,46.72030839017412,"Kolkata, India",371.23874367532244,1
rice,30.95483565824633,21.269660289458358,69.8975021027147,0.0,73.25331805678132,"Kolkata, India",555.2359234735003,1
maize,22.952969166007843,34.258209311783084,76.06839475626654,18.05635650085407,46.21501971683186,"Malda, West Bengal",191.69635959727975,1
wheat,1.0632137884751982,21.166388293663072,81.14597619455782,8.686738175114382,30.114190725290893,"Punjab, India",53.58687343411992,1
maize,14.753493796815535,34.118155909092565,55.59569774491639,0.0,22.35136358222814,"Kolkata, India",895.1286903261815,1
rice,5.473095675565885,21.60362768959661,46.77480355818317,0.0,54.364663160968675,"Haryana, India",646.6831422968773,1
maize,3.9598548418380712,14.840882218389295,58.29523851018304,0.0,62.467349414594196,"Punjab, India",438.24970440228225,1
rice,2.798142559099973,27.595636715345194,72.61402549936115,0.0,50.42963545554926,"Haryana, India",754.6655346601588,1
rice,13.100447390913082,26.243497864659354,62.85566883713017,0.0,20.37956921336901,"Malda, West Bengal",920.0489070628964,1
maize,26.23035478941905,28.876730250712114,75.84398010920069,0.0,51.615758640249325,"Kolkata, India",642.3327388684098,1
cotton,4.7157056145203065,35.91479119276854,73.4532305626243,0.0,33.843259667251104,"Malda, West Bengal",738.0237538965878,1
wheat,32.55830364044456,37.29780594690526,56.726239340472105,29.14112117460615,36.4504453123683,"Maharashtra, India",166.97640071154797,1
maize,16.072704749096964,24.141655256697458,54.710434883175445,0.0,21.89994782844429,"Haryana, India",746.5111670221177,1
tomato,4.26956822219131,27.44502055276741,71.0743832264241,7.86123833030137,69.11882213604773,"Kolkata, India",78.94326845983818,0
cotton,15.778297598378206,26.872564814721944,87.1607191912038,0.0,42.46856020797898,"Kolkata, India",583.7294404305591,1
rice,9.38622022687733,31.19127739284849,75.63672761990293,0.0,22.930745997405765,"Kolkata, India",991.6811097142878,1
maize,22.987790051588153,23.021419445624286,64.04750858996361,5.779397900470167,67.29074195000345,"Punjab, India",239.26571887835883,1
wheat,49.94140909013447,18.035091911624047,53.58298969577483,0.0,68.11279711730005,"Punjab, India",301.2456433813683,1
wheat,31.135165441354513,28.15252407250214,59.621709315466994,5.662083826319678,48.02575783894296,"Maharashtra, India",114.9123773962441,1
tomato,13.078159204675678,32.1153199590577,55.90672208458686,0.0,66.7062152500924,"Punjab, India",514.0378796315193,1
cotton,45.84532038935674,24.678885644399408,75.09505008183774,0.0,77.66325160558125,"Maharashtra, India",496.78885644399406,1
rice,4.445146204055656,23.216260043810614,78.15210056037539,0.0,47.324039429834905,"Punjab, India",709.7971219170406,1
tomato,28.157877359735814,26.101845274731453,78.15269101501572,6.391913793852781,51.32775761508714,"Malda, West Bengal",191.7039159352492,1
cotton,33.69677851432931,21.987051915200084,59.32012826831979,0.0,56.55556089363758,"Haryana, India",469.87051915200084,1
wheat,20.538251376896202,29.438313118975078,45.72096334240932,2.1702143706873938,29.587916227341537,"Haryana, India",369.39484143796835,1
tomato,44.70865037877198,34.732690961484515,78.52476875105837,0.0,51.21924363426353,"Kolkata, India",598.2389126959308,1
wheat,19.580087106927298,31.995700553040887,67.72588786942423,0.0,42.637768889738936,"Malda, West Bengal",448.291485448241,1
rice,6.801122993186142,19.186998601252686,45.6239222035269,19.36229083855293,32.55244894513257,"Haryana, India",128.80736954484416,1
wheat,32.45049503749479,37.65965697210977,54.96274202156827,0.0,69.26759779345234,"Maharashtra, India",438.6175988047685,1
wheat,1.5887056363236518,19.582784671530064,48.81571447566868,0.0,57.03755927096371,"Haryana, India",312.07949270071043,1
cotton,14.826167409309814,28.269624101004467,52.772134803393925,0.0,23.16834079498632,"Punjab, India",702.2622930462803,1
tomato,32.28711744093252,29.860896918623236,80.98220813088561,0.0,73.24567726988552,"Kolkata, India",493.74807226760913,1
maize,5.8109018513513835,30.79549290930837,64.14914855716204,0.0,77.77984924753437,"Punjab, India",613.750422002392,1
wheat,35.189194145008415,21.860164709373517,65.92747284507833,26.16433593747698,73.44832242207406,"Punjab, India",0.0,0
maize,39.120209774611254,33.66322759347967,81.26205561632246,5.948347312225026,32.86073360382044,"Kolkata, India",523.0066036621322,1
tomato,33.71362050306914,23.348277601394404,73.37651099097215,0.0,58.50208825616385,"Kolkata, India",452.53079162606747,1
maize,27.835243765865933,29.001588519280393,53.143886393643854,0.0,68.13152405701226,"Haryana, India",594.0174737120843,1
maize,47.916311670535165,22.29531896668972,58.40577298551739,0.0,62.32739049986549,"Punjab, India",520.2485086335869,1
wheat,5.454925885939037,28.631319687976728,57.993368568881934,0.0,39.20598600990646,"Punjab, India",434.713004757973,1
tomato,23.92457493725482,18.619636590147145,60.06116067008443,0.0,65.40748056471773,"Punjab, India",392.57672931132436,1
tomato,28.240914671485484,30.90045810098978,81.83375805833059,3.30604598551884,29.755433346874742,"Malda, West Bengal",502.5410884934946,1
wheat,27.502380006147842,22.583666513910867,81.71682197222812,0.0,46.53795647777358,"Malda, West Bengal",361.27151958652354,1
cotton,46.077782912289855,23.421438070174116,83.43505501813135,6.3461746106909676,38.184522010017055,"Kolkata, India",248.32861277842636,1
tomato,2.182557019568871,29.944062945304402,75.56798602725296,2.6384234453914,37.12782817359806,"Malda, West Bengal",488.03991276817146,1
rice,29.26611684766457,31.490258658561103,84.36201016598258,8.899479727142836,58.39944977024713,"Malda, West Bengal",311.5472875128356,1
rice,11.860839765467757,25.44869748498833,82.68394424537145,0.0,35.05938514022864,"Kolkata, India",816.909390899871,1
wheat,30.77593022344903,28.475902204243095,48.93718751150672,0.0,36.14938265668566,"Haryana, India",444.8950792975498,1
cotton,24.513129833164587,21.92466481585171,55.89877157841916,0.0,63.09300970944938,"Haryana, India",469.2466481585171,1
wheat,33.34543176964847,34.86468876944777,65.1622004466821,0.0,58.86295463665813,"Kolkata, India",419.0528213861344,1
maize,14.619336557932158,25.215775584528274,68.82514119046523,0.0,64.85226727873093,"Haryana, India",552.373531429811,1
maize,2.2737675445035412,23.816942599888904,56.68473160103927,20.63210667828549,46.57731122095568,"Haryana, India",59.06437764168368,0
wheat,29.832936509791303,12.248992289530438,65.51973144989,0.0,64.96747988914076,"Punjab, India",260.74294602671307,1
tomato,28.753345172397285,27.051130702784047,61.94353355256196,0.0,47.72479554249453,"Maharashtra, India",537.6761251790741,1
rice,1.096471158149959,27.93762645031997,68.70550717200511,0.0,76.42378595445032,"Punjab, India",635.2515174038397,1
rice,48.40911660952558,24.8305807859304,67.77640437975943,0.0,60.15148332845834,"Punjab, India",656.8578461059054,1
maize,36.242873006202146,28.295997016838644,75.2469735030153,21.973358503260002,31.153991145009762,"Kolkata, India",205.3674153923838,1
maize,21.860890015129172,21.77525057820698,54.731586713590815,8.324440669214543,70.60851989846803,"Haryana, India",98.30572289954961,0
rice,33.41495403950461,19.9616346760612,57.99546086647065,0.0,36.55749954520298,"Punjab, India",719.9751546850457,1
cotton,40.89084494767788,20.536244120469874,75.31798754599401,4.1294308568635,55.065826193394315,"Maharashtra, India",248.89089836152368,1
wheat,44.24987244310069,25.484490592639162,46.329364049997,0.0,56.23673780777903,"Punjab, India",353.39143414847416,1
wheat,43.73994295273311,36.0283358730365,69.97521409306259,0.0,27.0293649871822,"Kolkata, India",546.6884426813607,1
cotton,39.96563917377786,33.50899513503299,70.87411342579747,0.0,22.38545254837294,"Punjab, India",775.914391168185,1
tomato,32.505624882661934,22.57399884855713,47.93659622234002,0.0,25.751468424017382,"Haryana, India",585.5107035363908,1
wheat,5.164170010853326,15.089917011674801,69.28891351742489,11.042822931955374,41.80350739278137,"Punjab, India",0.0,0
rice,41.92201133917763,22.88884256742368,69.06725634113343,9.505689527537456,69.87762198480016,"Kolkata, India",100.08489941264577,1
wheat,7.391330279110155,25.253212841619757,57.82546927558122,5.722938158513813,54.5378538963856,"Maharashtra, India",67.2512848212678,0
maize,19.4224934544788,28.99566050687446,40.74988016577649,0.0,51.059276731002356,"Haryana, India",647.0558939906772,1
wheat,39.354986334552954,17.32546261674317,47.35612302144516,0.0,76.152731794592,"Haryana, India",296.2782383172022,1
tomato,40.28142796495915,29.35962717004265,67.62336362538537,0.0,73.35368433153246,"Maharashtra, India",489.2366445303838,1
cotton,42.02906110520698,32.878952796270795,70.03595992266624,9.782282010996463,71.50387753568785,"Kolkata, India",89.67542741288486,0
wheat,47.006185478674084,24.604632779064154,78.42822914119682,0.0,48.89130085004031,"Kolkata, India",368.44381391985627,1
rice,11.02401815017194,32.43483255673732,81.55927424211502,19.053282871529657,77.47913005651215,"Kolkata, India",89.21799068084772,0
rice,39.35009563113225,37.914924085480614,62.91479938591392,9.429411086875627,54.53382498944241,"Haryana, India",400.2749218838247,1
cotton,33.27198041564245,18.498793041586705,57.64939394902242,15.086976439028053,49.8784753018787,"Haryana, India",0.0,0
maize,15.714348774147041,31.195102377344924,50.00403903440632,18.896295908766785,51.375210138454314,"Maharashtra, India",121.45993056858526,1
wheat,31.44582750033047,24.689702646108465,53.895635136189064,0.0,50.43801395385499,"Kolkata, India",363.6957796303642,1
cotton,1.521753420670384,23.234361414698096,48.540216165804985,0.0,75.81031173651508,"Maharashtra, India",482.34361414698094,1
rice,5.321345013976857,26.20438520742886,56.15528894278183,0.0,71.51411215645632,"Malda, West Bengal",614.4526224891463,1
maize,41.32055633316518,28.63767539175628,55.28930074882944,19.07370255539368,40.089183915151665,"Haryana, India",157.491117203165,1
rice,14.260352351958497,27.774093574194602,53.19303580838209,2.4213030870155166,57.15459322296673,"Punjab, India",593.572532449529,1
tomato,36.790539488861974,27.48321296788526,64.17419978246974,0.0,53.22126153644685,"Punjab, India",516.1769373280044,1
tomato,38.199850660991906,20.964477571653724,72.9498551390814,6.997502691468906,42.34843638550974,"Kolkata, India",147.1682120127174,1
tomato,9.149417878160154,29.801024588484008,56.88718702877188,0.0,23.33530800732735,"Punjab, India",686.373093696533,1
cotton,5.019118236390475,15.132016341900401,66.19276189938093,0.0,29.167022056192483,"Punjab, India",504.99311271908766,1
maize,9.719384130731195,25.509214210930516,76.22483410687089,0.0,38.01394096267674,"Haryana, India",677.7561985329716,1
cotton,28.281972144292617,26.7357090964935,59.295913033140906,0.0,26.382004431361906,"Haryana, India",665.414320331315,1
tomato,15.905607779466603,30.914652536707933,55.55679164871155,8.646508259693125,27.892005338842697,"Maharashtra, India",245.06491952809205,1
tomato,7.458698092144418,23.679737904700858,57.826577891565954,0.0,56.44911018140308,"Haryana, India",464.6276568836646,1
maize,24.60891939580921,35.1222381378302,35.05804481923957,11.348833848661194,52.23391455016713,"Punjab, India",162.70520778562718,1
maize,3.8117296361166297,31.45623504433103,54.24524288236642,6.196668824023638,27.91432359532668,"Maharashtra, India",510.4431580389036,1
cotton,11.293449584228407,22.194192036732936,80.72165849159705,2.0092430281971274,36.207571291296546,"Malda, West Bengal",460.1691178889894,1
rice,12.317706402870968,22.363774904747686,68.11884162611145,2.5842536401836176,64.39440140130463,"Punjab, India",471.01289407598847,1
tomato,19.97519898009353,31.15650269145341,67.05957407307454,0.0,48.57525015289552,"Punjab, India",575.7853969270872,1
maize,43.894304002085946,24.126688454639115,81.24806306697876,0.0,74.35069894571878,"Malda, West Bengal",540.3935730010303,1
rice,6.468124003328372,26.80668760849447,53.77357180348667,0.0,53.015200642801204,"Haryana, India",727.2713946288962,1
tomato,38.95653296603936,21.55885869180535,60.8059582402975,0.0,42.98927353011608,"Punjab, India",500.7854723279694,1
wheat,36.937610531037954,23.814366362685803,66.98907173363624,3.764737650770457,70.97309737971996,"Kolkata, India",153.46368200027777,1
rice,41.820032434610866,40.0,44.09295237572623,0.0,42.25517263584212,"Haryana, India",996.4096534404316,1
cotton,47.70035059077393,28.437804721829558,62.77270225527418,2.6224894683052122,29.55580381064857,"Maharashtra, India",539.2217725300833,1
maize,49.6182655521226,19.08219378489106,48.827427642450544,0.0,32.909057156420296,"Haryana, India",616.2692327808714,1
rice,28.072782670885882,26.327119660549755,55.992381746221206,4.171715346366527,58.962000868268895,"Kolkata, India",475.32551287795957,1
maize,41.546968791112626,26.90412347918955,66.98001587510532,0.0,23.40053992018835,"Punjab, India",779.9082767490484,1
rice,12.031087450369762,22.217757053824123,71.10534074602297,16.935109776909044,35.711577170932294,"Kolkata, India",160.89577491409523,1
tomato,34.05753036264688,21.894340197559476,68.55236176771822,0.0,34.39439911532759,"Haryana, India",540.6684866188743,1
maize,48.44854020054442,24.6206302209173,53.18244189219807,0.0,27.371731794927143,"Haryana, India",723.920807878902,1
rice,17.03866833687073,30.282067530028957,68.17549997125731,37.669796036015725,68.6091925937703,"Malda, West Bengal",72.61121543464208,0
maize,37.785439258485475,26.472913899844894,79.18396868514863,0.0,75.94912560599806,"Maharashtra, India",566.2020528982939,1
tomato,32.20278161668253,20.251556963913192,63.744770928585865,9.48243397693819,43.80524106758949,"Kolkata, India",33.401038063312626,0
tomato,12.135441787075154,31.633618183893173,40.132815300947684,7.7506185031664145,32.25581612617243,"Haryana, India",276.3270190581607,1
wheat,26.899245460472383,26.106667789603048,73.28427878173798,0.0,26.775096310015915,"Malda, West Bengal",458.72032886665033,1
maize,42.12570144244125,28.154633820198278,76.60621825081454,26.2775277372317,44.15846510518686,"Kolkata, India",127.3265805353866,1
wheat,21.496860064746418,34.18625293234444,52.70283385165843,17.737667331081,58.01832412491433,"Kolkata, India",64.30377052641109,0
wheat,48.74760112906975,29.030604584538334,67.77776591953109,0.0,41.890939253738864,"Malda, West Bengal",427.7945655276833,1
cotton,38.65636390905002,25.6117039670128,44.41705678007221,6.876498594628919,24.689295419307008,"Punjab, India",315.6997506656434,1
maize,33.43204004043204,14.964749455743025,51.61260232330227,11.417855714186524,63.482296809318306,"Maharashtra, India",0.0,0
tomato,47.26593016205728,25.049854066710758,86.06132995466625,0.0,42.50288473731473,"Kolkata, India",540.52542965913,1
maize,8.363448031263022,34.15656306450685,97.29464642912333,9.80297685774239,78.38611295786517,"Kolkata, India",160.57335082245584,1
maize,18.067655200855114,28.728789263913008,64.85062618687505,0.0,79.24808435781588,"Malda, West Bengal",591.0166819030431,1
tomato,31.329633152935802,34.70666914938885,72.78728283638917,9.977169955667641,50.547780223665384,"Maharashtra, India",151.58647320527496,1
rice,22.089438192702186,15.949361341093908,57.11163534762532,0.0,64.29635447999074,"Haryana, India",519.4196130563714,1
rice,15.99167238593721,20.284786435043767,61.03303905159073,0.0,38.12984849891295,"Haryana, India",716.6053977460313,1
wheat,17.82447194039218,26.862671031711663,39.49774418275622,17.96936222261231,60.801695076359614,"Haryana, India",13.038697221981636,0
tomato,41.83266898581962,20.41962520123162,59.854172667115776,14.415113118120535,73.78533792851016,"Punjab, India",0.0,0
wheat,43.27863215931198,23.229580265127048,81.55263635906736,0.0,31.217080628091992,"Malda, West Bengal",417.89987717094306,1
wheat,22.22205428361972,29.226610468030096,90.36933866803125,0.0,44.74067154386394,"Kolkata, India",418.5292758260234,1
rice,34.206449821119435,26.236470267434157,52.39057019433028,0.0,30.696993692959285,"Punjab, India",856.487320897786,1
cotton,8.506036176137993,19.739548649680202,61.40007041279287,0.0,70.22034212585227,"Punjab, India",447.395486496802,1
tomato,35.39049576880836,16.049443320451125,56.69102169701723,2.6850669177227964,76.93221718787066,"Maharashtra, India",235.19164399792032,1
maize,28.224599424922822,30.391885998223135,62.65577827933664,0.0,36.63932606156682,"Kolkata, India",751.6498426207833,1
rice,1.1660625165262188,26.49712130776087,52.44046392103672,0.0,71.30978775939221,"Haryana, India",617.9654556931305,1
wheat,45.606055903320886,32.42908437378308,84.8531053605389,14.587696876593867,62.586336655033534,"Kolkata, India",52.003590616481574,0
maize,18.185775961322655,25.155983891870815,80.30758754624502,6.191802607431248,62.4487730125768,"Kolkata, India",242.12569243901658,1
wheat,0.9694260758845707,31.970234918312876,73.81441525319038,0.0,67.16517375100699,"Malda, West Bengal",398.7916444281901,1
tomato,24.22707350700987,26.091696274191705,52.00115523518665,0.0,76.97884827284278,"Punjab, India",459.8252664677253,1
cotton,4.077170408776611,34.20090092877244,71.03984753898871,7.961245847669372,64.59181719426928,"Maharashtra, India",193.9467169042557,1
cotton,1.9340049068201637,30.870744736105376,69.2268621697857,0.0,43.97598894755764,"Punjab, India",620.2994181089548,1
wheat,37.987684274229096,20.038287098676207,86.36861218983708,16.397159632415153,52.0787997056962,"Kolkata, India",0.0,0
rice,7.518333264693048,18.193210643761482,48.87822601603709,0.0,45.67892334810854,"Punjab, India",644.3791741541238,1
tomato,30.3219090440808,23.11705562591245,58.72498681321696,0.0,40.138023552939565,"Punjab, India",529.8928224479816,1
tomato,41.06580635266127,19.558433796192546,59.05539463872789,0.0,33.8420334425558,"Punjab, India",515.9517736682368,1
cotton,46.2498564868764,28.983828361011078,64.52866243616155,9.516902244482397,59.21816930502627,"Haryana, India",63.993171385990934,0
rice,27.120683928510473,25.74031653367537,54.354073295574366,3.47100911696728,59.947964598539684,"Maharashtra, India",496.5385575250772,1
wheat,34.00979148895493,29.032463130793698,55.69876383596483,0.0,46.96472175778679,"Haryana, India",408.61885319131966,1
tomato,27.633669033325848,26.277612183977503,40.31260929495524,20.212253900281063,79.98183257954415,"Punjab, India",11.498509655797534,0
wheat,42.195216559386324,33.080258626142204,67.53009621792819,11.80285404369927,62.29055416837026,"Kolkata, India",56.56181038299542,0
maize,10.75502234493085,23.720241037066664,71.29432317813107,9.8204634930092,71.80142777641652,"Punjab, India",44.899476757273305,0
rice,45.25514442681024,29.051171206937514,64.19072339389214,0.0,59.56922819332107,"Kolkata, India",716.269506412446,1
cotton,30.96366502845183,23.37287980360444,67.1267581292107,0.0,39.05727263220368,"Haryana, India",560.848361506449,1
rice,30.713674486575155,32.25638512480713,54.740203966179806,0.0,48.18103120205595,"Haryana, India",836.9896551602336,1
rice,47.28702476323579,31.97582888768279,78.33751315437061,0.0,24.558906943815373,"Maharashtra, India",994.3952197448069,1
tomato,8.079472302758877,24.749033076630184,58.88113403526124,21.277554571592738,54.68581585568155,"Malda, West Bengal",32.72862718130364,0
wheat,47.94482755860965,17.3312588538618,53.59077942381868,0.0,45.75870788824685,"Malda, West Bengal",323.70249897390676,1
wheat,15.73747556833703,25.19343638613231,39.804866617589155,0.0,37.84239752447142,"Haryana, India",411.6379866905054,1
rice,46.12172577961363,29.272031120419015,72.04000352353859,0.0,30.50841915741755,"Punjab, India",908.4589699830096,1
rice,47.76889523320409,31.728337239424555,85.89368288958372,0.0,72.97804733889058,"Kolkata, India",680.7400468730947,1
maize,37.19008358039437,25.968861481411764,58.7241049460029,0.0,38.00749568556991,"Punjab, India",683.9600959589985,1
wheat,49.157965881386744,23.188238141639918,78.2911144967323,9.24466473721714,71.0868470058789,"Kolkata, India",0.0,0
wheat,3.6774607314663768,18.813310233288927,78.45339093330614,5.673949888324623,73.8852195560591,"Maharashtra, India",22.995677216791307,0
tomato,40.466276700308896,25.937424753382157,68.1765208118318,43.828258589106895,79.33325429528529,"Maharashtra, India",8.4368227804394,0
wheat,41.12113717400602,30.334393003019134,49.50702582786758,2.113759982582632,71.98932653814009,"Punjab, India",281.65275189200236,1
tomato,19.559266897735466,26.595479270242453,59.7290956969518,0.0,38.16857619078484,"Haryana, India",577.344545980928,1
tomato,21.138011844073812,25.02597767613033,92.00774004498174,0.0,79.6514094031175,"Kolkata, India",450.23379908517296,1
maize,12.156299384712865,16.929158677471573,46.54119585239955,0.0,50.26917132991029,"Punjab, India",506.1013459830501,1
cotton,40.99224288742043,31.304143434929422,70.72267909768898,0.0,33.30917436571965,"Malda, West Bengal",685.1697701227507,1
rice,46.81664421653434,22.561274681958214,49.834324173112634,0.0,23.0309070782146,"Haryana, India",838.8044877853532,1
rice,25.052719990145167,26.959070798464328,46.24034503934153,3.4556865483002692,54.78048966991865,"Maharashtra, India",545.6195159375972,1
maize,33.93918852708312,19.91649523624024,57.01955825803513,0.0,73.42590529622495,"Punjab, India",494.0814475986426,1
rice,45.49405847196384,28.1180676388681,65.37892435737035,0.0,20.893806500145374,"Maharashtra, India",950.4279446039321,1
cotton,2.5355338825609186,33.83067630008376,49.14710631016072,0.0,65.48066536832994,"Haryana, India",588.3067630008376,1
cotton,15.321643832284126,24.209725148820553,41.517344133899094,7.491228654475772,24.11720580587746,"Haryana, India",269.5092001764531,1
maize,28.98631107645187,19.285215764063317,64.28924428678931,14.306770402168985,60.293928981309456,"Haryana, India",0.0,0
rice,12.710851336684085,28.56605525210426,54.3342655066964,0.0,76.94343407846753,"Haryana, India",642.7926630252512,1
cotton,19.400449836976303,25.966953554903533,42.90312029794636,0.0,42.438100873830564,"Haryana, India",573.6937084815214,1
rice,3.6114666791181906,28.563824548841378,82.62859234259778,0.0,50.19211864301555,"Malda, West Bengal",770.0842003888704,1
rice,48.144983015527956,22.35477658646367,55.27910932514908,0.0,66.59620771866655,"Malda, West Bengal",587.5996178010771,1
tomato,18.42021407945818,22.70728575533446,62.90614877509264,0.0,71.73737447570771,"Haryana, India",429.36557179801014,1
wheat,28.586500079326644,15.208809007991329,83.32788872122865,0.0,48.39744423811318,"Kolkata, India",300.0453263075417,1
rice,21.78923758194753,33.48377981207846,80.05801578220974,0.0,65.78452384383235,"Malda, West Bengal",731.3897952633868,1
wheat,41.403776915492294,26.95882816551246,64.38610769693985,0.0,29.801390702817585,"Haryana, India",455.36211189234024,1
cotton,27.379148686068845,29.33198411730154,79.02282359237776,0.0,68.96548713533362,"Haryana, India",543.3198411730154,1
rice,26.107784849754733,25.744514702962842,43.462675230096195,0.0,75.19842603710414,"Haryana, India",608.934176435554,1
cotton,47.88333867525659,36.370699953408476,60.6384723123333,0.0,56.70943706597571,"Haryana, India",613.7069995340848,1
tomato,15.001181969004174,17.470298751407,67.14276354124728,2.906652149302988,68.104872125224,"Malda, West Bengal",236.90008129751357,1
wheat,48.91851078598549,20.536352516525998,78.55056575920472,0.0,25.52291058982027,"Kolkata, India",412.7140070336989,1
maize,47.84965263449863,29.98200071263512,74.22284452988198,9.551973529972344,68.28650058663925,"Kolkata, India",127.20333134036906,1
wheat,19.685042479825757,25.65074554227487,43.32017311513198,5.035635880324374,66.72819807519579,"Punjab, India",102.77342477970535,1
wheat,37.67207528472637,27.276189780194656,72.9433304513651,4.731611901430038,53.40536145950537,"Malda, West Bengal",135.18804727802038,1
maize,42.04134101742022,28.765916933536193,72.63730940162027,0.0,26.605609986204264,"Haryana, India",788.927886216962,1
maize,33.476732071606875,18.622266117271558,51.738345919174215,8.36470013175923,32.357273551897585,"Haryana, India",194.25214132789267,1
maize,30.383589078881442,26.112536746755033,72.3391699233084,0.0,75.15654546507207,"Malda, West Bengal",562.2379042143053,1
tomato,8.74414826438636,23.48011003744896,59.26975572523536,0.0,20.275281765783262,"Kolkata, India",620.5562991036,1
cotton,9.273453683275202,23.919386676174984,85.29732278710608,0.0,64.63712892317274,"Kolkata, India",489.19386676174986,1
rice,44.90782786123,22.320672938282634,52.97308616976565,0.0,20.793864247022274,"Maharashtra, India",847.2641700421991,1
wheat,9.807846908909957,28.40812061135016,92.50452845130475,0.0,34.59384789512921,"Kolkata, India",450.1466405775859,1
cotton,25.99792318724949,25.69656103959714,54.389408812935386,0.0,69.88536479791355,"Haryana, India",506.96561039597145,1
tomato,9.019349093167822,27.149401315795906,51.56339310561462,0.0,34.42102753132511,"Haryana, India",601.1317561845331,1
cotton,10.34301389759506,23.989959973602375,57.71009542027693,4.157475543774076,42.41260067643856,"Maharashtra, India",343.6914414506225,1
cotton,48.26987103729622,29.454208127464717,73.7383787102116,13.397785334378153,31.515739213270074,"Kolkata, India",172.4237637346721,1
tomato,39.07720314152897,18.852701498374657,50.49176588922868,0.0,31.66692180341002,"Haryana, India",516.3645531841713,1
cotton,13.721104099354132,20.1809907248153,56.71717132176801,0.0,26.069812473583802,"Maharashtra, India",582.5193606779709,1
cotton,21.13283470097802,21.371907184692787,72.0810136027819,0.0,55.38810421015813,"Haryana, India",463.7190718469278,1
rice,17.316955626616796,21.473743449273343,65.70457567804931,0.0,45.26416898054171,"Punjab, India",695.6329211676259,1
wheat,44.803131453009875,23.679951111387602,60.94271855581955,5.634575425212947,25.613531710123873,"Kolkata, India",159.16811529719166,1
tomato,15.257490642090893,26.776597092656807,67.15507349647646,0.0,37.332183765757264,"Maharashtra, India",583.2687231115285,1
cotton,40.3959066458069,26.971048908269005,65.15039569964335,0.0,43.09523267365482,"Punjab, India",581.5808135785949,1
wheat,48.72052080375916,23.437806979588665,64.0284579536744,0.0,42.84875476711603,"Maharashtra, India",380.26522583776637,1
maize,23.71840229871189,25.5318243356563,61.644149412913094,0.0,26.11722251927941,"Punjab, India",744.1875092548087,1
maize,35.759289853461404,34.33240614672654,38.04337522236,0.0,48.71028090594256,"Maharashtra, India",726.3395494568097,1
tomato,21.851122560721883,27.220890543097262,66.51509065164885,0.0,50.70780825877958,"Kolkata, India",525.4099027642092,1
cotton,36.9797949590008,26.719660543681567,49.214961440851994,14.32297370030822,64.01405135905631,"Punjab, India",17.196605436815616,0
tomato,9.039990179060528,21.36071876927122,79.50414161315705,0.0,60.50064156085007,"Kolkata, India",425.58872141191694,1
tomato,9.758095385288229,25.512776226778836,95.84071273652489,0.0,36.847327935539546,"Kolkata, India",571.2358775660023,1
wheat,35.12741628224893,30.23424393669623,68.06302616065025,0.0,41.91018702897538,"Punjab, India",437.25012214778485,1
tomato,46.7799075362895,26.179907452815446,87.63734623103755,0.0,75.6610159007814,"Malda, West Bengal",460.61916707533896,1
cotton,5.541263916561469,21.737460673836885,52.489991171145675,9.528385991023935,38.29147250876464,"Malda, West Bengal",69.04672184110558,0
cotton,30.424790717279357,32.75782462529052,64.19470350213568,10.634892352641758,37.997235211639115,"Maharashtra, India",175.78251693202662,1
tomato,5.554994416747665,28.634027706309976,64.55530126740078,11.828214927233507,78.2146071142518,"Malda, West Bengal",32.706249356789726,0
maize,13.52038195263003,20.732830865207248,71.20240173439795,0.0,67.4704319733456,"Malda, West Bengal",503.06113951727974,1
wheat,3.9559417461534006,25.00940881945346,64.9613610870363,0.0,67.5756567651197,"Malda, West Bengal",350.0658617361742,1
cotton,39.88147516071496,32.18903470763553,74.5116060887393,0.0,38.88169179820048,"Kolkata, India",664.0693957944632,1
maize,44.77540463176282,28.302841535233537,51.72894144349516,5.277476244248135,61.15888155759454,"Maharashtra, India",322.45744467516215,1
tomato,33.28674980349795,29.50414549912501,62.02113178504109,0.0,25.48215865096616,"Malda, West Bengal",672.1236324777392,1
rice,46.01078346017222,22.314297381594788,75.63689955426888,5.949127735456949,36.9322496331085,"Kolkata, India",458.06446675822343,1
rice,24.43783819221757,21.611355755790942,69.6156943923841,0.0,48.886358921347714,"Malda, West Bengal",677.4325213435484,1
wheat,15.842175935940432,15.450032607300486,59.085677391942085,0.0,30.80450073779669,"Maharashtra, India",351.6598396385261,1
cotton,10.508745812090115,36.404518660387346,88.2992586234032,8.096359613435755,47.669366477597784,"Malda, West Bengal",254.2406082239665,1
tomato,14.219348407538893,20.82567243926312,54.757794587314976,0.0,51.73427416876673,"Punjab, India",456.83224824953896,1
rice,11.554500322588494,28.482679159793836,80.96620516381779,10.444592738262823,76.08567502936694,"Kolkata, India",119.56251300438487,1
maize,31.10478368498572,34.842619347994734,63.997783209743226,12.3143512372063,56.360935052759984,"Kolkata, India",132.22364245417668,1
maize,43.783493013003806,24.625724343884624,99.49067915620181,16.31326581397351,78.1797583705349,"Kolkata, India",0.0,0
rice,32.87131067042705,24.691833245934056,80.0375151850452,0.0,46.82789002336193,"Kolkata, India",734.477753941074,1
rice,3.6651816533066532,26.149084537040817,65.26231351261771,0.0,40.414227911788274,"Haryana, India",795.3832333605175,1
wheat,47.233086361175246,26.459564272428715,69.90621423603909,5.7030601671597285,30.474685705629735,"Kolkata, India",163.40828065530087,1
cotton,39.14693448763712,33.23838455197601,70.65393753887663,19.174484065141357,30.70161348132839,"Malda, West Bengal",223.89372332645485,1
tomato,22.407987987206834,27.33497643855708,64.24708605700206,0.0,50.170435205192504,"Maharashtra, India",529.0888614200659,1
rice,38.877836170088315,22.425229968082224,58.40716912982546,31.177451033656556,30.12330899243511,"Malda, West Bengal",196.0421085849772,1
tomato,49.80506292002007,26.62993541603369,72.8349539560449,19.19244876864157,72.93631565664685,"Malda, West Bengal",14.669418744303186,0
tomato,37.01312931296643,31.201804530857704,60.37706650512417,0.0,79.3649774652276,"Haryana, India",505.8162407777193,1
maize,18.997880304356393,20.08653309417191,53.97884855941183,0.0,76.87237237188,"Punjab, India",495.951864035891,1
maize,42.04452839513123,23.723279823775734,58.13926446629339,2.2701948571747383,20.477634077935484,"Haryana, India",634.2688575558211,1
tomato,29.438608406372435,32.31057400231987,85.28252168585752,12.293303774552388,21.995600886587386,"Kolkata, India",274.71489867366483,1
maize,8.326187013940743,36.71198631416454,85.1342988020303,0.0,74.1992689528137,"Kolkata, India",678.83184945581,1
maize,42.282199697388734,17.40618689674779,79.76088405305538,0.0,26.191697680679226,"Haryana, India",624.1729864138612,1
cotton,4.890834827204087,22.695296714007476,51.29575714505358,0.0,79.20920309385491,"Maharashtra, India",476.95296714007475,1
tomato,26.174781421788964,33.706513738534824,57.0530743654003,0.0,56.34424403723064,"Haryana, India",560.8830911267582,1
rice,44.863267940967305,34.1494393429649,48.09098304645593,0.0,70.44292752250661,"Haryana, India",709.7932721155787,1
wheat,20.976455948004766,20.563884097479523,82.81511725622424,4.351474830853716,22.291097160772882,"Kolkata, India",205.69757319422928,1
maize,43.289252594864486,35.08306211730489,55.160166081367294,2.583654314910678,51.14292306361335,"Punjab, India",590.2686009569534,1
tomato,2.2441280109821786,31.62138881564836,47.80069100009784,4.691178284890869,52.12955862717596,"Punjab, India",327.88057648074175,1
rice,14.723459603065924,12.443936657573673,56.87003417853045,0.0,24.313391841866938,"Punjab, India",654.6096153275869,1
maize,32.24522776090964,28.891878938777673,63.4378472673803,28.90853833584916,50.712231816476475,"Malda, West Bengal",97.86954896792122,0
wheat,30.986682724681827,34.4187138629005,65.6473811674965,0.0,58.670450264584176,"Punjab, India",415.93099704030357,1
rice,32.02665854422054,20.314369104493785,76.33061965380494,8.649699279262576,29.56664937244756,"Kolkata, India",331.1528782269958,1
rice,32.4622851499103,23.28166128062336,55.30041364521285,3.2029502081763788,29.21874829930034,"Haryana, India",655.5108147042247,1
rice,14.952681995243665,27.74720576306859,70.05545397179547,0.0,30.52692137471988,"Kolkata, India",882.8178211987554,1
maize,5.581676001852793,23.742986433091357,69.19202552113347,4.246155764262135,49.36317567941448,"Malda, West Bengal",380.89682674134065,1
rice,42.851571702971434,31.40580944544087,80.7272948700033,0.0,50.4420220633485,"Kolkata, India",809.2517425412386,1
wheat,16.226546184116124,18.926956258672988,94.78443183193377,0.0,56.18105963230007,"Malda, West Bengal",307.4886938107109,1
maize,40.61296219109877,29.77294920255168,51.522657701737714,0.0,34.47903402869681,"Punjab, India",756.2668842301548,1
maize,1.5240898006834231,30.35738835716043,68.21379382463118,13.9818910655184,71.33182429897423,"Kolkata, India",58.93127192876477,0
rice,23.975252012313344,25.621125529540198,74.03928169202898,9.213858718859896,58.989394658689555,"Malda, West Bengal",213.64487862813178,1
tomato,28.565135976356185,29.753708963319212,29.656638081928843,0.0,49.98986915217992,"Haryana, India",554.4312263879852,1
tomato,17.21043066018669,21.666505064282568,57.241723020960706,12.74084253051309,43.120088081216444,"Punjab, India",51.3938937718367,0
maize,15.119489448027995,29.036870719081556,74.38030886920464,0.0,58.615296580513096,"Punjab, India",602.6363322728364,1
tomato,19.88168528198261,29.06893372461048,59.288514378089644,0.0,56.71754857945032,"Punjab, India",514.7589919576075,1
cotton,0.5072154965590256,22.17911865509382,82.78150998465954,6.78741718227058,70.78534510159349,"Kolkata, India",132.42032743740918,1
wheat,44.49531503820578,24.977837194209656,58.46754776303349,0.0,74.1954644804371,"Maharashtra, India",349.8448603594676,1
tomato,3.4365474034462498,23.83929073385942,56.014447783487356,0.0,50.59950966777697,"Punjab, India",491.8626522537179,1
wheat,20.061264005050386,23.383467891297258,72.5622497894535,0.0,58.10402954221518,"Malda, West Bengal",338.6842752390808,1
wheat,38.416878429920914,27.101681975881352,69.30953496120038,3.1984165846658996,40.57941238519419,"Kolkata, India",257.3845254847107,1
tomato,11.916008216796138,14.369521120503922,47.666144076443295,11.890833025016194,57.130814137552036,"Punjab, India",0.0,0
rice,10.775951452404723,32.43724694159262,66.85911119668968,0.0,48.511288278852945,"Punjab, India",837.3572562892177,1
cotton,5.967308233080689,32.178162520465705,86.57037430572129,8.405665478672903,37.84270360281897,"Kolkata, India",249.6006194519935,1
maize,9.106630410345481,19.482692213852882,83.17332247891845,0.0,61.30556313925604,"Malda, West Bengal",489.3096143523817,1
maize,5.64755205211912,31.290336768026393,64.44115117976688,0.0,33.38349841777652,"Punjab, India",784.0014065897977,1
cotton,1.8881384082206454,22.808987071366648,67.87256821219107,0.0,40.36998773648141,"Malda, West Bengal",548.034477429716,1
wheat,24.575714300068576,15.87013273833456,50.284943541427054,4.291928774974034,58.34615029930913,"Punjab, India",71.49449041964021,0
wheat,27.425610023172815,26.08887758611974,48.241766634218465,0.0,38.44067322382412,"Haryana, India",416.8419624032005,1
rice,49.70392524481227,25.665772640858076,77.36323808849889,0.0,62.28821907404456,"Punjab, India",654.8760723763646,1
rice,26.747784603962067,15.930587647652445,80.82809990208514,4.527900114071208,36.86284405735769,"Punjab, India",427.5308379527787,1
tomato,45.56819266797417,25.240190255753085,55.508489008728425,0.0,53.43327402257735,"Maharashtra, India",493.15797573100207,1
maize,21.934222666695835,23.197622993906602,62.800417616680214,0.0,30.54713915389765,"Maharashtra, India",686.3252200797403,1
tomato,7.536539114805436,24.66761221741061,57.38954093163243,8.769971435906447,51.45836167956503,"Punjab, India",57.867001092356986,0
maize,37.62035800276806,24.555762695029582,61.24675648591356,0.0,27.871273985322688,"Punjab, India",720.2513770737924,1
wheat,28.290076468572376,26.339032132504176,74.4420840888849,25.525128842833727,30.453389715309264,"Kolkata, India",97.58716991801492,1
rice,16.807426746901402,23.647458972904126,49.84498411471278,2.9551713159842263,51.57830793327804,"Haryana, India",543.5511629589178,1
tomato,45.458343389701916,28.019132094869605,42.720373765034964,0.0,22.831379063952973,"Haryana, India",666.4598156624892,1
rice,5.370496287752247,34.604998245696876,80.7377377242802,6.651439165249852,72.21667975805843,"Kolkata, India",382.68802068586984,1
cotton,33.574403110415034,36.29237659093742,53.265837821441266,23.31678811863115,59.05012677134097,"Maharashtra, India",112.9237659093742,1
maize,49.02310513007611,23.548230100531214,58.534962009920235,0.0,45.44107002895637,"Punjab, India",611.7796621535354,1
maize,31.19518949514385,20.65940555955684,80.68767257877344,0.0,59.087510569229934,"Maharashtra, India",506.8364709038426,1
cotton,23.130305363103357,26.817135306526907,84.50928997068125,0.0,40.08109706618707,"Maharashtra, India",595.4768342599017,1
maize,3.7162101527092806,23.61804301932228,74.12200420608934,0.0,67.37696418301988,"Haryana, India",534.798473212545,1
wheat,5.189560665474725,23.44118021633175,75.76917180403689,4.45566476191207,48.75710628198996,"Malda, West Bengal",137.47394319530582,1
rice,11.322307801226257,27.537082645911266,46.849687358558256,0.0,56.05221812513709,"Haryana, India",718.3780840413533,1
wheat,16.697009330438433,19.52179206912023,68.36522259010579,0.0,52.283959475313004,"Punjab, India",320.1171538882409,1
rice,4.295107807177984,20.400027199490545,54.58152112746145,0.0,32.77773547583682,"Malda, West Bengal",747.5873450127233,1
rice,17.782120275449287,27.16510080917796,57.82353703268109,0.0,70.4437449475264,"Haryana, India",625.9812097101354,1
maize,32.03726421620877,35.76382943086835,87.97232670068962,5.246822682435235,37.19949912755234,"Kolkata, India",558.4600216724853,1
tomato,11.74588287298998,31.725007392609925,51.53823550405791,0.0,34.18978877407662,"Haryana, India",655.0557912304062,1
tomato,11.432065917183307,33.580493328862765,59.510449587188916,0.0,67.156455071822,"Maharashtra, India",527.2244399597649,1
cotton,11.785711920520935,27.211342611798038,65.7223536669228,16.36416245748952,22.74604718901616,"Punjab, India",190.51564419788474,1
maize,22.30353096016703,32.7310638305631,68.98420411277165,0.0,29.199210717872976,"Malda, West Bengal",830.6395586647959,1
cotton,35.8456344874337,22.16961018268055,72.84956605387556,21.21818837667097,73.47961759694681,"Kolkata, India",0.0,0
cotton,20.914696175169215,28.74385174624708,83.55978921806415,27.552069745705978,23.959760180111104,"Maharashtra, India",204.2607221672772,1
tomato,1.6418900539240004,28.877559999763967,74.35457416828164,0.0,35.521910595332834,"Haryana, India",615.7142667499813,1
cotton,21.778247015113937,29.176143204095666,71.56797175739055,21.590875436624952,47.33680295423286,"Kolkata, India",83.27767809622503,0
maize,27.97058261551514,14.857812721638997,56.466596635576344,0.0,25.708569725450694,"Haryana, India",588.781894580443,1
wheat,6.883250523054208,25.569069444983043,78.78079951103172,0.0,25.34701570691103,"Malda, West Bengal",458.95015365265573,1
maize,24.99518453959271,24.29514328456265,68.90776654419501,22.999347160225007,45.236151867918124,"Kolkata, India",72.30303713146395,0
tomato,40.78932105520195,22.07446790948414,44.32401047064818,7.271123791448478,71.1546063644027,"Haryana, India",60.11402161293341,0
cotton,45.47596090244142,30.798059764228967,62.344845214416566,16.516152025208818,74.38567874907602,"Maharashtra, India",57.980597642289695,0
cotton,34.2790331784346,27.4814354050388,63.576574358533854,9.330914043945038,32.46823247011913,"Maharashtra, India",176.51860207121535,1
cotton,26.859268485561607,31.30210346926909,52.12632444778136,11.796261093865347,74.44478586552427,"Haryana, India",63.02103469269093,0
tomato,49.39258465468935,21.52185830264014,83.78042035449381,14.011370427378969,36.96382819951633,"Maharashtra, India",75.61583967221907,0
tomato,45.120397086420546,20.983119218345287,80.54157622745451,14.856022062741548,71.16799536586373,"Kolkata, India",0.0,0
wheat,4.504461437230681,18.313441714272436,69.7873632768965,9.14159511873794,48.910623493535475,"Punjab, India",0.0,0
tomato,24.485021182645436,23.573957217738624,56.654587813736384,0.0,74.33432176680446,"Haryana, India",437.1656149596476,1
tomato,26.544512103002113,20.550900329178443,69.39578618145939,8.552943479562622,72.02230045880134,"Malda, West Bengal",0.0,0
wheat,24.392690616910176,33.4496786653535,77.08273113655508,0.0,30.969326414140355,"Kolkata, India",507.4687111018591,1
maize,7.733293592992746,23.74236173830447,56.789441364682496,0.0,26.829088497040804,"Malda, West Bengal",714.0171215646666,1
maize,48.86660544919074,33.0661941833216,63.17937926123544,3.298124709771949,67.01840667554178,"Kolkata, India",473.8219005279401,1
wheat,33.58142891979607,24.63586789578354,68.76998684106977,0.0,37.32224292798538,"Kolkata, India",408.8726323009038,1
cotton,14.653895801064879,22.5899370068468,54.40436533930315,0.0,54.579088984967,"Punjab, India",477.9024829375589,1
rice,8.947589381386262,26.27475946814075,51.314682230291005,0.0,61.3792378445555,"Haryana, India",668.3404143319851,1
wheat,43.36430810573471,28.25711758920173,56.29975759853325,18.117602379820116,58.4066696566216,"Punjab, India",22.799823124412114,0
wheat,11.891570868834934,29.596428792540603,67.5780121419305,0.0,55.66280506176772,"Malda, West Bengal",382.17500154778423,1
tomato,30.123232612157814,25.117045372570953,81.71611692660366,2.8357436930239306,60.331425237567316,"Maharashtra, India",319.0476540805807,1
tomato,29.301569304240438,23.494564082302265,61.56714862854266,0.0,36.61322007421736,"Punjab, India",549.4342064602993,1
tomato,27.622767150009302,20.055297404684726,79.10953330708031,19.555792752168635,28.904543225177804,"Kolkata, India",91.72647332138854,1
tomato,32.598932496856094,27.256251257940253,68.25029109782605,11.581089182179692,53.820263933505764,"Maharashtra, India",61.127603508361915,0
cotton,20.22735834946768,24.55527249192125,82.16758238361086,0.0,79.7964666284384,"Malda, West Bengal",495.5527249192125,1
tomato,22.436351052663543,22.524655486210612,56.31168295069155,0.0,57.714144148334,"Punjab, India",448.19205292603374,1
tomato,23.45014825053347,24.076690606628787,89.47454832346205,8.186846770417818,77.06075085952179,"Kolkata, India",32.347876938768195,0
wheat,27.90516799963545,23.748809658891872,52.829829595466066,0.0,49.289731500546324,"Haryana, India",360.7274830649155,1
cotton,20.886967456573984,27.820477021255616,66.70269314382523,22.478372736117997,43.73038538113611,"Maharashtra, India",87.7314122139669,0
rice,34.78336889774659,22.657327802669712,75.16694151606258,18.170978632394803,76.77481185042183,"Maharashtra, India",0.0,0
tomato,16.201199833666422,31.311199687879693,80.85432057763356,0.0,36.402243395215955,"Kolkata, India",639.064435712908,1
maize,7.133937602007851,26.38962617367651,63.802673178219194,9.063235626299226,29.825547370822576,"Maharashtra, India",282.6960290624413,1
maize,18.697042233065865,18.896100339121645,72.98762482264652,0.0,73.81536446136656,"Punjab, India",482.8571037303381,1
rice,25.439940970712158,26.20736517478815,58.3555368511862,5.64007838304183,46.91829437100037,"Kolkata, India",474.318862425504,1
rice,5.001838866295478,22.135871235639403,86.6221642753444,40.74236775866877,74.06506545264087,"Malda, West Bengal",0.0,0
tomato,16.283736309059453,25.942166056932223,31.440097732756357,0.0,21.077377146986894,"Punjab, India",648.3937263826583,1
rice,20.844419497267083,13.933583144389269,74.45570993912416,0.0,39.39094232921257,"Malda, West Bengal",610.2094327483123,1
wheat,19.650351591191182,24.834323818665542,64.45229610825244,0.0,42.29180515121486,"Haryana, India",393.17156753781273,1
tomato,38.85570513031461,22.71810643949494,62.88314245361153,4.080649461337527,42.72892361658792,"Malda, West Bengal",310.3399343444119,1
wheat,24.24480083865103,20.464089841614566,78.02669187565755,0.0,40.19327524815731,"Kolkata, India",365.3708273977503,1
wheat,28.081620284222716,37.35738143786726,70.4754486585368,7.607741045077022,54.973872105972916,"Maharashtra, India",86.61571875885198,0
wheat,43.343064941377264,24.14087107137776,83.50233051837019,3.6970134636458356,78.13783658242667,"Kolkata, India",159.13542431735257,1
wheat,2.607253996260346,25.779419961641043,43.715547440951305,18.279022591274718,54.39302705416189,"Haryana, India",7.613461120032127,0
cotton,23.409864628435987,28.78434158414493,39.80588123966193,0.0,42.25688465781002,"Haryana, India",606.3814226824998,1
cotton,37.86138186126759,31.082630601745468,68.76002448063767,0.0,61.89356074578028,"Kolkata, India",560.8263060174546,1
rice,5.593437833801277,28.65913087740557,62.44572347018135,0.0,73.69615585355953,"Maharashtra, India",643.9095705288669,1
maize,35.49738286103925,27.123490917840268,64.33147142448483,4.718263243642556,40.139531016691635,"Maharashtra, India",451.3169051284225,1
maize,37.073163389646815,19.17116675376306,44.498546378091476,0.0,31.65351012995887,"Punjab, India",623.6135626940722,1
tomato,25.51726547732655,25.854915862808898,64.4751254488305,6.3338399267716285,73.23792019545199,"Kolkata, India",141.00224642669872,1
maize,8.919077216895058,26.78897451412858,62.49629124298489,0.0,64.86729600450374,"Maharashtra, India",569.6787196554144,1
rice,44.156904592122764,21.70870938768386,50.02659092397563,13.341950195849122,32.82959683474945,"Haryana, India",168.84629976445422,1
maize,28.233903153056108,28.658988445657343,79.99320052087909,0.0,20.959961680814125,"Malda, West Bengal",820.6822590618244,1
rice,7.1255150842246024,18.070192841549478,62.37853460279419,0.0,78.68173837719017,"Maharashtra, India",516.8423140985938,1
maize,22.678131484769306,27.927287490484655,61.85091641194518,0.0,55.8060818914154,"Maharashtra, India",606.6171604342379,1
tomato,19.492235355226086,31.175610828857867,82.35055735507584,0.0,62.28439944264985,"Malda, West Bengal",506.6705318300976,1
cotton,35.78472362096801,34.44808046771981,73.37102216685389,3.922691970171843,52.08466742643265,"Haryana, India",415.6772987109656,1
maize,1.4373865041202811,28.89582899131227,66.22711825258746,0.0,25.892311837542437,"Haryana, India",795.062953038645,1
wheat,13.141772181903058,21.336583175624924,67.01982900784668,8.571118195460777,69.70794729497041,"Haryana, India",0.0,0
rice,42.54248665761725,31.86342808623206,56.26884034707814,0.0,47.572292611558794,"Punjab, India",835.3990961813865,1
tomato,39.18102574811539,30.287231940882755,77.05012571246638,0.0,62.82173955938576,"Malda, West Bengal",497.5850874679448,1
wheat,22.38091376647085,28.126877906282544,55.469053954381344,0.0,65.14445857155114,"Malda, West Bengal",371.8881453439778,1
rice,41.19622461000345,33.4928396492548,57.50442801931749,0.0,33.273826288038606,"Punjab, India",959.7002585747898,1
cotton,27.611529981661345,29.310035646906936,70.71077983372426,0.0,38.668711421087835,"Punjab, India",631.7956429571339,1
wheat,14.734891117365633,22.417057791308636,58.056071960100816,0.0,62.9095795124048,"Punjab, India",331.91940453916044,1
wheat,35.94620650540686,19.734499701492766,65.99108778536201,0.0,45.34727421735237,"Kolkata, India",343.36818801542023,1
tomato,26.52275399957341,22.126235083962936,51.65459447567296,0.0,67.36054709581555,"Punjab, India",424.1361157556664,1
rice,10.594166375783477,29.27829327048637,58.53751762092645,0.0,27.522253557358514,"Maharashtra, India",928.0138687118028,1
tomato,10.775147177291473,16.280975765535768,70.90424927965422,0.0,33.69728397626994,"Malda, West Bengal",478.5391618839707,1
rice,41.271669165626086,24.79373270789482,57.558576954683744,0.0,46.54101362194031,"Maharashtra, India",737.6980521716079,1
rice,44.41035874665134,33.22792496302878,79.52776566876555,0.0,27.201599498706116,"Kolkata, India",997.7825459075846,1
tomato,47.64955876595102,34.70511834448107,68.50232808895713,0.0,32.29075845445829,"Malda, West Bengal",699.674235841952,1
rice,21.974741676705637,29.3219242717489,33.92334539650786,0.0,26.01527264824859,"Malda, West Bengal",938.5832946588303,1
rice,48.17408060034465,32.72376516618948,60.24213274808841,0.0,53.98664296570832,"Punjab, India",803.6073333106498,1
rice,12.386942801764311,26.449032294287605,70.79103415691824,0.0,28.655977924338746,"Kolkata, India",872.6415787650235,1
rice,7.199111092138349,27.244643827829034,64.43285567388237,0.0,55.012142856054254,"Maharashtra, India",720.8999569212878,1
wheat,6.593271435347694,37.39839347421156,74.4761435498031,8.872653281108752,47.44465574462269,"Kolkata, India",119.78964837709191,1
cotton,49.78721903147761,30.640255636960855,59.039917868237524,0.0,72.5771753258592,"Haryana, India",556.4025563696085,1
maize,18.590944162278554,24.551399054497757,47.058479875323954,0.0,30.69904160402956,"Punjab, India",704.7747726368518,1
maize,21.38127642880759,33.70066686069805,84.56911570940966,0.0,25.220281427665988,"Kolkata, India",870.2825295442539,1
tomato,23.872669438610277,32.05995934943132,75.79828227542988,0.0,35.81343338789021,"Maharashtra, India",650.5857306905408,1
rice,7.325801673334093,24.581851575805388,58.35974557739862,28.97279828355214,38.237099521290524,"Punjab, India",183.96582896795883,1
wheat,23.803552561756423,24.446201821099734,60.70063330153196,0.0,56.452908503243854,"Punjab, India",346.1234127476981,1
wheat,33.811673163392385,19.58416129321438,71.44223387670202,8.39739677398396,72.22653293848263,"Malda, West Bengal",0.0,0
rice,49.920064906474316,24.637012675908025,64.5375610229321,0.0,75.31976570993925,"Haryana, India",595.6441521108964,1
wheat,17.690851803248645,19.25981448139659,86.11490012554077,7.871565918173053,25.482708620436252,"Kolkata, India",51.268790201473394,1
tomato,25.79154865906099,20.414700080062207,67.75306135804242,0.0,32.66516817961735,"Punjab, India",530.6768952361195,1
rice,38.876112987131435,33.45680080619999,83.77799314768193,10.949120576945038,50.16531244787619,"Punjab, India",293.162266341674,1
tomato,30.06994690747718,25.095087610283038,73.7130691856773,4.066232439064103,28.316153114221386,"Malda, West Bengal",401.6640189533044,1
maize,27.905542778915162,24.804938944065604,75.76251392022115,10.304355346185408,41.404563061588114,"Malda, West Bengal",134.512467224592,1
wheat,19.203478110791963,40.0,51.01148535005519,0.0,53.83435636489302,"Punjab, India",460.3036785397368,1
rice,9.135650179682967,31.1234596321686,52.897344445806574,5.5480256412201925,57.4308404836941,"Punjab, India",480.7311995318555,1
cotton,23.348849183212803,26.530949734166615,60.27165303077906,12.104241126667928,29.321454684812707,"Malda, West Bengal",147.63348013000973,1
wheat,20.335166466740922,32.266208153855345,47.758068342640364,0.0,76.22532922417943,"Haryana, India",400.8634570769874,1
wheat,38.24519798639412,30.87340566264016,52.12853404470096,0.0,79.32543440689074,"Punjab, India",391.1138396384811,1
tomato,0.5754327472248991,29.722566112142214,76.13993589391693,0.0,25.14341136489086,"Kolkata, India",676.4854502270773,1
cotton,45.519603338817504,28.486423325631293,56.27216572146325,0.0,62.15868322214527,"Maharashtra, India",534.8642332563129,1
wheat,18.401251558047175,25.378606703520457,65.87084273696472,0.0,32.80736524001861,"Malda, West Bengal",430.91262820480176,1
wheat,0.9981384178185801,36.890389383758205,65.63446728665338,15.81887284709954,46.30426004726049,"Maharashtra, India",120.90551690215403,1
tomato,35.6740646629137,29.791537131374838,52.900464321895704,0.0,40.90594509324215,"Haryana, India",599.6092656940248,1
wheat,29.892563102663253,32.644941925407714,58.64004882538854,5.436031003707193,25.8342781457349,"Haryana, India",249.40098726761374,1
maize,16.763159880186663,21.08351030310073,66.5758263511626,4.689715178481081,44.119521047198745,"Malda, West Bengal",352.9339581084089,1
rice,29.364208750524643,30.53339515851403,50.97830842605637,0.0,40.59790431580691,"Haryana, India",862.3365256764166,1
cotton,11.183970016433989,30.170742118854722,71.41852672880158,0.0,70.76622918886378,"Kolkata, India",551.7074211885472,1
maize,45.77388254213875,28.384253585862215,67.70813526749191,0.0,65.29399040432608,"Kolkata, India",587.2267894444844,1
tomato,36.01653797951522,21.819356621558065,56.638751440157414,0.0,30.753598622836797,"Punjab, India",555.1453574715899,1
cotton,27.812122705100055,25.393238071167463,66.40080514215816,23.376668524881154,26.915153657782575,"Maharashtra, India",145.46101550322658,1
maize,43.652015979137644,22.59642484446521,80.28874385522653,5.0100587895665845,74.94640153956621,"Kolkata, India",273.0577338107881,1
maize,22.584463733465842,25.692957245669216,62.238796866005444,3.641596443633543,79.62870878210265,"Haryana, India",375.5427075206842,1
wheat,8.42262475322059,27.432662205400774,84.9005711078776,0.0,75.34346623343197,"Kolkata, India",367.0286354378054,1
tomato,3.2282500334179876,25.978332680226153,70.48667305092633,18.198609271924,23.23204333763784,"Kolkata, India",188.9683403786296,1
cotton,2.4955285140501413,27.20895684313001,63.5941606705443,0.0,72.59646412771153,"Kolkata, India",522.0895684313001,1
tomato,27.37871058429231,34.39215349330418,65.34080410582317,0.0,67.38754930315842,"Punjab, India",534.5293814397376,1
cotton,3.968071276467706,31.161549431270572,74.52709354291466,2.6575188014196356,33.75440118871635,"Kolkata, India",548.0581290254089,1
maize,4.849150085998969,18.949039223180165,56.91619853268243,0.0,26.607916300126952,"Maharashtra, India",644.8699310446198,1
tomato,29.593658683380266,29.37920188421983,62.227423315600674,0.0,24.21389387966467,"Kolkata, India",676.7899274250326,1
maize,47.96704521296755,26.74534870544452,40.36379120556754,0.0,72.20691768926045,"Haryana, India",569.1988357598897,1
cotton,49.27737625460314,31.529512784147478,58.16513077581238,0.0,52.29303023678989,"Haryana, India",580.5974960250436,1
tomato,12.685041771587317,24.324414661030218,77.14653980480287,0.0,29.704311783952726,"Malda, West Bengal",589.506263168868,1
maize,46.163611882559515,25.01830538752016,86.42407597295205,7.661040473899259,44.075490971269915,"Kolkata, India",254.7662006997465,1
wheat,36.29556403876991,23.42705509471779,45.80146451108399,0.0,73.90350501365297,"Haryana, India",338.98938566302456,1
maize,8.47134093983817,30.385520734086903,45.36702242626174,0.0,57.472105212075896,"Haryana, India",624.6416926858735,1
wheat,46.85432620637198,20.24262660749207,61.61948172663081,3.0460642758901235,39.439550027936335,"Haryana, India",213.67486641308295,1
cotton,49.6660270236473,31.017524312082077,28.714788596020426,0.0,30.844038226867774,"Haryana, India",695.4909607116367,1
cotton,41.56457197423792,28.53449032701966,58.92459571027934,0.0,67.11197834319886,"Maharashtra, India",535.3449032701966,1
wheat,43.30910631980965,26.392319467242075,75.38132549353435,0.0,71.59000885077444,"Malda, West Bengal",359.7462362706945,1
wheat,49.645173846678716,22.24309938306721,87.8451076772451,0.0,51.30080195080619,"Malda, West Bengal",342.9350063567703,1
cotton,39.89533258608127,33.92070062023232,78.01186958077767,9.729637535388731,65.99745633277477,"Kolkata, India",102.72512943288655,1
wheat,43.28530653950165,31.30108902567914,60.06689617044091,4.207809252001587,26.607004624608322,"Maharashtra, India",295.6161198031683,1
rice,28.194263199988885,26.2636356412176,68.03829570374853,0.0,62.09834668855137,"Malda, West Bengal",663.7717248531699,1
tomato,49.91811681661248,37.57162520074853,92.05564307575362,22.03744065070649,21.72307961255126,"Kolkata, India",342.77766294591504,1
wheat,6.44766518957176,25.361680074271664,53.88437657511733,26.84099642317476,59.53029294596972,"Maharashtra, India",2.5317605199016384,0
maize,1.2331069153506526,22.92222583151133,44.82927548972073,0.0,70.27036473853133,"Haryana, India",527.1444841466246,1
tomato,19.138592353946937,22.557908618552666,51.05678740916259,0.0,75.92996689654996,"Haryana, India",428.021177566974,1
maize,18.628759150263328,34.43163645780621,72.96409658567647,0.0,52.04336413264378,"Malda, West Bengal",705.7643489684126,1
tomato,41.11766266759014,21.27570033154754,76.15794200989696,0.0,64.98684461096173,"Malda, West Bengal",416.4813029839279,1
rice,11.490638262831581,26.605388239507143,66.57403461978649,7.244377701937299,60.445375985272925,"Punjab, India",316.21418358872177,1
maize,1.4941980955987493,17.581010917823306,56.355942545894,14.330518124263257,22.34536933450051,"Haryana, India",94.76206643822252,1
maize,32.58739070187425,22.3147002558614,49.281644361958904,4.643471173271155,71.87009769760711,"Haryana, India",288.2881441509177,1
cotton,36.87616616109071,30.113576528553125,86.76918757396649,14.2201104533963,28.1950643131116,"Maharashtra, India",198.86735271775797,1
maize,10.166101041027991,15.58966655794836,60.43462646078371,9.005928566664329,30.909812521997143,"Punjab, India",126.07361488665299,1
tomato,18.408464313741487,27.940731621453004,85.68145940106294,0.0,28.810139248524553,"Kolkata, India",636.9875134697957,1
cotton,28.509934127925625,25.282307813689957,83.0765078327888,0.0,23.02544470168292,"Haryana, India",663.5985213084825,1
rice,37.39956607683915,26.076651548918292,80.16852572918941,5.033746665314726,34.67217038293339,"Kolkata, India",577.7637545209393,1
tomato,26.030239964785753,20.488634189671973,73.63558245724505,0.0,51.21816953040977,"Maharashtra, India",455.5852630369455,1
rice,27.312147683685595,20.066271927858175,65.18429317232267,10.360943745542839,55.91601421001972,"Malda, West Bengal",98.9136038698773,0
tomato,44.62039813490697,24.346073749025017,53.04429199137459,0.0,46.23424658598057,"Haryana, India",516.3532598208743,1
tomato,38.80652158353408,29.149180812151137,50.74628669241925,6.484019074672733,46.868544063317884,"Haryana, India",239.32042162425512,1
cotton,22.98258701542457,38.600539544110845,50.90657048547699,9.218280080976474,35.3209735120584,"Malda, West Bengal",300.25106162587815,1
cotton,0.6366026010114089,15.22357357794299,72.19031671831758,0.0,22.44243041675127,"Punjab, India",533.1939153445103,1
tomato,44.35073910697288,28.153790025712645,50.72952769668152,0.0,40.407932650607066,"Haryana, India",584.0690500525319,1
wheat,45.28438199737235,26.10937709815203,53.50749480809718,14.127256980268166,60.69957078519546,"Maharashtra, India",7.765639687064208,0
wheat,28.8816659797613,29.37549346405715,67.83438683342692,0.0,61.272941895556386,"Haryana, India",380.62845424840003,1
rice,34.7238624588254,20.922372326872818,81.12145685436545,0.0,42.047979175336295,"Malda, West Bengal",705.103240834319,1
tomato,16.142495931179916,33.4432484764372,65.96360098566987,4.250802838892509,60.0186958865954,"Malda, West Bengal",326.5004868993873,1
maize,46.6708440947571,34.74592424697428,51.866100382124294,0.0,53.28483741005609,"Haryana, India",701.3375622112566,1
maize,1.735118281152014,27.992865058371233,65.96951623264088,3.618341956418368,66.32702586692683,"Kolkata, India",402.0044178211651,1
rice,42.21725159156086,27.494116438612874,63.678491098651385,0.0,63.26525652186753,"Maharashtra, India",672.3535262623874,1
cotton,49.492410907942144,27.3144995870332,86.20189460406847,10.432182287533443,58.31519301406715,"Kolkata, India",23.14499587033208,0
rice,30.31109670245135,33.22396167987702,50.90642518821062,0.0,37.46890806917986,"Maharashtra, India",925.9782261566797,1
maize,26.1280773564614,27.849972536137603,60.865122189668234,5.602565153565879,49.81130949848044,"Haryana, India",360.4533616695163,1
rice,32.3281083393822,34.88944323721325,59.65503068618082,0.0,46.3196183334131,"Kolkata, India",888.8579036853512,1
cotton,3.6401097029278664,33.962599900199606,53.41185474912578,2.8702910226411094,24.600886233693217,"Maharashtra, India",625.3525261022804,1
cotton,10.1884593395649,28.378144081099926,100.0,0.0,38.47577224149255,"Kolkata, India",621.9847018232514,1
wheat,49.989573904723464,29.43803683780561,65.63014126491515,0.0,41.73735665852158,"Kolkata, India",431.6057165399448,1
rice,17.86740385039559,23.129213291109796,58.62774301954098,0.0,35.44322381654887,"Maharashtra, India",777.133413683693,1
cotton,7.363949244483308,23.94205781515036,47.062062423874906,0.0,25.27742519017921,"Haryana, India",634.8889756272417,1
tomato,28.44593016437324,22.915432458227205,71.95548723392237,13.528172341032146,64.13966518941442,"Malda, West Bengal",0.0,0
cotton,11.25089860588198,21.22680911953156,54.6521495610322,11.654506800556613,60.36732163486006,"Punjab, India",0.0,0
tomato,35.202804353931505,20.25535204498595,70.44800300494296,10.496996289119041,79.98850887042589,"Malda, West Bengal",0.0,0
maize,4.880149244871282,23.84662435752482,81.4295973691828,8.796254312491303,24.291124146872942,"Malda, West Bengal",289.3685372611983,1
rice,5.810419329004484,29.705770243338605,57.3484699477016,0.0,52.579321426717854,"Kolkata, India",770.830639661626,1
wheat,1.1081369847194091,32.403331283360394,34.0725316899313,9.445905402251954,60.39679044803454,"Malda, West Bengal",51.82331898352277,0
tomato,4.848920299213685,23.897328660996557,50.04237430329361,0.0,28.08930136063478,"Punjab, India",591.5091696230884,1
wheat,10.739512412906887,26.573802349905712,82.20167078819256,0.0,22.790668896047976,"Kolkata, India",477.2976537817925,1
maize,33.83944015414107,22.46699166639416,73.24201395363731,11.957155178028627,44.4903433238622,"Malda, West Bengal",53.11855019177119,0
cotton,8.958632727295155,14.623755162778354,53.046047450245055,0.0,43.24478821530101,"Maharashtra, India",442.81611499213545,1
rice,32.4276910465302,32.36296557107913,74.0018106521428,0.0,70.05106078473945,"Malda, West Bengal",688.3555868529495,1
maize,7.339552870523535,20.56223864794581,51.35895791111518,12.446030205305696,78.05218857068789,"Haryana, India",0.0,0
maize,49.2483258089771,30.575781687523737,68.49099930277507,3.2545480142776952,62.151203054746176,"Malda, West Bengal",448.6061978488764,1
tomato,13.096886223021064,27.613736249195775,60.935109732236924,2.0039093225103892,67.54842503922656,"Maharashtra, India",373.32816011724253,1
rice,1.647216143002081,27.586879395897544,72.54256784680146,4.425473126840373,35.74957511028932,"Punjab, India",625.9036519607675,1
cotton,19.809771628335238,31.67922995181842,56.380691413746405,0.0,58.27721790352553,"Haryana, India",566.7922995181842,1
cotton,3.560620704950016,35.62018921919375,64.12659137551725,6.049819038832407,39.78822460256126,"Haryana, India",395.9250105455783,1
rice,10.1356405241921,32.34365599160451,62.50800815646053,0.0,59.99396565708398,"Punjab, India",756.977782843297,1
maize,47.830188452238005,18.455732275898157,60.403085147921495,0.0,43.25297830021148,"Haryana, India",558.0660050893931,1
wheat,36.33076877637237,31.573960974802336,45.8820249095654,8.270257050185098,38.64800528080373,"Malda, West Bengal",110.77452460089518,1
maize,33.65957180168749,33.62382986297071,80.4579350548266,2.8185751124628013,32.31884637767274,"Kolkata, India",682.4386493098053,1
maize,40.11326861087645,24.080343554620228,63.42280925591808,0.0,53.29308777536884,"Punjab, India",576.0933102801362,1
cotton,36.01956357304438,35.069726778539746,65.34421938958094,0.0,37.34439415989638,"Kolkata, India",706.7540096778589,1
wheat,36.771753836833426,28.361217305163702,86.5700164694328,12.994310096060468,25.237092399527892,"Malda, West Bengal",134.70146974330692,1
cotton,18.717874766391486,25.265604144523657,77.9890784879277,0.0,51.30500591004012,"Malda, West Bengal",521.2291524694643,1
rice,5.188966106674547,27.854717748145372,52.38911168757236,0.0,61.70363098502184,"Haryana, India",686.8768820922801,1
maize,19.634629351126744,24.609277268040522,42.69232346852603,6.97934548172911,63.60994704744076,"Maharashtra, India",196.73477586199022,1
cotton,9.511675408433847,32.75015574270003,70.5382715987948,0.0,77.45476265519639,"Kolkata, India",577.5015574270003,1
cotton,36.52988391187183,14.56282072509738,29.415228835969852,0.0,67.3111200890619,"Haryana, India",395.6282072509738,1
maize,9.065855883937823,21.748850289308436,71.61318073940956,14.931321225372674,21.739500729052676,"Malda, West Bengal",160.98713194768095,1
rice,18.45214937844051,36.0389085890651,70.27110953138911,0.0,77.06009490057447,"Malda, West Bengal",732.4669030687812,1
rice,40.03097285761562,19.39777070462784,44.85510541965752,0.0,75.76262659246274,"Punjab, India",532.773248455534,1
rice,38.905098481280135,23.957439036251646,76.32591308921872,0.0,67.0712456131881,"Maharashtra, India",604.6953861563596,1
wheat,27.069433814007407,30.44956883277443,80.65197205837529,18.172796666535096,68.85254040052467,"Kolkata, India",38.14698182942101,0
rice,6.653655318419849,26.794740519819925,56.661336081022455,0.0,59.77473096644536,"Malda, West Bengal",685.0907049984365,1
tomato,49.32035390340034,23.495803142987878,65.37638850843959,0.0,37.44930376211134,"Malda, West Bengal",545.7990552881599,1
cotton,15.540730869309611,30.033350787299472,61.4313338026737,4.0117145350449785,72.73788324331656,"Malda, West Bengal",349.7477811207458,1
cotton,38.76300484238629,26.684838724985372,53.898938767469,0.0,36.24852819048894,"Maharashtra, India",613.7650668829227,1
maize,33.532463491446315,28.97177759913138,62.6010353368041,0.0,42.46222637644623,"Malda, West Bengal",697.8094835258244,1
rice,8.71222403607227,19.792175024897396,61.620634325569384,13.10069239988739,77.4149808008421,"Maharashtra, India",0.0,0
maize,37.84731673558337,28.015165383047226,50.21552466444395,0.0,62.7236946594727,"Haryana, India",583.1668192135195,1
maize,39.41675659697206,29.341966852953934,62.715032656335396,0.0,26.57150869410038,"Malda, West Bengal",797.5843316963334,1
cotton,46.591331041514586,33.40742123442584,70.33137462190112,15.022525694837446,76.81024316824863,"Malda, West Bengal",84.0742123442584,0
rice,32.50919999190141,20.409941459822008,51.86738562255962,0.0,52.42532078183354,"Haryana, India",640.6871160545148,1
tomato,28.564352370215065,24.300157475704477,62.333751863632834,0.0,65.42971092932578,"Haryana, India",443.7014172813403,1
maize,28.46556376062252,30.057735144153625,65.96556788538956,3.6292363922480044,24.918375137199202,"Kolkata, India",636.6398960867803,1
maize,0.648554694198299,26.374232452456972,67.1940368466758,0.0,32.2766754380071,"Haryana, India",721.7856542213273,1
maize,31.435431356773407,20.54104167149212,74.46908733177068,7.224975740730899,34.02721545868953,"Punjab, India",269.813714293124,1
cotton,25.584345700540396,27.14395014816061,51.514741307251086,4.4936523402447275,58.01324478479425,"Punjab, India",296.75688446936977,1
rice,38.55712510726127,23.74704226451021,64.37682183785348,0.0,51.61927422814064,"Malda, West Bengal",692.4852291005066,1
cotton,23.853270693157377,25.84126665018289,62.73108231287688,0.0,78.83323547874241,"Punjab, India",508.41266650182894,1
rice,0.7906100970681689,27.682483914179688,65.1960699862572,18.742898898201556,73.74122045933672,"Kolkata, India",32.18980697015627,0
wheat,39.44561256844423,34.89084274121946,69.49337261967068,10.815987162854684,38.04267629897562,"Punjab, India",140.3270876848366,1
tomato,40.94313484740663,24.61396988907711,65.71355844534826,11.027125067570179,53.57798145720389,"Kolkata, India",36.36483734158065,0
rice,21.372962141760624,33.53006360587844,73.90382902867472,4.234679193036977,35.158384556245764,"Haryana, India",735.3406397852314,1
wheat,23.30590510241078,26.1565566961472,64.59965472127794,15.908943315517,29.99005162427474,"Kolkata, India",97.65549581656569,1
rice,34.823973331724105,22.79543025802903,70.91004395542751,0.0,65.20991225517209,"Malda, West Bengal",601.0184796648799,1
rice,24.67329574949426,27.73837026125652,72.76548546928666,0.0,29.420144681460375,"Maharashtra, India",889.6742953275617,1
tomato,32.804620610764076,23.627531470009732,70.96952426196331,0.0,45.598119478715425,"Kolkata, India",511.61848865568743,1
wheat,44.5624248329939,22.928676361079336,54.4086054291605,0.0,26.052755736734277,"Haryana, India",432.6189516562975,1
cotton,40.08657733045136,22.71516312227791,50.95993543762413,0.0,55.32815412892544,"Punjab, India",477.1516312227791,1
cotton,2.737209291653736,29.52381950864507,69.39469487283898,2.7680067667792683,68.126278151655,"Punjab, India",406.83785674748725,1
cotton,34.24056277396516,24.754335928672166,88.8679364082651,17.849248250447083,47.22593835370444,"Kolkata, India",36.22268675472117,0
cotton,22.16610776462063,24.14650664734458,70.09116042339241,0.0,54.49334736763981,"Kolkata, India",493.9550871698642,1
rice,24.859779431470933,17.179082988305566,62.979615561644565,0.0,37.5446879065841,"Punjab, India",670.4212321236124,1
wheat,9.081198183191113,18.104845547219572,40.31573398599075,0.0,79.90977948814712,"Haryana, India",301.733918830537,1
rice,6.9321784796916734,18.27393470545205,46.04675771290924,13.020119828659416,52.29263436045175,"Maharashtra, India",11.23930260438965,0
cotton,16.135974186929243,21.62990607507968,58.433260352461815,7.295743764290309,62.6020019483078,"Kolkata, India",101.51187253628132,1
rice,1.4194919903735235,13.291857641181185,59.12943061518993,3.4364106819115996,50.59525368109363,"Maharashtra, India",376.8470116314098,1
maize,43.94111556000163,27.484071134575323,54.6798642490365,0.0,41.24178327571546,"Haryana, India",685.6206163809928,1
rice,39.07765604719569,30.5829013930615,83.09552436916651,6.569220204608512,25.115478525319332,"Malda, West Bengal",637.9112382305437,1
rice,42.185249350677104,30.02891915112434,42.338306354932755,5.450427296829719,59.39234671264217,"Haryana, India",457.8729883879867,1
maize,40.04325104954681,20.342606180624696,83.2907867398902,0.0,50.55374396212587,"Malda, West Bengal",545.8836334016058,1
tomato,22.90963804429302,25.654143715003357,72.95249167367278,23.184538708406464,69.50143718307098,"Maharashtra, India",5.8872934350301875,0
wheat,24.855303167841697,27.274516835367837,70.93229563000492,0.0,63.074507235546264,"Haryana, India",365.92161784757485,1
wheat,7.828369906721083,40.0,71.46955773064133,2.7851866751296908,30.004016666951777,"Maharashtra, India",429.47239040888485,1
rice,9.88614847929687,29.74477914290798,49.469837583277545,7.067124103975659,75.73072158201421,"Punjab, India",303.5811445161129,1
tomato,13.145876382828996,35.42267615198384,84.91347953336998,0.0,52.84803900635215,"Kolkata, India",596.2918435694233,1
maize,3.1918968814787276,20.064291055664167,73.2508063095762,0.0,77.63241629490682,"Haryana, India",495.7072016123059,1
cotton,14.036166186754874,25.79814543866714,45.54705812378174,0.0,54.37869557957326,"Haryana, India",511.13756561772385,1
wheat,3.614413897004757,29.679036881580956,57.17791864627017,0.0,26.402746599068237,"Haryana, India",492.2101773105692,1
wheat,29.54463315568841,34.26898026036125,81.25776514830616,0.0,46.41138782670133,"Kolkata, India",450.51554179794834,1
tomato,5.564858686808672,24.346323228335937,72.99318868787115,0.0,68.4203688707502,"Kolkata, India",444.1169090550234,1
rice,25.547952159061982,18.226842639068515,42.26549609448091,0.0,23.61442981143022,"Punjab, India",759.334320860595,1
rice,11.738458705274521,16.294650924560823,47.51194196507851,0.0,35.55076212243938,"Punjab, India",666.2441214272528,1
maize,3.244391184535436,28.15564161226239,62.83950961455259,0.0,21.218763687302395,"Haryana, India",811.4706225938895,1
tomato,4.169688170380519,29.77184362966105,65.69490710407642,0.0,72.516092231937,"Malda, West Bengal",492.94659266694947,1
cotton,2.0171417582639766,34.399208046900945,72.60039276386689,16.452925341799606,27.152754086330663,"Kolkata, India",259.4025158249352,1
tomato,23.575740290270616,17.47645397022529,78.8617011495321,0.0,49.74917893323705,"Malda, West Bengal",431.0329555032718,1
maize,31.516158057775584,21.23089556678201,77.39244853800135,0.0,39.743564846072445,"Kolkata, India",611.551896431819,1
rice,38.33358348141418,26.78215433902236,63.24515684954373,0.0,48.840750115130035,"Haryana, India",752.8664372566216,1
wheat,35.07520181070669,21.900094723177226,35.66206719698255,15.956565273003232,64.23219508557519,"Haryana, India",0.0,0
tomato,16.754802034479635,25.580090161801376,60.124095096853594,0.0,29.369284951850375,"Maharashtra, India",606.0387213396446,1
maize,45.37889284260637,30.286612938435567,60.636131808995756,6.943875254386328,25.14606828100697,"Kolkata, India",472.92412115984405,1
tomato,17.620935583145304,26.469392199083476,68.38800489848792,3.9510857622777205,53.82936681416181,"Maharashtra, India",305.8347414829317,1
cotton,1.8363015918824968,30.827357103846463,71.51280275071431,0.0,71.55336823410784,"Punjab, India",558.2735710384646,1
wheat,43.29450417998264,18.113932712095988,75.25659849098722,0.0,73.66422335626413,"Kolkata, India",301.7975289846719,1
maize,14.483613389662029,29.58828145164824,65.83694725421448,0.0,34.04976510042419,"Malda, West Bengal",756.2947558759179,1
tomato,34.45009333787634,31.206915887016017,53.34664836406648,5.619626463781017,60.43830870356688,"Maharashtra, India",235.3102376296182,1
wheat,3.3036102094882565,35.3567324423625,40.901844449883995,0.0,72.8831237892692,"Haryana, India",422.49712709653755,1
cotton,46.67237277869329,22.800302155683625,71.43199680710303,0.0,25.822845291866955,"Malda, West Bengal",617.470702666025,1
cotton,9.971562560362184,31.8833266946684,52.500412523384156,8.019675330089553,22.837341985096057,"Malda, West Bengal",350.8013987652739,1
cotton,44.61581637374496,23.039681638587588,65.6735470991618,10.480886283442308,61.374098987199126,"Haryana, India",0.0,0
wheat,9.054780748099429,31.828838106540456,65.80099058582175,17.9206506173631,47.39028355286089,"Haryana, India",78.07346082656346,0
tomato,30.0379847444502,26.5542311395443,69.01881768559255,0.0,70.17467527136256,"Malda, West Bengal",463.98808025589875,1
maize,41.31882735043884,24.408599484807684,64.62008452013238,5.459644959040995,49.68687359995356,"Punjab, India",326.5636308718048,1
cotton,36.2877107584417,23.35295583715079,67.68535643912152,2.2442556381249195,57.5710173247297,"Haryana, India",371.3167764652619,1
tomato,44.512454457459086,31.928041906877628,64.56347708899108,9.223249890665546,32.826064692188844,"Maharashtra, India",214.3874901089531,1
tomato,17.05819182533096,23.190732279947873,70.5021839397384,6.622734729151486,64.89696900554202,"Kolkata, India",102.57985406195655,1
rice,37.46338842719871,31.187192762823404,66.81661842257678,0.0,48.54498162382369,"Punjab, India",818.9059835417372,1
rice,34.12809524588269,28.45835691418882,70.19464440613507,0.0,20.85376225837685,"Maharashtra, India",956.773537152018,1
maize,31.73419497821294,26.703867997908333,61.79593987031822,4.429856469357013,53.350176001562915,"Haryana, India",385.07010295383753,1
maize,18.9983844913935,27.438712074483227,43.98312996994483,0.0,72.21102115834407,"Haryana, India",576.8258328193156,1
cotton,41.928630656267416,38.16879705810582,71.54896492882266,0.0,25.50108985734115,"Maharashtra, India",818.0290374047498,1
cotton,8.869952169573756,34.25713302282506,65.4250026547041,15.126853583505351,44.34943978318931,"Maharashtra, India",155.68349658176658,1
wheat,31.52608227190648,24.934892349433497,76.31800661386745,0.0,30.47049280683442,"Malda, West Bengal",435.28572752131095,1
tomato,48.9233964848142,28.584773427626914,82.83164572781286,6.2348088371942945,45.14075699111097,"Malda, West Bengal",254.23971830450654,1
cotton,41.719138416745466,32.3730226079618,47.4864675513749,0.0,59.06529064270032,"Malda, West Bengal",573.730226079618,1
cotton,42.213138735966595,24.959941240255425,37.673664365370925,0.0,79.8113688170414,"Haryana, India",499.5994124025542,1
rice,1.729245245655838,19.342387031971576,48.08686155744729,0.0,35.85373498865804,"Haryana, India",713.8038722431621,1
maize,35.50560440196666,35.310359408343835,66.743956373779,0.0,32.96105467635292,"Maharashtra, India",842.7940896458706,1
wheat,30.511404997921716,17.007158215202182,59.173691216347336,0.0,49.19481344883628,"Haryana, India",311.12026480106016,1
rice,13.554692322998251,24.331236389858564,80.91781954490673,18.57205945222853,31.080460861534874,"Kolkata, India",222.36871492917987,1
tomato,18.067757719197928,29.28880601972336,85.34777597694422,0.0,28.724454983350334,"Malda, West Bengal",653.6263152232497,1
tomato,30.604222618422234,28.389254254444783,66.0514948542929,0.0,64.01010097376823,"Malda, West Bengal",480.50328829000307,1
cotton,17.692893995650984,31.096450463614673,69.67271379996743,0.0,66.60840681945783,"Maharashtra, India",560.9645046361468,1
wheat,14.087016113224026,24.93077076029335,66.75261645279058,2.3595532328521327,28.50053146317974,"Malda, West Bengal",324.1574558941573,1
rice,39.26394751756743,26.936782995191873,61.32518736850345,0.0,52.443336381192395,"Haryana, India",732.6617913610535,1
tomato,44.927151184358195,10.706543007970595,83.63113402971804,0.0,51.11419886974149,"Kolkata, India",357.94817086813515,1
cotton,9.435929497275868,18.268381563412724,62.72085672727738,10.993311011661328,56.531104225844636,"Malda, West Bengal",0.0,0
rice,1.1588349629168595,23.870182711503574,43.13334431297163,0.0,42.92243514120448,"Punjab, India",745.2364575818739,1
rice,26.451047579057985,28.001911167035598,44.099093039183245,0.0,68.47512209914959,"Haryana, India",645.7215071694011,1
tomato,6.017724716778955,36.48464522484645,73.94690900665854,17.726096384817453,33.32027087866396,"Kolkata, India",264.83128337404014,1
tomato,47.05778372989549,18.871824564915002,82.14784933665959,3.4319348959457496,54.71983310587925,"Maharashtra, India",253.96938682276382,1
tomato,17.10381724088778,34.0500187944749,79.70579239136447,14.360219481926983,74.37184906493965,"Kolkata, India",81.45016915027406,0
wheat,22.814761457077665,38.52987837082768,68.82882122595565,17.200001299218904,50.75043860516213,"Maharashtra, India",113.6073368938329,1
tomato,19.914910639170085,24.009677213673058,82.7232038177348,0.0,26.162438040778362,"Kolkata, India",601.3673913348543,1
tomato,5.240274742575665,20.72090857424704,75.35518803460984,0.0,22.75490817617634,"Maharashtra, India",575.034531027912,1
maize,38.31650493995288,22.719507512594852,57.177453148463115,0.0,37.56738888667468,"Maharashtra, India",642.6666296389825,1
maize,43.953634930941156,30.121220273766276,67.6923429488339,2.0868139600352396,51.02122586470769,"Malda, West Bengal",556.4340335686497,1
cotton,49.36138194637769,24.219670784986494,49.04719336670932,0.0,34.23872054608705,"Haryana, India",594.3830418295349,1
wheat,5.935427885424291,15.724925715239596,42.21159909730855,0.0,47.95700203386605,"Punjab, India",305.1522698355144,1
tomato,24.863949584810523,23.40118324378043,66.9689962007112,0.0,29.15976166611351,"Malda, West Bengal",580.8442778431016,1
maize,31.942240037488187,24.229608030324542,53.02478677829629,0.0,66.37397497633287,"Maharashtra, India",541.52568833357,1
maize,30.842344583891155,26.763523314284456,52.582193036527535,0.0,54.25694611655764,"Haryana, India",602.0996338521127,1
maize,27.154788518190095,22.164821821697828,50.46389927468941,0.0,74.02599364648461,"Haryana, India",518.8130400386761,1
cotton,47.65679250885103,30.770255009075523,69.20403073039053,12.299692741165277,73.45242386764312,"Kolkata, India",57.70255009075515,0
cotton,44.2863827278695,31.688462181620178,67.49771796265684,0.0,31.10841991843685,"Malda, West Bengal",702.3223152074861,1
maize,27.300997554522354,33.87313143486246,69.81578791097616,3.4674377866062818,71.54265576704935,"Maharashtra, India",474.23255645317295,1
cotton,21.95996242549435,21.548631678612487,76.68943174640435,12.993240344976114,53.51184764486164,"Kolkata, India",0.0,0
cotton,25.786090550497093,19.1102991172058,56.98815867471435,0.0,25.736377048352466,"Malda, West Bengal",570.185707337088,1
rice,11.92794450715805,31.10241761963644,52.60828116886182,3.877334242770442,73.25431069926557,"Maharashtra, India",479.3622992971151,1
cotton,4.4963500897726005,21.379601306243977,33.99336102915744,2.8955994514976764,30.77685827344013,"Haryana, India",431.362006053805,1
cotton,40.92534628542422,29.026866971434515,70.70050897470112,0.0,76.82199873154346,"Haryana, India",540.2686697143452,1
wheat,8.610986704801624,16.129448438606232,68.93415956689334,0.0,56.69854003015834,"Punjab, India",287.9061390702436,1
cotton,24.511945345945676,22.288510805246904,64.4244409452924,0.0,58.094484348554175,"Kolkata, India",472.88510805246904,1
rice,33.16595749055818,30.711981923199467,59.721949355857646,8.107259862911983,26.011124259948208,"Maharashtra, India",557.2656839389905,1
wheat,34.05905725446294,18.54844488922921,78.64157112284053,0.0,53.10117196250744,"Malda, West Bengal",310.6274847947452,1
cotton,49.35965830962628,28.168921481682794,56.94366708377456,0.0,27.513555975994016,"Kolkata, India",677.8316732291324,1
wheat,1.7077194803918339,26.649510393450747,61.9800422573122,0.0,79.58238023200308,"Maharashtra, India",361.54657275415525,1
rice,36.74264506462745,23.936957128260417,62.17110094866911,0.0,63.06803806755764,"Haryana, India",627.9509804074448,1
rice,43.255292654077834,31.36273255972324,67.90065035876678,7.239823136037032,46.03534934794099,"Haryana, India",476.4472173855311,1
maize,1.1216546514321193,23.480690859437395,70.84434950895341,6.495549644600541,60.59933913926932,"Kolkata, India",208.51011722378428,1
tomato,44.26340416566139,22.214109540389057,50.81997371822368,29.26925176194785,47.28886827792551,"Haryana, India",39.56318940583958,0
maize,36.799392904704966,22.270802925239533,89.81658177805272,0.0,42.047105630802875,"Kolkata, India",613.3300826606703,1
rice,23.29299088774222,33.80958835606447,71.74160462247913,0.0,47.37264525695633,"Maharashtra, India",865.3997104357785,1
tomato,49.17595442776021,22.342512915267363,62.9450746791685,0.0,30.77943773615854,"Malda, West Bengal",561.2384178163974,1
wheat,49.41385105886435,26.841765521949654,41.108784720211794,0.0,49.020662991343286,"Haryana, India",384.59091575621244,1
maize,16.078248130811915,19.83808998258655,47.179367187603354,0.0,47.81459763432032,"Haryana, India",553.3197082605526,1
tomato,48.394629958106016,26.095416576816127,68.10486247629271,11.474211462088597,25.380116405846977,"Punjab, India",180.55778158870066,1
tomato,42.66893805306552,24.30326864757487,63.841205245311684,0.0,50.49444252124401,"Haryana, India",497.00160813568453,1
maize,49.79053069974107,25.73667468515789,43.13752421136229,0.0,37.85081005552229,"Maharashtra, India",681.7188084595377,1
maize,33.739015136933745,37.458434495892526,73.40779372341814,8.462980186965481,41.421118645312475,"Maharashtra, India",391.5386329574018,1
tomato,2.9563847418836375,28.54831529982791,73.58641822884049,0.0,69.49409646362801,"Kolkata, India",481.9348376984512,1
cotton,20.306088137188123,27.747732553913412,50.85746883971358,13.799800876439427,69.24603326838789,"Maharashtra, India",27.477325539134085,0
tomato,43.98018947950599,23.931111359907415,63.7446163973533,0.0,23.680315932755118,"Malda, West Bengal",611.3341278037371,1
rice,47.222371688360425,25.629761629070682,78.88815815677613,3.9614586082232104,42.65276327654763,"Malda, West Bengal",575.6342983203469,1
cotton,38.04704043903936,28.399727400984652,58.137597733312106,0.0,27.14763179510557,"Haryana, India",682.728160971168,1
maize,17.8350504938406,17.894811253840402,51.844833169151634,0.0,25.793049918864323,"Haryana, India",633.2459971952286,1
wheat,7.2580568203592035,25.763194403164515,65.83776549401887,3.6219298530187958,78.67079874470203,"Maharashtra, India",174.2458681712118,1
maize,17.943569355391567,33.15809631489046,52.07152860304829,18.639879340859423,47.991427802408936,"Maharashtra, India",166.5625862956948,1
wheat,24.17451610607888,29.257740676322623,66.09159611748392,0.0,35.81865879669885,"Punjab, India",452.6557213125526,1
cotton,8.444904832654506,17.1829326362918,49.1223137770243,0.0,48.6616100416575,"Punjab, India",448.566514026449,1
rice,36.98420994200566,23.047377150802884,51.00061272895733,0.0,63.09724928971459,"Haryana, India",616.3676138202413,1
maize,30.9231330646318,24.40084098408267,44.36893776501511,13.413511569283273,52.47898289852322,"Punjab, India",34.27915351045772,0
cotton,14.132615812957429,29.34361628086984,53.617852272207266,0.0,54.78371907191688,"Punjab, India",544.6115115851603,1
maize,5.155186885304719,28.024006819698926,75.3417885495355,0.0,75.11570786605444,"Malda, West Bengal",583.2640750166881,1
tomato,34.48954060869126,28.820017468197786,60.236587343194856,4.273281115326808,73.89550399122975,"Maharashtra, India",270.71610144743966,1
cotton,41.91025274901336,32.43551331023176,78.6783042717656,21.15990133355619,64.9797190075025,"Maharashtra, India",74.35513310231772,0
cotton,28.674064876463646,30.677770694056534,72.25708366997416,0.0,50.43696629952334,"Maharashtra, India",582.1836613450045,1
tomato,42.801304441350986,23.409900469971923,44.79303612622863,0.0,74.90877544148609,"Punjab, India",435.68910422974733,1
tomato,16.667327672958816,28.30716424691626,43.987636783830354,0.0,58.21867046434336,"Punjab, India",500.30477652996433,1
maize,31.78626656280191,21.97998511433516,47.72909246125466,0.0,64.33587088922685,"Punjab, India",516.7798362576867,1
rice,15.650563763550073,18.390412566901745,38.632378120918204,0.0,40.50964188464147,"Punjab, India",674.2368074473512,1
maize,15.205403756201573,19.53395376106114,68.90471701842006,0.0,52.25822132771452,"Malda, West Bengal",527.7984128478648,1
wheat,32.2735455566295,28.33135629886619,40.67714408066887,3.279952463786363,59.26035877768343,"Haryana, India",209.3218709027452,1
wheat,38.03743829830447,21.856378843775133,72.94691060309549,0.0,24.973308268719336,"Kolkata, India",426.48059492945555,1
maize,14.210354865111626,33.8566219022669,70.09954349043196,0.0,70.48524151648,"Malda, West Bengal",647.4228409249359,1
rice,21.667896978126553,26.37235229359732,68.57884477977257,0.0,79.5311962147425,"Haryana, India",616.4682275231679,1
maize,38.01261655297364,20.031854553174785,72.13045622074387,10.163206619442802,21.090069255630016,"Malda, West Bengal",179.93056672778562,1
tomato,47.35253279056897,34.06447454173361,69.38323585374025,8.933679478428935,54.13762196516818,"Maharashtra, India",129.34904876335656,1
cotton,8.216464077758893,26.16971091332958,82.63433634219652,0.0,73.00951491186487,"Malda, West Bengal",511.6971091332958,1
maize,3.8126915949029567,34.063896601022726,79.32695533622052,3.618208730625697,28.741082083196403,"Maharashtra, India",671.882510606739,1
rice,34.82847416692471,16.30372177041239,68.37023006370931,0.0,25.364352871952462,"Punjab, India",716.8788632472506,1
rice,37.87673044679592,32.42952460332644,87.79448592270114,0.0,35.44564566048175,"Malda, West Bengal",927.2871123631282,1
tomato,43.376651085726465,25.67266841923362,87.04986176883385,0.0,37.868286779942444,"Kolkata, India",568.3879330668892,1
tomato,45.68322602894912,19.61011808715075,84.38047167947494,0.0,74.16528024997513,"Kolkata, India",401.4910627843567,1
wheat,16.392022021820864,23.150775859158752,55.805763440908876,4.362705811145188,44.21750771066728,"Malda, West Bengal",155.26311631672556,1
tomato,45.377807069321335,29.58282611387243,60.496975930026764,0.0,31.8220438332271,"Punjab, India",641.9494942530488,1
tomato,30.78669888050415,28.506870058412524,66.50334942713067,0.0,24.543545255825364,"Punjab, India",664.3456287944239,1
wheat,11.161637059631268,27.394706238547244,47.9628931261058,0.0,46.34240066503177,"Maharashtra, India",398.51580984189985,1
cotton,11.455009246479419,28.522198187363355,41.5233661909967,0.0,60.31145403654505,"Haryana, India",535.2219818736336,1
wheat,40.411155734869595,31.80813889613415,77.55521799299312,0.0,20.474642453298042,"Malda, West Bengal",534.9494637595608,1
tomato,6.646326180803236,23.182028325368105,64.4775924567729,0.0,50.96998197099555,"Punjab, India",483.6368239022077,1
rice,19.52137226710823,28.982629398312877,77.40232447216492,0.0,76.35335102289054,"Malda, West Bengal",647.7915527797545,1
maize,40.029666861376654,21.913389466825503,76.22093760659122,0.0,58.67766079662712,"Maharashtra, India",522.8711796811398,1
maize,39.37686316335027,29.254094983714744,54.35233543040293,0.0,27.0176229107689,"Haryana, India",793.6322369535246,1
tomato,2.7634870132947014,30.947299820235948,79.7746392414038,0.0,58.62766197972965,"Kolkata, India",523.0239154424063,1
wheat,32.684803274191204,30.583558007679454,89.0711395867398,4.444452459655181,75.53687504058985,"Kolkata, India",166.86228307099717,1
wheat,49.84157629539931,32.83560194528979,61.63275781539795,9.550723838143409,20.450323266464334,"Haryana, India",194.72330817997306,1
cotton,16.462780099972292,37.271713113144514,49.16217630168422,0.0,66.30538185361992,"Punjab, India",622.7171311314451,1
maize,45.80094613280042,20.205980728146194,67.40673914335724,18.11032025353462,45.02778135037279,"Punjab, India",21.71750906019838,0
cotton,2.6005369943874777,25.1697464695086,78.04581462119786,8.488465373669804,43.73539645236797,"Kolkata, India",133.78842641801845,1
maize,14.87031440117903,24.506999202283023,42.78424509338477,0.0,56.07766459397097,"Haryana, India",565.9371273650235,1
rice,5.373782151229388,37.204735300577454,84.98789471966612,19.487652146517995,56.92592751246065,"Kolkata, India",244.04912981348298,1
wheat,23.781019635684142,24.09518372208873,61.56774395836851,0.0,28.748180748996887,"Kolkata, India",433.8849382963155,1
rice,49.63780612814116,30.35257579653484,67.96429820582016,7.540130375414823,77.63110802200691,"Malda, West Bengal",287.224390787677,1
tomato,45.999009084466955,26.9887869648822,69.30298355076246,15.118496109119665,78.70306786752339,"Punjab, India",17.899082683939753,0
wheat,28.88681785436739,22.96983918483319,71.57343865293934,0.0,55.24597153306351,"Maharashtra, India",335.78887429383235,1
rice,15.64640252212179,26.88166641085941,49.49091268945861,0.0,40.2807312628283,"Punjab, India",807.6062193219078,1
rice,17.688600852283063,28.26765516636271,69.90336922405248,0.0,71.1043843499293,"Malda, West Bengal",639.2118619963526,1
tomato,26.54311878304946,29.297874501678905,46.177394008960604,0.0,64.54681152906267,"Haryana, India",488.6808705151101,1
cotton,40.672718864696826,23.617842576097964,56.02227545443391,0.0,59.458137372010974,"Maharashtra, India",486.1784257609796,1
tomato,0.544983948787942,22.350763878442642,79.31657155610692,0.0,29.78765164726086,"Kolkata, India",565.5627963543759,1
wheat,48.53801359657244,23.87893520232239,72.02645317098305,0.0,51.13876118868838,"Malda, West Bengal",355.36387333237224,1
maize,22.614798965481658,27.489485877302368,46.70526201122296,2.807039559923746,79.81514000424764,"Haryana, India",437.03236665413874,1
maize,17.864446473306216,18.32619495819587,78.34260832876548,0.0,20.02461895024321,"Kolkata, India",667.106071358047,1
cotton,33.30892949971668,32.73648450093915,55.24047769119066,0.0,75.12481608797749,"Haryana, India",577.3648450093915,1
rice,20.664337507339887,30.75511189100537,57.86359753173763,10.322201967606253,63.58018806672713,"Punjab, India",195.9037242308127,1
cotton,17.501288657480416,28.36296289960384,81.5921567727258,0.0,63.93545076470407,"Malda, West Bengal",533.6296289960384,1
cotton,9.106442044673795,21.28733953098441,54.479825156781885,16.651511818199598,44.72201863702761,"Punjab, India",10.447436613947445,0
cotton,48.347013664644564,29.82498596963959,69.04659957773366,7.118699353765467,43.77700136404773,"Malda, West Bengal",253.84496628345937,1
cotton,29.420240897270634,28.84485945949259,53.40275329265561,0.0,20.42261321112845,"Punjab, India",724.6300478072562,1
rice,3.0239822447158646,31.353258135835553,59.587237500528104,14.623547208263657,44.46744096489405,"Punjab, India",248.9002444508808,1
tomato,15.546170965591521,31.089332494193954,62.158546688204225,0.0,32.58606777846712,"Maharashtra, India",655.8107166001562,1
cotton,26.52435795336793,25.432141289491838,59.20467296220045,0.0,37.68543725326906,"Malda, West Bengal",591.6424603758092,1
maize,10.095324067252163,29.185798717754974,65.73660182334683,0.0,67.35138133223842,"Malda, West Bengal",596.0437858953047,1
rice,23.24215592634816,22.374625314967492,69.71365703253167,6.998438805277202,29.519782653675854,"Haryana, India",448.70177904981625,1
tomato,15.222548160462885,19.562654693934807,77.08515527247337,0.0,50.72880086285896,"Maharashtra, India",448.27392166878957,1
wheat,6.585521962803636,23.41646198763007,76.01956591483818,7.599408111181536,40.38195483642524,"Malda, West Bengal",38.458015873107854,0
tomato,39.87629106524283,25.18593716376949,54.7740240978635,9.085977671203938,26.701318666753306,"Malda, West Bengal",163.36656794817668,1
cotton,16.58123301859867,23.87087542166173,53.23584680720763,0.0,45.86572527964649,"Punjab, India",533.3487544091803,1
wheat,36.06059612815726,28.874486527682183,75.60251692046617,0.0,25.908137289336217,"Kolkata, India",486.83304729073376,1
rice,43.48550858710337,25.39566473910561,55.963095835460315,0.0,60.72306048740955,"Punjab, India",660.8500808870436,1
wheat,46.11591391469027,26.859217300298962,46.7866856644652,0.0,35.45239826192643,"Maharashtra, India",433.9751539385049,1
cotton,24.654110397804985,26.108521773374697,78.4973063722324,11.687196237421087,23.37019486516357,"Kolkata, India",172.74047617588565,1
tomato,26.90531380126983,37.079788481160975,63.874629358054065,0.0,74.24779902949933,"Maharashtra, India",558.7180963304488,1
cotton,26.50589945571974,25.07558813599645,83.47761211343679,9.842475514306017,24.723805906524348,"Kolkata, India",160.24192821970126,1
rice,15.531457012988321,31.331491318367277,54.91954746187628,0.0,46.76636558743057,"Punjab, India",833.0321288451003,1
wheat,41.88145938453298,29.963402826846234,48.31975092968018,14.942719638879733,53.791981402744796,"Punjab, India",39.391596682751754,0
tomato,17.412072335865453,32.30086734982743,66.59629587313768,0.0,47.96449049209847,"Punjab, India",590.6685633441447,1
cotton,9.446664371655517,25.20035816427568,70.35662035036928,0.0,74.06720470151245,"Malda, West Bengal",502.00358164275684,1
maize,1.3392735637910704,32.54139779891494,67.89447814697382,0.0,78.89693793500493,"Maharashtra, India",632.9553757880643,1
tomato,11.514742612998758,19.16601021257508,77.3294177212022,7.146467084270259,37.25868404923895,"Kolkata, India",140.50347732507595,1
cotton,36.011125947586535,24.881974441855863,66.94760481080056,7.588851248641365,78.58248616147927,"Maharashtra, India",119.37718198649037,1
cotton,14.093511692813399,26.154978848279534,73.67900979327264,21.576378318681446,39.16853275383411,"Malda, West Bengal",92.53562569427993,0
wheat,16.708341055849175,21.83333064829659,65.1978314649914,0.0,21.849966367064624,"Punjab, India",436.5101685674152,1
cotton,12.784559530514533,35.44203592122229,81.58037391192428,0.0,40.86709672994407,"Kolkata, India",689.8425039242109,1
tomato,33.18110159044372,27.47396784227214,33.04489423988283,3.460790691276297,34.29575900397516,"Haryana, India",432.42513517033365,1
maize,7.442161069029407,29.49736017648921,54.03256669457123,0.0,31.139315796105844,"Punjab, India",772.4823831613298,1
cotton,23.775733814633128,20.56413658153275,69.55247219182057,8.03667569359617,65.74935394860893,"Haryana, India",53.807581135519,0
tomato,4.011387540160518,22.957702215395376,57.68923646665819,2.272793523007636,33.17357851482765,"Kolkata, India",444.5581447647928,1
maize,4.43165354959299,28.113334075034302,72.51417134057746,0.0,51.12271059277285,"Haryana, India",636.1119430017275,1
maize,38.868443095801815,32.681589380268235,62.292156079031955,0.0,38.654522163683026,"Punjab, India",769.9340028277564,1
tomato,47.79666245812939,30.42469240596881,93.76255803259791,8.71448816628196,43.922219310548925,"Malda, West Bengal",155.7679235664749,1
wheat,10.088864796110716,23.898950022526982,77.98855615358941,0.0,43.27524652349678,"Haryana, India",382.42561955686745,1
cotton,42.62982890191804,20.79633297516819,68.35438673058768,0.0,32.87262951532039,"Maharashtra, India",559.2985724098115,1
wheat,27.505961617158956,27.067524294584175,68.09031190153691,0.0,35.980110463402895,"Punjab, India",433.79496929898465,1
maize,19.163439141525398,25.520277468942034,81.73152117682379,5.014549256261237,54.06007306187917,"Malda, West Bengal",338.0051326218023,1
tomato,13.937443037077516,20.17936565775322,62.82509633122369,13.79443576818108,55.43317406205341,"Malda, West Bengal",0.0,0
cotton,41.88760999194126,21.490773735364275,81.53324754767735,0.0,27.222674672568104,"Malda, West Bengal",594.0466720307667,1
rice,18.230465155002907,27.910893693720553,67.6796006844239,8.957146720391954,56.2525145476193,"Kolkata, India",274.3603972642751,1
tomato,13.374638818634361,19.26080778916317,47.16639477330224,0.0,75.90915609536682,"Punjab, India",398.34727010246854,1
maize,36.93236071638359,30.505324017845666,44.23648437935055,0.0,79.05124042675791,"Punjab, India",610.5585641963023,1
wheat,30.44969792478179,25.482225754192637,44.82932190601401,0.0,30.969442378441805,"Punjab, India",438.29370271889286,1
maize,48.69326386224814,27.5242263204397,62.489718125905895,0.0,25.733622379725972,"Haryana, India",775.7461365888181,1
wheat,27.204912972412725,23.009870328766915,72.88922826390574,0.0,74.43668600396582,"Haryana, India",336.0690923013684,1
cotton,22.07438515018613,21.886522710206986,50.42035463211313,12.253008411579321,46.229001450893065,"Punjab, India",9.989389368459342,0
tomato,7.694366331090483,14.791347647155419,48.435469952089036,0.0,33.11402071230446,"Punjab, India",463.3598234253909,1
maize,13.405042602133284,23.26482872378269,57.14253176017809,0.0,50.862573837941156,"Haryana, India",579.4249099172874,1
rice,45.87235997013215,28.715558037635333,87.32079478082856,0.0,53.91484705780991,"Kolkata, India",748.2694524208783,1
maize,18.422894209551472,22.10133036237908,73.27639283670656,10.401438994910787,26.159368744906217,"Kolkata, India",173.37594700656905,1
maize,22.4742643940747,24.998441096210172,53.81432592093773,0.0,21.467819667144358,"Punjab, India",761.9032364132033,1
maize,11.230926152071444,18.607046635687333,45.71766370729604,0.0,61.38334313879953,"Haryana, India",479.67751299256065,1
wheat,19.496134580411436,30.03907308642659,90.28094402264988,0.0,37.28619258627037,"Maharashtra, India",453.5201194668067,1
cotton,26.439465495705452,19.72621389839266,65.33982627785686,9.245332128373636,78.21088479817371,"Kolkata, India",0.0,0
tomato,12.904277477839209,38.71843426710302,59.231836251319294,0.0,51.271956764699496,"Maharashtra, India",637.854908539229,1
maize,48.90450979731129,22.16419494086188,79.90330047628447,3.658606177622361,41.76519213900703,"Maharashtra, India",430.4791390615163,1
maize,9.335419733872978,29.52711104878169,54.89491516271081,0.0,33.96059214076056,"Haryana, India",755.9821267749782,1
cotton,30.062271375428253,23.301338663612864,71.18169143041533,0.0,73.97715153101504,"Maharashtra, India",483.01338663612864,1
cotton,26.510179591444622,24.09800710797826,77.26086381169098,0.0,49.10050279959634,"Maharashtra, India",519.9454266276742,1
rice,21.21103065744928,25.102603347874712,61.98666252703979,0.0,34.42340379066222,"Punjab, India",815.1288507757708,1
maize,12.057070599904613,30.761556843192643,76.92579502139371,0.0,20.26460803881862,"Kolkata, India",857.104930203414,1
cotton,29.80102101008622,29.047022177326255,90.10282740772615,11.007930442643234,39.94709199164805,"Malda, West Bengal",121.82670706932754,1
wheat,47.30366861950142,20.433381502180243,57.46158913015333,0.0,28.56157852634324,"Malda, West Bengal",402.11675275422743,1
tomato,14.04643910112875,28.260714031504865,75.76949251099565,0.0,27.12294228607169,"Malda, West Bengal",648.925088159526,1
tomato,21.221300993832727,28.43670728012524,69.84597102508584,9.894482127310878,79.61270886345454,"Maharashtra, India",30.930365521127158,0
cotton,0.592532583913349,26.786163828444955,74.65692296554288,0.0,36.95837142058332,"Haryana, India",611.2923116190121,1
cotton,42.80888895616065,31.435843740078028,51.50926376392303,6.553981961974223,24.378983516021048,"Haryana, India",409.47162944728814,1
maize,23.030785572899457,28.35945749335067,72.96594543674097,0.0,63.39752743054676,"Malda, West Bengal",586.9540324268573,1
cotton,48.087045145157944,22.528809551266068,89.42346884091492,0.0,58.21534364338575,"Kolkata, India",475.2880955126607,1
wheat,49.339606789525845,32.5926843863252,40.72479262363625,0.0,28.727898878571153,"Haryana, India",509.0644486679215,1
tomato,11.445411515982519,20.07823841438128,71.9241807081743,0.0,56.14275101871065,"Malda, West Bengal",431.49576840086445,1
rice,19.445948059215084,21.117417879100707,48.30976310780632,0.0,34.85953406174606,"Punjab, India",747.8795208060999,1
tomato,8.552501148213743,19.640655347113665,60.67207431849772,0.0,57.28465045006442,"Haryana, India",422.7193940836289,1
wheat,9.267761957786405,31.35548024018698,62.88344050631029,0.0,59.75913567349119,"Maharashtra, India",394.4883616813089,1
wheat,4.3876584898344735,18.816901950513234,43.03371595400054,4.426900843436488,41.330522445849596,"Punjab, India",127.30006252111468,1
cotton,27.7879412646379,34.072422206291265,75.11794419729436,3.86857447782661,65.24558949589172,"Kolkata, India",397.29549817158215,1
maize,32.385884646773185,24.28918576364378,66.11171810704332,0.0,61.16242193077749,"Maharashtra, India",542.1810434000815,1
maize,47.363596422885,22.583712303039754,70.47042910461924,0.0,64.77477674742607,"Kolkata, India",523.4208353334373,1
cotton,47.61168713130287,21.852323577697593,64.91222182843565,0.0,25.353500963254017,"Haryana, India",607.4239723585282,1
tomato,18.12562952814925,23.36916375704336,49.235351007612,0.0,55.806376630188446,"Haryana, India",464.4613206546052,1
maize,34.72252335849525,22.156654063965448,71.98395661681371,0.0,67.0630452903185,"Malda, West Bengal",518.7231947036199,1
tomato,2.903962167214203,24.76460991524601,79.88588097529761,13.82829867808611,76.72189348886761,"Kolkata, India",0.0,0
wheat,13.408023815123489,22.769951685081836,75.24088077900369,2.4728524414906192,50.14939971082349,"Malda, West Bengal",226.96694562307437,1
rice,11.00017411813553,27.515156494662577,74.74055584620217,0.0,37.972224800896484,"Kolkata, India",832.0151131467661,1
wheat,12.70948389414115,30.253524417994168,72.38019644828623,0.0,64.00039852716097,"Malda, West Bengal",386.7746709259592,1
maize,26.44413392436783,32.68969686241137,70.85677546760746,0.0,78.64951963340559,"Maharashtra, India",634.586665486525,1
rice,47.74696535864865,28.602602999271028,66.27098878016854,7.927072325442539,27.179706624503943,"Maharashtra, India",522.3111220534091,1
maize,10.854183153024632,21.702152305595583,47.89441353694488,0.0,53.61084177001091,"Punjab, India",546.5462938453164,1
cotton,15.351343508841225,28.39983568562507,87.97137253211478,0.0,75.13343902720825,"Kolkata, India",533.9983568562508,1
rice,17.522567420639295,24.363759617468617,53.92475292898415,10.478814664904323,67.00339117414237,"Punjab, India",86.1752474940738,0
rice,17.01431656844396,26.840298466484644,77.50567646607826,2.428173071224637,44.8091931674241,"Malda, West Bengal",657.3828014140594,1
cotton,48.416329482227226,26.50226154656619,45.0441249707523,0.0,42.93039271629522,"Haryana, India",577.1838225746324,1
wheat,32.58668199499535,29.09622668191208,77.17944675497623,3.6282972937385614,53.261210285498834,"Malda, West Bengal",203.8430594648047,1
cotton,45.65605181322293,29.631680371196868,60.70883395198302,0.0,64.02983827007643,"Malda, West Bengal",546.3168037119686,1
maize,34.89304903619574,32.85700620106309,71.83838423359597,0.0,32.68145665153503,"Kolkata, India",810.2896727224703,1
wheat,47.24700678697606,22.90119722600398,78.93702915217479,0.0,40.744575219883274,"Maharashtra, India",383.1080145573263,1
cotton,43.70331147415263,24.119941568808095,71.90650827998415,31.09545660188059,47.74878274611285,"Kolkata, India",26.817352469447883,0
wheat,1.147675262343403,26.717289305414003,66.18185966630945,0.0,54.53169790972423,"Malda, West Bengal",363.7163771658566,1
wheat,17.927027893484997,23.680041382395533,59.45821577876486,0.0,27.28869802093419,"Haryana, India",435.1894025738376,1
wheat,24.14862307710956,27.220926801925632,69.07059542382665,0.0,55.32027535934457,"Maharashtra, India",365.54648761347937,1
rice,33.66126998173119,23.677073178296045,62.57682657388619,0.0,60.124904119747576,"Punjab, India",641.8077699162409,1
tomato,11.584641149915493,24.058607206509507,67.16252818942088,0.0,64.7806105946427,"Malda, West Bengal",441.5274648585856,1
wheat,46.27049465214807,25.829057721422224,56.46054843216555,4.640724575999811,28.532296649417997,"Maharashtra, India",217.94016474517989,1
wheat,1.9697009567150172,29.991195504129294,48.39127705271003,0.0,72.56526949509,"Haryana, India",384.9383685289051,1
cotton,32.95185501117653,24.93600665064458,63.77586921375204,0.0,34.83112855822723,"Punjab, India",600.0753563516818,1
wheat,1.6762564327934923,14.23781277185261,57.38562672929442,0.0,58.07648698887041,"Haryana, India",274.6646894029683,1
wheat,16.135684964364447,35.539378074535335,85.06735509706553,7.046846947513731,55.45639245804074,"Kolkata, India",73.77564652174732,0
cotton,29.0824952795928,22.497265920837492,61.279312255325245,0.0,64.39170688183489,"Malda, West Bengal",474.9726592083749,1
tomato,22.987697094967057,24.96716636880369,70.68390016693571,12.927149105257946,44.570416063355324,"Maharashtra, India",80.33464263295116,0
cotton,16.58115811280496,26.107138316050097,84.04167914614625,0.0,26.400931647098567,"Kolkata, India",657.2330373626913,1
rice,2.27644257672089,26.01679917976505,59.68543035318647,0.0,57.97453489643041,"Punjab, India",685.8216787450305,1
wheat,3.3138078134809366,29.461808217987986,47.35297389320998,0.0,62.27995324913937,"Punjab, India",381.2326575259159,1
wheat,2.0985547780755907,34.211405444408804,67.50089568263067,2.0585028256587803,40.17817594253924,"Kolkata, India",372.98816918636265,1
maize,25.558989142966073,35.47239391888843,74.493548346112,0.0,49.43356248886167,"Kolkata, India",735.4838879719891,1
maize,45.522096993089434,29.089610796033153,52.62222256185263,0.0,32.80330896133638,"Maharashtra, India",756.8021464107053,1
maize,47.225445644585164,21.297312922132296,59.77856977320878,0.0,54.16064954297833,"Punjab, India",539.0085280342353,1
maize,22.002950610510542,24.75666489633793,58.94751906735377,14.037791406008587,20.329516990374003,"Malda, West Bengal",214.4491160921583,1
rice,45.97311604787345,18.70039729561504,57.406113812976464,0.0,71.09555600458648,"Punjab, India",524.4047675473805,1
cotton,34.228684745350606,20.489866591200194,88.03654811853508,0.0,53.2507547853577,"Malda, West Bengal",462.85595905693935,1
wheat,29.59506009501599,25.783169502258318,52.33430988628654,21.358367004921366,65.00225225243963,"Haryana, India",5.482186515808223,0
rice,24.706556594844574,27.138961284223555,48.21605957856846,0.0,66.93373161156653,"Maharashtra, India",644.8521812656712,1
wheat,28.169123945780395,29.00816468670073,50.29966413189074,0.0,48.54260578320777,"Maharashtra, India",402.4697935284276,1
wheat,35.742078107246584,31.346136149048583,71.99565553673767,3.7299783733892324,39.03435493004132,"Maharashtra, India",270.89620313122794,1
tomato,3.7710113936587217,26.558585217389403,53.91325526723435,0.0,40.5369795667785,"Haryana, India",565.9416704138812,1
maize,35.82380848303582,29.946557159501126,42.2373036568115,0.0,38.095662512961994,"Punjab, India",736.8046012494916,1
tomato,26.388843649955028,25.23446545722794,67.45335943792867,0.0,22.112087371414084,"Kolkata, India",634.708057279773,1
rice,12.617848167498249,29.41594163229687,58.10415935217892,0.0,53.62472210469555,"Haryana, India",759.9204395271857,1
rice,20.904559044825138,33.15687762364692,62.0778120560236,0.0,68.79820711914118,"Kolkata, India",706.2696340638922,1
maize,15.739577962364102,38.89447679700974,63.990770535965986,14.123652908113108,59.58660058650076,"Maharashtra, India",155.74477808281688,1
maize,18.52835273957004,20.268818464504545,47.61354975242053,0.0,43.23353272658326,"Haryana, India",581.4468010715995,1
rice,25.488374897111488,31.249042206998972,67.8365989408197,0.0,42.804081573066675,"Malda, West Bengal",858.5578300985484,1
rice,18.716829702731843,33.48264235875451,75.72094366653698,0.0,52.67135785569673,"Kolkata, India",823.4026820356296,1
rice,3.3639569149458564,29.308309286835474,68.86714414992161,0.0,59.5671716746674,"Malda, West Bengal",719.6904235334603,1
tomato,15.556647478948948,34.36853031908058,71.21037146739532,0.0,45.13231035341377,"Malda, West Bengal",627.1152517137416,1
maize,26.622179667787922,20.684499233480004,62.81233586808443,0.0,74.75491762321558,"Malda, West Bengal",502.52949156828004,1
cotton,13.157205941346904,23.00630652679311,48.84327833925799,0.0,25.846419789224875,"Punjab, India",620.0186360631232,1
maize,1.2597445507497653,26.76716022107101,82.17990078162542,15.630157847301698,75.90783211712382,"Maharashtra, India",19.43876243178113,0
wheat,3.2708790384639115,13.174312354790649,74.00586814910754,0.0,71.61359798549287,"Malda, West Bengal",267.2201864835346,1
maize,33.51203965071451,31.2873425879237,56.68555906047223,0.0,48.8614877406647,"Maharashtra, India",688.1260665678701,1
tomato,47.48708608143817,30.394040412427362,67.78771699946479,0.0,47.399588139704235,"Malda, West Bengal",573.828917946863,1
cotton,27.354143203720913,24.729610753497532,63.38487802104273,6.246769790799331,64.21793636560966,"Punjab, India",184.95761799500872,1
rice,32.434477956122,23.79204068495162,92.61436371746032,0.0,48.7793749992558,"Kolkata, India",709.7522000269889,1
tomato,16.472412560109298,28.09639856767332,59.681195418224014,3.7417868435471187,67.44886186506218,"Kolkata, India",290.7782449317039,1
maize,22.995227459627255,28.502715249475713,75.00560196159692,0.0,39.683925658175255,"Maharashtra, India",708.0960331989941,1
wheat,15.1753641640793,31.273813140213836,82.95221565926289,0.0,62.778173698796756,"Maharashtra, India",393.91669198149685,1
tomato,27.780146665210196,29.878575491280888,58.27286388996832,0.0,38.60083959231986,"Malda, West Bengal",611.9468484965275,1
cotton,17.13845264213939,28.480702184448983,75.66104666538959,0.0,70.53232810165544,"Maharashtra, India",534.8070218444898,1
cotton,19.66179860796416,20.27189233909827,87.19761639602609,12.525219204387334,43.484077674367924,"Malda, West Bengal",4.853682962126015,0
tomato,8.94065999084125,27.28371935245566,59.90417854311206,6.4836311922601695,65.03994581289396,"Kolkata, India",146.3719145590925,1
cotton,27.319709572937597,30.008905526210853,75.6720156695045,0.0,58.98704718012962,"Kolkata, India",550.0890552621084,1
rice,37.901733753118194,24.294834672405194,68.45291412362187,0.0,37.218489525277846,"Haryana, India",785.4531127684401,1
cotton,27.306539805911978,18.482864368846506,66.74271928775971,0.0,23.899195522878706,"Kolkata, India",570.063849972533,1
cotton,17.25157670920791,32.00630773017908,77.25243207783444,3.302624574733719,22.548405496834516,"Maharashtra, India",589.9264068233488,1
wheat,37.550193735844154,35.82616240310614,57.85598113523616,9.196887119288204,24.3508830115981,"Maharashtra, India",206.2819085431263,1
wheat,37.150823934325054,25.83051283191253,69.5316981253891,0.0,40.25945860623707,"Malda, West Bengal",408.262439315938,1
cotton,25.658542528861098,28.008974913845414,59.64663897990294,0.0,53.896717883953364,"Malda, West Bengal",535.9381345396953,1
tomato,17.14339172311963,21.272931628083345,71.58827777140402,2.782054512577433,45.2084691327905,"Maharashtra, India",349.3653433245735,1
rice,29.022958510562777,24.558891549556474,52.424598724526916,0.0,76.84859699213509,"Haryana, India",594.7066985946776,1
rice,3.9339298370036175,24.8905406174313,63.46111556697224,0.0,21.965269046999524,"Haryana, India",886.2639308881422,1
tomato,36.477186475383455,23.738572722397077,68.97588877967407,0.0,56.95723766460463,"Kolkata, India",462.96032376657047,1
rice,7.16614897581785,21.134805838201622,54.53626718006173,0.0,35.317791202580636,"Maharashtra, India",745.6245063274887,1
rice,3.8818534754948644,15.936623430054643,42.967312103559536,3.4340576692814895,73.79343280299565,"Haryana, India",319.5365976965812,1
rice,5.415892356467838,26.680222752188406,73.47313425711607,13.312730774143201,62.15807603661337,"Maharashtra, India",68.7953582942863,0
cotton,13.785575072610833,22.039295008284196,74.05648512785243,0.0,56.77321499075566,"Malda, West Bengal",470.39295008284194,1
tomato,4.28707371611727,25.291084308657275,61.861991289258285,0.0,51.91486547208363,"Kolkata, India",500.53016914448835,1
wheat,9.120154150426604,23.683411191449895,56.01536653866089,0.0,52.88612112933197,"Punjab, India",347.9876367390247,1
maize,47.10091771319889,24.09972545081826,55.678757274066484,0.0,61.439193054584,"Punjab, India",540.0969799590008,1
maize,10.051579327326976,31.45906766827228,92.66228286419718,12.227984962511629,66.02929235783061,"Malda, West Bengal",71.04974435099507,0
tomato,34.53069866871822,31.153896351260613,57.6221485935418,0.0,46.51202742809882,"Maharashtra, India",586.1858930815858,1
cotton,2.4556405609759304,23.06518949900435,49.214981246156995,0.0,35.818131958122876,"Haryana, India",572.8499072278155,1
tomato,1.4084770787759713,22.436690749179633,86.59538246187608,8.445567534699347,47.439303398604544,"Malda, West Bengal",68.95050465093499,0
cotton,25.089296272547738,21.037296571682518,54.67879575453386,4.055951745664151,29.04459557633037,"Punjab, India",377.0670435426616,1
rice,20.176875176710933,26.75997973621536,83.35695636213309,3.3432930533274017,78.30440759617801,"Kolkata, India",453.9551041682141,1
cotton,42.45462889678391,23.374343523887884,40.886835422851966,30.27055135719348,37.14975314762533,"Haryana, India",70.0928325611759,0
maize,8.034891433060551,23.3366119904926,60.14236422070332,0.0,44.105752876689756,"Haryana, India",616.2128780642682,1
wheat,6.098727826301463,31.235296023067583,75.64079913387368,0.0,34.979062467967395,"Kolkata, India",472.4589065755969,1
wheat,28.19069589468749,28.14127547615942,57.578530279039185,0.0,52.21599772766231,"Haryana, India",382.3451085507545,1
tomato,22.257890630773254,29.10974412412869,61.24663622667458,0.0,58.230205968077954,"Punjab, India",507.7810687448612,1
wheat,39.27274658897888,26.060606115460583,54.14149614964598,7.235724035132192,58.09601241862503,"Haryana, India",7.424242808224108,0
rice,11.615065097364097,30.862818106182885,71.61511529293631,7.865331195065333,38.65801854698859,"Kolkata, India",487.1894266005601,1
rice,5.258203792939769,30.440595294410713,68.94670119406862,0.0,52.35374326026437,"Maharashtra, India",782.6854209372026,1
tomato,31.08647288843974,30.4849560750119,66.14422433754515,5.179913983154236,43.5065975344702,"Kolkata, India",335.21523465374014,1
rice,48.47246267798337,34.669225525181474,76.81323671236909,15.72857567063317,54.030230136688125,"Kolkata, India",230.3791622492821,1
maize,48.54812669672487,36.73740896833549,69.16038162997894,5.587559742075955,73.32149396960398,"Malda, West Bengal",399.7335115478926,1
cotton,27.06932479069466,26.837793855603348,84.42101316419576,0.0,42.92917083185274,"Kolkata, India",580.9504539644955,1
rice,16.290575780583254,28.953156102256354,74.04079323926122,3.1121690336450962,22.598961167300942,"Kolkata, India",798.7216992507888,1
tomato,7.7866922891030015,28.095878018522868,63.69756395862072,0.0,49.04798074482446,"Maharashtra, India",542.1451117795117,1
maize,4.881950040666248,29.230196836767142,81.92717860873246,4.921721011387872,65.0144232375511,"Malda, West Bengal",350.446114635045,1
wheat,10.895429228751523,34.45485374626257,71.15641074539629,0.0,64.20303948908295,"Maharashtra, India",416.183976223838,1
maize,28.88905822495384,31.9558421297532,43.34257084267836,0.0,62.30655637129469,"Haryana, India",626.5142634272852,1
cotton,19.415572263467265,28.72841360531912,36.65926099133735,0.0,51.0858844019353,"Haryana, India",558.3140582283762,1
wheat,4.673717579399347,30.103342076956633,100.0,31.682558446485963,57.150272599838615,"Kolkata, India",35.723394538696425,0
rice,36.2008566306621,28.423355885381447,56.35118633224296,5.072116592431063,28.693916801965997,"Punjab, India",652.2795909533938,1
maize,49.9593479436043,27.546521401885943,63.718018578927136,11.652963409897179,64.72074178447116,"Maharashtra, India",28.01173542074548,0
wheat,0.9274811059721442,33.23910386575119,89.49339756460839,0.0,42.75251368422555,"Kolkata, India",457.60351099497126,1
cotton,11.885607469276762,23.094964832935638,36.71794012802621,11.354002772311107,73.05255215071375,"Haryana, India",0.0,0
tomato,20.261367290802326,21.111589530342034,42.53235073571656,4.1818029900797455,50.53412850743379,"Punjab, India",255.5730381865141,1
rice,43.366245995388724,30.894037713646554,81.16141738067763,0.0,42.26543842494372,"Punjab, India",856.7520482414765,1
maize,27.505966947983424,26.060125871997517,82.05573117367629,0.0,52.93008321661266,"Kolkata, India",601.3703770870462,1
rice,16.10344016680118,29.586469340451455,59.59842332771125,2.53938016034418,66.52681220330383,"Maharashtra, India",550.8193111695667,1
maize,40.40097600954229,28.066323861750497,53.446576010018646,0.0,43.06390051696377,"Kolkata, India",682.5905818926343,1
cotton,49.74725903383476,22.1221610066195,72.6973560491268,0.0,42.84763136373576,"Kolkata, India",528.4861972151787,1
maize,36.191273216239004,34.073863177811134,68.4827674709598,0.0,53.3358471745981,"Malda, West Bengal",693.1169926983421,1
cotton,38.93963509146361,23.03457954228364,85.6380035087872,4.480530459686258,68.83038056216915,"Kolkata, India",256.3192724385235,1
maize,12.321694104920022,26.644499567081695,60.8227664213847,7.886894802199153,55.64403101523139,"Malda, West Bengal",198.4905573462322,1
rice,32.58598513418761,29.9199188671666,48.94482576886759,0.0,38.956300833391715,"Haryana, India",863.6291191540217,1
wheat,3.155688946810827,25.475831810292217,97.64832748515263,3.0716092496886245,50.838871113024126,"Kolkata, India",214.4529111164103,1
tomato,48.16058429052795,20.651801848567853,63.96397421978473,0.0,51.02313303517758,"Maharashtra, India",458.02078572395095,1
cotton,31.527928868860577,35.7159024522344,67.251205982376,0.0,48.368919140654256,"Malda, West Bengal",647.4202303832354,1
maize,24.94540659906172,22.87457591620829,52.42984775958803,0.0,50.2201438827846,"Haryana, India",578.1230461329458,1
rice,8.61052286543465,37.13236144620634,72.17912665058428,0.0,65.29764228996143,"Punjab, India",780.6485680212128,1
cotton,30.31373563214567,18.546539261622605,62.30274109760339,0.0,72.31840477284177,"Malda, West Bengal",435.4653926162261,1
wheat,35.49113507807492,17.13069157836263,49.0862904157985,0.0,76.36486773464921,"Haryana, India",294.9148410485384,1
cotton,20.378585480731388,33.78009246376718,82.91023264104335,2.941599228328583,25.66912642442475,"Kolkata, India",613.1281093027806,1
tomato,40.280670014981446,27.787261356874474,74.94725003617684,34.507411433327064,26.080707868185357,"Kolkata, India",198.10807450937182,1
cotton,2.9558735065908444,25.757178486033617,53.4206905270721,0.0,50.65838747987227,"Punjab, India",529.6085850204682,1
rice,17.517915290352597,24.386534465601997,44.13507732430324,0.0,60.269075143452575,"Maharashtra, India",650.3076122844315,1
tomato,38.40902495060329,22.374661718153376,57.379719357307664,0.0,22.784317337659978,"Maharashtra, India",595.7084882564302,1
rice,12.742993471042794,26.955775148564562,70.75239597348838,10.72339693612411,69.02648676060626,"Kolkata, India",93.36901117298021,0
maize,8.597180761207216,20.07601073444373,56.65069541625241,0.0,62.46628093452463,"Malda, West Bengal",495.836118078881,1
tomato,5.73671611718105,30.518066420384226,68.89465232427175,13.512758937062266,29.93617998879404,"Kolkata, India",212.37182678897932,1
maize,6.76750682821535,17.967820717656835,57.2659462454431,0.0,60.07816203046585,"Haryana, India",472.6460278942252,1
tomato,8.681805652721264,23.788301673704566,68.66703048731117,0.0,50.75287510506578,"Punjab, India",490.67571964888725,1
maize,33.30979134224988,16.11141255495712,70.9195528662965,0.0,68.05385945998506,"Malda, West Bengal",452.22553810452825,1
maize,8.75281785642278,28.160367302353897,67.70359373268248,32.40860490134298,64.7203347465838,"Malda, West Bengal",34.76404032589289,0
wheat,15.579275203663576,31.653373989272556,72.34399526836957,0.0,65.97458805255286,"Haryana, India",396.5736179249079,1
maize,46.414509171062896,31.49850018985161,57.91622250663185,0.0,75.15169153697218,"Haryana, India",621.4835020883677,1
tomato,23.68543326296693,12.6220860554026,57.74429518352335,0.0,39.10597384501633,"Maharashtra, India",417.8106603652855,1
tomato,47.89358933612684,21.9015285414703,56.634395069066024,0.0,64.43306126953716,"Punjab, India",422.1137568732327,1
rice,18.363369493058965,31.86490566344259,64.71365822448904,0.0,60.32571763455479,"Maharashtra, India",748.3941264500169,1
rice,30.070833662516005,21.73850500450201,35.234056800042694,0.0,78.0362973406506,"Haryana, India",560.862060054024,1
tomato,16.02962256385102,25.104591121739094,44.449241562518075,11.224583195081049,45.65987820277883,"Haryana, India",76.88038763375664,0
tomato,33.37483629692405,26.502241419629986,52.77988812420368,0.0,59.086413894909406,"Punjab, India",479.34283298886623,1
tomato,29.28355411232692,33.85330771692371,49.66108043030806,7.038911456278321,42.456719435411244,"Malda, West Bengal",283.89939892359126,1
tomato,0.6177125311531444,29.246948037917917,91.19883797056653,18.767071305170393,52.18623423285479,"Kolkata, India",88.57666074936378,0
tomato,7.0603040881018355,28.74014306043963,48.18349209430719,0.0,67.44687612825291,"Haryana, India",483.66128754395663,1
maize,43.39607913989018,28.899610824142876,65.20002280675193,0.0,54.775787524780434,"Punjab, India",623.8698511860379,1
rice,26.675966219534043,31.10011085493906,54.35265344622431,0.0,65.19900728858931,"Punjab, India",705.521677058136,1
wheat,41.78232392558725,27.674529869449316,50.22565946218022,0.0,65.54470478432106,"Maharashtra, India",368.7217090861452,1
tomato,28.116252389578904,24.549807280554088,32.456423268955255,0.0,71.20127660903842,"Haryana, India",445.94826552498677,1
rice,30.062607936125545,17.237683733533466,72.61516695667339,16.45981823366629,36.61989680084328,"Kolkata, India",76.03999383264443,0
cotton,30.676555377143856,18.464483222522496,84.75312764902361,18.07625193056023,47.71546472703932,"Kolkata, India",0.0,0
wheat,44.84489307320048,35.07926411842672,49.12354295163539,0.0,34.4420494227803,"Haryana, India",507.01230680135126,1
maize,21.60371119951292,24.85294333208818,57.64211069561483,5.615996896599295,46.71764383626174,"Kolkata, India",340.42063222922525,1
tomato,32.04938886320748,19.677442960646,71.73833650289905,0.0,43.51818942446596,"Maharashtra, India",478.4222749808528,1
wheat,1.1055618547021782,30.010149676354786,64.48027612231522,0.0,44.509298274794844,"Malda, West Bengal",425.46770278243054,1
tomato,30.97072493850353,24.19479676818207,72.93701370741341,11.886819059236785,21.696616031273447,"Kolkata, India",173.41144727524284,1
rice,47.86409585025657,23.044851564564542,81.29580532873719,8.256089765597956,43.57702617070433,"Malda, West Bengal",316.07227315762293,1
tomato,49.49846869816689,20.502565589620218,52.200839573992354,0.0,67.61253654001959,"Haryana, India",409.523090306582,1
tomato,22.684208466186508,27.002939936487962,83.3184635358294,2.028605904073524,53.572788124686454,"Kolkata, India",408.37787789041636,1
maize,31.747584632536743,24.673863618390822,72.52883599095583,0.0,53.86914417728866,"Kolkata, India",579.9122623624509,1
maize,29.68768133105076,20.486929121060555,55.790832496602235,3.529076676875979,61.59773493318475,"Haryana, India",323.90238648786715,1
tomato,16.626835658159855,21.1950660484466,61.21779127460538,0.0,61.71154668893539,"Punjab, India",419.0336331862865,1
tomato,42.302249561301046,19.544097329143433,57.27917645696158,0.0,74.87447217957228,"Malda, West Bengal",400.8968759622909,1
cotton,41.87504204369225,34.08479130976888,69.92517279180628,0.0,47.9364270176449,"Kolkata, India",632.5828866540661,1
wheat,15.11320168679532,37.55371735273836,71.16203641743547,0.0,49.56831534728543,"Punjab, India",461.66006612522654,1
rice,30.93030276313968,32.12427380681265,62.69682018743205,0.0,64.74330771579972,"Haryana, India",721.5254532050499,1
rice,24.282039305758854,28.697993042910745,70.65672979305747,50.92864493359995,69.7075093963808,"Kolkata, India",46.260655522720185,0
maize,39.49209423599599,24.283864879303152,71.07405819505574,0.0,79.45790381855258,"Malda, West Bengal",542.1225136723347,1
rice,22.315481669029122,24.899727875020375,41.5060230314899,4.837081654973834,62.70417850392648,"Punjab, India",400.629792625008,1
maize,46.34411630022756,31.42499526507892,47.46627545671897,8.501466502605599,74.22807968288015,"Maharashtra, India",195.60162278558812,1
cotton,21.728154666133424,22.363226486644063,66.05498466213103,0.0,50.59299884654038,"Malda, West Bengal",494.5052442422616,1
wheat,24.89696495250155,27.420677874488614,65.7654233065481,0.0,56.78133570069518,"Kolkata, India",366.94474512142034,1
tomato,17.662905017229612,31.128131389041354,50.08996024875674,2.903479281169261,56.210707448847785,"Haryana, India",391.74977992187644,1
rice,45.20562500014378,24.58924349939742,47.17550222677924,0.0,67.51387632487712,"Haryana, India",609.8651210682033,1
rice,49.077714753136064,20.673692478696054,60.35092744590593,0.0,63.694011425787004,"Malda, West Bengal",582.6464436938857,1
cotton,35.116508057121166,31.915701138972935,82.83741480163779,7.324433109180706,37.707819069980985,"Kolkata, India",301.3550161160948,1
rice,13.666688556489607,26.345528393515046,48.05940401677716,0.0,38.70243319963758,"Haryana, India",808.9851532976937,1
tomato,30.06106885061217,29.865775811788136,59.25640512886822,0.0,63.12329852157406,"Haryana, India",493.7919823060932,1
wheat,14.023740967421077,27.526045210422588,74.1614818051929,0.0,28.44735908883225,"Malda, West Bengal",465.3116816598861,1
wheat,49.3317600391648,32.08435661592836,72.69178699392697,33.21764809803372,20.79039312303175,"Malda, West Bengal",186.2888342173885,1
tomato,3.8341327137911287,32.622967104642306,59.868788113189595,0.0,25.511438840123205,"Haryana, India",710.4318618085075,1
wheat,23.591666718363314,23.762896177091758,58.635032424024295,0.0,22.538111664354357,"Punjab, India",452.14577158328274,1
tomato,38.65222421341242,26.433647301066177,44.985017893031085,0.0,77.54743136383519,"Maharashtra, India",462.90282570959556,1
rice,49.835647088111934,27.526644084421854,34.842839275828204,10.129212386495263,52.17879857368607,"Haryana, India",236.18965822551314,1
tomato,23.91957775366169,33.752532877827726,81.1511956407971,10.285383690402107,62.513705857158904,"Maharashtra, India",78.77279590044952,0
tomato,34.38088018587745,30.534254928388464,69.81999317257888,45.601746659341636,21.397119240016252,"Kolkata, India",255.24390161294423,1
cotton,28.002671586205643,30.058591996407873,61.22254707219804,0.0,32.65306121492665,"Malda, West Bengal",673.6250184576843,1
wheat,43.83018069355969,21.36363290802244,35.33536937694747,7.539329847812583,33.87800438467981,"Haryana, India",43.09590192570653,1
tomato,31.97547356791043,18.974961258275627,74.20950721761712,16.8281048645472,67.5760018178533,"Malda, West Bengal",0.0,0
